#
# A fatal error has been detected by the Java Runtime Environment:
#
#  EXCEPTION_ACCESS_VIOLATION (0xc0000005) at pc=0x00007ffe445ec44c, pid=37564, tid=30796
#
# JRE version: OpenJDK Runtime Environment Microsoft-13877171 (21.0.11+10) (build 21.0.11+10-LTS)
# Java VM: OpenJDK 64-Bit Server VM Microsoft-13877171 (21.0.11+10-LTS, mixed mode, sharing, tiered, compressed oops, compressed class ptrs, g1 gc, windows-amd64)
# Problematic frame:
# V  [jvm.dll+0xc44c]
#
# No core dump will be written. Minidumps are not enabled by default on client versions of Windows
#
# If you would like to submit a bug report, please visit:
#   https://github.com/microsoft/openjdk/issues
#

---------------  S U M M A R Y ------------

Command Line: -Duser.language=en -XX:HeapDumpPath=MojangTricksIntelDriversForPerformance_javaw.exe_minecraft.exe.heapdump -Xms16384m -Xmx16384m -Djava.library.path=C:/Users/lazer/AppData/Roaming/PrismLauncher/instances/Ascension of the Technomancer 3/natives org.prismlauncher.EntryPoint

Host: 13th Gen Intel(R) Core(TM) i7-13700K, 24 cores, 31G,  Windows 11 , 64 bit Build 26100 (10.0.26100.8521)
Time: Thu Jul  2 20:50:10 2026 Eastern Daylight Time elapsed time: 441.524309 seconds (0d 0h 7m 21s)

---------------  T H R E A D  ---------------

Current thread (0x000002d9cddf0850):  WorkerThread "GC Thread#17"   [id=30796, stack(0x000000e496300000,0x000000e496400000) (1024K)]

Stack: [0x000000e496300000,0x000000e496400000],  sp=0x000000e4963ff6f8,  free space=1021k
Native frames: (J=compiled Java code, j=interpreted, Vv=VM code, C=native code)
V  [jvm.dll+0xc44c]  (no source info available)


siginfo: EXCEPTION_ACCESS_VIOLATION (0xc0000005), reading address 0x0000000000000100


Registers:
RAX=0x0000000000000000, RBX=0x000002da7f21a2c0, RCX=0x000002d984000000, RDX=0x000000058465aee8
RSP=0x000000e4963ff6f8, RBP=0x000000050804dc84, RSI=0x000002da7f219ca0, RDI=0x0000000000000308
R8 =0x000002d984000000, R9 =0x0000000000000000, R10=0x0000000000000082, R11=0x0000000000000007
R12=0x000002d98d5cf128, R13=0x000000050804dc58, R14=0x000002d98d5cf120, R15=0x000002da7f21a250
RIP=0x00007ffe445ec44c, EFLAGS=0x0000000000010246

XMM[0]=0x0000000000000000 0x000000050805e8b8
XMM[1]=0x0000000000000000 0x0000000000000000
XMM[2]=0x0000000000000000 0x0000000000000000
XMM[3]=0x0000000000000000 0x0000000000000000
XMM[4]=0x0000000000000000 0x0000000000000000
XMM[5]=0x0000000000000000 0x0000000000000000
XMM[6]=0x0000000000000000 0x0000000000000000
XMM[7]=0x0000000000000000 0x0000000000000000
XMM[8]=0x0000000000000000 0x0000000000000000
XMM[9]=0x0000000000000000 0x0000000000000000
XMM[10]=0x0000000000000000 0x0000000000000000
XMM[11]=0x0000000000000000 0x0000000000000000
XMM[12]=0x0000000000000000 0x0000000000000000
XMM[13]=0x0000000000000000 0x0000000000000000
XMM[14]=0x0000000000000000 0x0000000000000000
XMM[15]=0x0000000000000000 0x0000000000000000
  MXCSR=0x00001fa0


Register to memory mapping:

RAX=0x0 is null
RBX=0x000002da7f21a2c0 points into unknown readable memory: 0x000002da7f2b1070 | 70 10 2b 7f da 02 00 00
RCX=0x000002d984000000 is pointing into metadata
RDX=0x000000058465aee8 is pointing into object: [I 
{0x000000058465ae68} - klass: {type array int}
 - length: 32
RSP=0x000000e4963ff6f8 points into unknown readable memory: 0x00007ffe4494f610 | 10 f6 94 44 fe 7f 00 00
RBP=0x000000050804dc84 is pointing into object: net.minecraft.client.renderer.block.model.BakedQuad 
{0x000000050804dc58} - klass: 'net/minecraft/client/renderer/block/model/BakedQuad'
 - ---- fields (total size 6 words):
 - public 'f_111293_' 'I' @12  -1 (0xffffffff)
 - private 'flags' 'I' @16  11 (0x0000000b)
 - private 'normal' 'I' @20  32512 (0x00007f00)
 - private final 'f_111296_' 'Z' @24  true (0x01)
 - private final 'hasAmbientOcclusion' 'Z' @25  true (0x01)
 - protected 'f_111292_' '[I' @28  [I{0x000000058465ae68} (0xb08cb5cd)
 - protected final 'f_111294_' 'Lnet/minecraft/core/Direction;' @32  a 'net/minecraft/core/Direction'{0x00000004202dfa40} (0x8405bf48)
 - public 'f_111295_' 'Lnet/minecraft/client/renderer/texture/TextureAtlasSprite;' @36  a 'net/minecraft/client/renderer/texture/TextureAtlasSprite'{0x0000000434174828} (0x8682e905)
 - private 'normalFace' 'Lme/jellysquid/mods/sodium/client/model/quad/properties/ModelQuadFacing;' @40  a 'me/jellysquid/mods/sodium/client/model/quad/properties/ModelQuadFacing'{0x0000000479800378} (0x8f30006f)
RSI=0x000002da7f219ca0 points into unknown readable memory: 0x000000e493eff3c0 | c0 f3 ef 93 e4 00 00 00
RDI=0x0000000000000308 is an unknown value
R8 =0x000002d984000000 is pointing into metadata
R9 =0x0 is null
R10=0x0000000000000082 is an unknown value
R11=0x0000000000000007 is an unknown value
R12=0x000002d98d5cf128 is a pointer to class: 
com.teamabnormals.blueprint.core.endimator.interpolation.EndimationEasers$$Lambda/0x000002d98d5cf128 {0x000002d98d5cf130}
 - instance size:     2
 - klass size:        72
 - access:            final synchronized synthetic 
 - flags:             rewritten should_verify_class has_nonstatic_concrete_methods has_miranda_methods has_vanilla_constructor has_resolved_methods 
 - state:             fully_initialized
 - name:              'com/teamabnormals/blueprint/core/endimator/interpolation/EndimationEasers$$Lambda+0x000002d98d5cf128'
 - super:             'java/lang/Object'
 - sub:               
 - arrays:            null
 - methods:           Array<T>(0x000002da6fae6760)
 - method ordering:   Array<T>(0x000002d984b28678)
 - default_methods:   Array<T>(0x000002da6fae7198)
 - default vtable indices:   Array<T>(0x000002da6fae71b0)
 - local interfaces:  Array<T>(0x000002da6fae6750)
 - trans. interfaces: Array<T>(0x000002da6fae6750)
 - secondary supers: Array<T>(0x000002da6fae6750)
 - hash_slot:         58
 - bitmap:            0x0400000000000000
 - constants:         constant pool [23] {0x000002da6fae6628} for 'com/teamabnormals/blueprint/core/endimator/interpolation/EndimationEasers$$Lambda+0x000002d98d5cf128' cache=0x000002da6fae76b8
 - class loader data:  loader data: 0x000002da003f3a60 for instance a 'cpw/mods/modlauncher/TransformingClassLoader'{0x000000041ec3cdc0}
 - inner classes:     Array<T>(0x000002d984611928)
 - nest members:     Array<T>(0x000002d984611928)
 - permitted subclasses:     Array<T>(0x000002d984611928)
 - java mirror:       a 'java/lang/Class'{0x0000000471552ab0} = 'com/teamabnormals/blueprint/core/endimator/interpolation/EndimationEasers$$Lambda+0x000002d98d5cf128'
 - vtable length      7  (start addr: 0x000002d98d5cf2f8)
 - itable length      7 (start addr: 0x000002d98d5cf330)
 - ---- static fields (0 words):
 - ---- non-static fields (0 words):
 - non-static oop maps: 
R13=0x000000050804dc58 is an oop: net.minecraft.client.renderer.block.model.BakedQuad 
{0x000000050804dc58} - klass: 'net/minecraft/client/renderer/block/model/BakedQuad'
 - ---- fields (total size 6 words):
 - public 'f_111293_' 'I' @12  -1 (0xffffffff)
 - private 'flags' 'I' @16  11 (0x0000000b)
 - private 'normal' 'I' @20  32512 (0x00007f00)
 - private final 'f_111296_' 'Z' @24  true (0x01)
 - private final 'hasAmbientOcclusion' 'Z' @25  true (0x01)
 - protected 'f_111292_' '[I' @28  [I{0x000000058465ae68} (0xb08cb5cd)
 - protected final 'f_111294_' 'Lnet/minecraft/core/Direction;' @32  a 'net/minecraft/core/Direction'{0x00000004202dfa40} (0x8405bf48)
 - public 'f_111295_' 'Lnet/minecraft/client/renderer/texture/TextureAtlasSprite;' @36  a 'net/minecraft/client/renderer/texture/TextureAtlasSprite'{0x0000000434174828} (0x8682e905)
 - private 'normalFace' 'Lme/jellysquid/mods/sodium/client/model/quad/properties/ModelQuadFacing;' @40  a 'me/jellysquid/mods/sodium/client/model/quad/properties/ModelQuadFacing'{0x0000000479800378} (0x8f30006f)
R14=0x000002d98d5cf120 is pointing into metadata
R15=0x000002da7f21a250 points into unknown readable memory: 0x00007ffe450227f0 | f0 27 02 45 fe 7f 00 00

Top of Stack: (sp=0x000000e4963ff6f8)
0x000000e4963ff6f8:   00007ffe4494f610 000002da01244f20   ...D.... O$.....
0x000000e4963ff708:   000002da7f219ca0 0000000000000000   ..!.............
0x000000e4963ff718:   00007ffe44cb47c2 000000058465aee8   .G.D......e.....
0x000000e4963ff728:   00007ffe449333bc 000000050804dc74   .3.D....t.......
0x000000e4963ff738:   000000e4963ff730 0000000000000005   0.?.............
0x000000e4963ff748:   00007ffe446a3d36 000000058465aee8   6=jD......e.....
0x000000e4963ff758:   00007ffe449314ea 000000050804dc74   ...D....t.......
0x000000e4963ff768:   000000050804dc84 000002da7f219ca0   ..........!.....
0x000000e4963ff778:   0000000000000b53 000000000000000c   S...............
0x000000e4963ff788:   00007ffe45226e28 000000000000000c   (n"E............
0x000000e4963ff798:   0000000000000000 000002da7f219ca0   ..........!.....
0x000000e4963ff7a8:   00007ffe449388df 0000000000000000   ...D............
0x000000e4963ff7b8:   000000000000000f 000000050804dc58   ........X.......
0x000000e4963ff7c8:   000002da7f21a250 000002da7f21a080   P.!.......!.....
0x000000e4963ff7d8:   0000000000000000 000002da7f21a080   ..........!.....
0x000000e4963ff7e8:   0000000000000032 000002da7f219ca0   2.........!.....
0x000000e4963ff7f8:   00007ffe44938338 000002da7f219ca0   8..D......!.....
0x000000e4963ff808:   0000000000000032 000000050804d520   2....... .......
0x000000e4963ff818:   00007ffe44938b54 0000000000000000   T..D............
0x000000e4963ff828:   0000000000000000 000000e493eff5a8   ................
0x000000e4963ff838:   000000e493efebf0 0000000000000000   ................
0x000000e4963ff848:   000000e493eff5c0 000000056a000000   ...........j....
0x000000e4963ff858:   000000000000000c 000002da7f219ca0   ..........!.....
0x000000e4963ff868:   00007ffe449380ff 000002da7f219ca0   ...D......!.....
0x000000e4963ff878:   000000000009b000 00007ffe45226e28   ........(n"E....
0x000000e4963ff888:   000000e493efea90 000000056a000000   ...........j....
0x000000e4963ff898:   000000e40009b000 0000000000000006   ................
0x000000e4963ff8a8:   000002d9c9afdb98 000002da7f219ca0   ..........!.....
0x000000e4963ff8b8:   00000000000003d8 000002d9c9afd7c0   ................
0x000000e4963ff8c8:   00007ffe4493798b 0000000400000000   .y.D............
0x000000e4963ff8d8:   000002d9c9afd7b0 000002d9cd47c7d0   ..........G.....
0x000000e4963ff8e8:   000000e493efea90 00000007fa000000   ................

Instructions: (pc=0x00007ffe445ec44c)
0x00007ffe445ec34c:   45 85 c9 7e 0e 41 f6 c1 01 75 4e 41 c1 f9 03 49
0x00007ffe445ec35c:   63 c1 c3 79 44 84 c0 41 b8 0c 00 00 00 8b 05 39
0x00007ffe445ec36c:   ae c3 00 b9 10 00 00 00 41 0f 45 c8 ff c8 4c 63
0x00007ffe445ec37c:   c0 48 63 14 11 41 8b c9 48 d3 e2 41 c1 f9 10 41
0x00007ffe445ec38c:   0f b6 c1 49 8d 0c 10 49 f7 d0 48 03 c1 49 c1 e8
0x00007ffe445ec39c:   03 48 c1 e8 03 49 23 c0 c3 49 8b 00 49 8b c8 48
0x00007ffe445ec3ac:   ff a0 00 01 00 00 cc cc cc cc cc cc cc cc cc cc
0x00007ffe445ec3bc:   cc cc cc cc 8b 44 24 30 45 03 c9 44 2b 4c 24 28
0x00007ffe445ec3cc:   83 c0 0b 44 03 ca 45 03 c8 41 03 c1 c3 cc cc cc
0x00007ffe445ec3dc:   cc cc cc cc 4c 8b c2 48 8b d1 45 8b 48 08 45 85
0x00007ffe445ec3ec:   c9 7e 0e 41 f6 c1 01 75 51 41 c1 f9 03 49 63 c1
0x00007ffe445ec3fc:   c3 79 47 80 3d ab b9 c3 00 00 b8 0c 00 00 00 b9
0x00007ffe445ec40c:   10 00 00 00 0f 45 c8 8b 05 8f ad c3 00 ff c8 4c
0x00007ffe445ec41c:   63 c0 48 63 14 11 41 8b c9 48 d3 e2 41 c1 f9 10
0x00007ffe445ec42c:   41 0f b6 c1 49 8d 0c 10 49 f7 d0 48 03 c1 49 c1
0x00007ffe445ec43c:   e8 03 48 c1 e8 03 49 23 c0 c3 49 8b 00 49 8b c8
0x00007ffe445ec44c:   48 ff a0 00 01 00 00 cc cc cc cc cc cc cc cc cc
0x00007ffe445ec45c:   cc cc cc cc 48 8b 41 08 0f b7 48 2c 0f b7 40 2a
0x00007ffe445ec46c:   83 c0 48 03 c1 c3 cc cc cc cc cc cc cc cc cc cc
0x00007ffe445ec47c:   cc cc cc cc 48 89 5c 24 08 57 48 83 ec 20 0f b6
0x00007ffe445ec48c:   05 6f b6 ce 00 48 8b fa 48 8b d9 84 c0 74 4f 48
0x00007ffe445ec49c:   85 15 36 ae ce 00 74 38 48 8b ca e8 e4 57 8e 00
0x00007ffe445ec4ac:   48 8b d0 48 85 db 74 25 48 85 c0 74 20 48 8b c7
0x00007ffe445ec4bc:   f0 48 0f b1 13 74 16 48 85 05 0e ae ce 00 74 0d
0x00007ffe445ec4cc:   48 8b c8 f0 48 0f b1 13 48 3b c1 75 ea 48 8b fa
0x00007ffe445ec4dc:   48 8b c7 48 8b 5c 24 30 48 83 c4 20 5f c3 48 85
0x00007ffe445ec4ec:   3d ef ad ce 00 75 28 48 8b 15 f6 ad ce 00 33 c0
0x00007ffe445ec4fc:   48 23 d7 48 0b 15 ca ad ce 00 48 85 ff 48 0f 44
0x00007ffe445ec50c:   d0 48 8b c2 48 8b 5c 24 30 48 83 c4 20 5f c3 48
0x00007ffe445ec51c:   8b cf e8 ad 56 8e 00 48 8b d0 48 85 db 74 3b 48
0x00007ffe445ec52c:   85 c0 74 36 4c 8b c0 4c 23 05 b6 ad ce 00 4c 0b
0x00007ffe445ec53c:   05 e7 ad ce 00 74 23 48 8b c7 f0 4c 0f b1 03 74


Stack slot to memory mapping:

stack at sp + 0 slots: 0x00007ffe4494f610 jvm.dll
stack at sp + 1 slots: 0x000002da01244f20 points into unknown readable memory: 0x00007ffe45085280 | 80 52 08 45 fe 7f 00 00
stack at sp + 2 slots: 0x000002da7f219ca0 points into unknown readable memory: 0x000000e493eff3c0 | c0 f3 ef 93 e4 00 00 00
stack at sp + 3 slots: 0x0 is null
stack at sp + 4 slots: 0x00007ffe44cb47c2 jvm.dll
stack at sp + 5 slots: 0x000000058465aee8 is pointing into object: [I 
{0x000000058465ae68} - klass: {type array int}
 - length: 32
stack at sp + 6 slots: 0x00007ffe449333bc jvm.dll
stack at sp + 7 slots: 0x000000050804dc74 is pointing into object: net.minecraft.client.renderer.block.model.BakedQuad 
{0x000000050804dc58} - klass: 'net/minecraft/client/renderer/block/model/BakedQuad'
 - ---- fields (total size 6 words):
 - public 'f_111293_' 'I' @12  -1 (0xffffffff)
 - private 'flags' 'I' @16  11 (0x0000000b)
 - private 'normal' 'I' @20  32512 (0x00007f00)
 - private final 'f_111296_' 'Z' @24  true (0x01)
 - private final 'hasAmbientOcclusion' 'Z' @25  true (0x01)
 - protected 'f_111292_' '[I' @28  [I{0x000000058465ae68} (0xb08cb5cd)
 - protected final 'f_111294_' 'Lnet/minecraft/core/Direction;' @32  a 'net/minecraft/core/Direction'{0x00000004202dfa40} (0x8405bf48)
 - public 'f_111295_' 'Lnet/minecraft/client/renderer/texture/TextureAtlasSprite;' @36  a 'net/minecraft/client/renderer/texture/TextureAtlasSprite'{0x0000000434174828} (0x8682e905)
 - private 'normalFace' 'Lme/jellysquid/mods/sodium/client/model/quad/properties/ModelQuadFacing;' @40  a 'me/jellysquid/mods/sodium/client/model/quad/properties/ModelQuadFacing'{0x0000000479800378} (0x8f30006f)


---------------  P R O C E S S  ---------------

Threads class SMR info:
_java_thread_list=0x000002db489624d0, length=136, elements={
0x000002d9d303b930, 0x000002d983370680, 0x000002d9833710e0, 0x000002d983376ab0,
0x000002d983377fb0, 0x000002d983379910, 0x000002d98337ab10, 0x000002d98338a6e0,
0x000002d9833ab930, 0x000002d983528c60, 0x000002d9835398b0, 0x000002da0097e500,
0x000002da0097de70, 0x000002da0097cac0, 0x000002da0097d150, 0x000002d9cec44890,
0x000002d9cec42130, 0x000002d9cec41410, 0x000002d9cc431c30, 0x000002d9cc430880,
0x000002d9cc432950, 0x000002d9cc42f4d0, 0x000002d9cc430f10, 0x000002d9cc4301f0,
0x000002d9cc432fe0, 0x000002d9cc4315a0, 0x000002d9cc42fb60, 0x000002d9cc434390,
0x000002d9cc4322c0, 0x000002d9cc433670, 0x000002d9cc433d00, 0x000002d9cc434a20,
0x000002d9cc4350b0, 0x000002d9cc435740, 0x000002d9cc435dd0, 0x000002d9cc436460,
0x000002d9cc436af0, 0x000002d9ce063b80, 0x000002d9ce064f30, 0x000002d9ce066970,
0x000002d9cec42e50, 0x000002d9cec434e0, 0x000002da0097a360, 0x000002da0097f220,
0x000002da00979cd0, 0x000002da4b912290, 0x000002da4b913cd0, 0x000002da4b912920,
0x000002da4b912fb0, 0x000002da4b910ee0, 0x000002da4b9149f0, 0x000002da4b916ac0,
0x000002da4b917150, 0x000002da4b915080, 0x000002da4b917e70, 0x000002da4b915710,
0x000002da4b918500, 0x000002da4b915da0, 0x000002da4b916430, 0x000002da51c695b0,
0x000002da51c6a2d0, 0x000002da51c6b680, 0x000002da51c6a960, 0x000002d9cb3de4d0,
0x000002da00978290, 0x000002da5b2921e0, 0x000002d9cb3dc400, 0x000002da5be15530,
0x000002d9cd6494c0, 0x000002d9cd64c2b0, 0x000002d9cd649b50, 0x000002d9cd64d660,
0x000002d9cd64f0a0, 0x000002da49c22b40, 0x000002da49c24c10, 0x000002da49c252a0,
0x000002da49c21e20, 0x000002da49c26ce0, 0x000002da49c28720, 0x000002da49c27370,
0x000002da49c27a00, 0x000002da49c25fc0, 0x000002da49c29ad0, 0x000002da49c26650,
0x000002da49c2ae80, 0x000002da49c2cf50, 0x000002da49c2c8c0, 0x000002da49c2b510,
0x000002da49c2bba0, 0x000002da49c2a7f0, 0x000002da49c2c230, 0x000002da49c2d5e0,
0x000002da49c2a160, 0x000002da49c2dc70, 0x000002da49c2e300, 0x000002da49c2e990,
0x000002da49c2f020, 0x000002da5be14810, 0x000002da5be13460, 0x000002da5be19d60,
0x000002da5be1a3f0, 0x000002da5be1aa80, 0x000002da5be189b0, 0x000002da5be19040,
0x000002da5be15bc0, 0x000002da49fd93a0, 0x000002da7f21de40, 0x000002da7f21e4d0,
0x000002da7f21ca90, 0x000002da7f21bd70, 0x000002da7f20bd80, 0x000002d9cd9ecaa0,
0x000002da7f20e4e0, 0x000002da7f20c410, 0x000002da7f20d7c0, 0x000002da7f20b060,
0x000002da7f20eb70, 0x000002da7f20f890, 0x000002da7f20ff20, 0x000002da7f2105b0,
0x000002da7f20d130, 0x000002da7f212d10, 0x000002da7f212680, 0x000002da7f2140c0,
0x000002da7f210c40, 0x000002d9cd9ed170, 0x000002d9cd9eecb0, 0x000002da4aae7a20,
0x000002da4aae4a70, 0x000002da4aae9c30, 0x000002da7f224dd0, 0x000002da7f224740,
0x000002da7f228250, 0x000002da7f225af0, 0x000002da7f226180, 0x000002d9c983af00
}

Java Threads: ( => current thread )
  0x000002d9d303b930 JavaThread "Render thread"                     [_thread_blocked, id=27204, stack(0x000000e493700000,0x000000e493800000) (1024K)]
  0x000002d983370680 JavaThread "Reference Handler"          daemon [_thread_blocked, id=30024, stack(0x000000e493f00000,0x000000e494000000) (1024K)]
  0x000002d9833710e0 JavaThread "Finalizer"                  daemon [_thread_blocked, id=22388, stack(0x000000e494000000,0x000000e494100000) (1024K)]
  0x000002d983376ab0 JavaThread "Signal Dispatcher"          daemon [_thread_blocked, id=27860, stack(0x000000e494100000,0x000000e494200000) (1024K)]
  0x000002d983377fb0 JavaThread "Attach Listener"            daemon [_thread_blocked, id=28608, stack(0x000000e494200000,0x000000e494300000) (1024K)]
  0x000002d983379910 JavaThread "Service Thread"             daemon [_thread_blocked, id=34432, stack(0x000000e494300000,0x000000e494400000) (1024K)]
  0x000002d98337ab10 JavaThread "Monitor Deflation Thread"   daemon [_thread_blocked, id=41820, stack(0x000000e494400000,0x000000e494500000) (1024K)]
  0x000002d98338a6e0 JavaThread "C2 CompilerThread0"         daemon [_thread_blocked, id=35836, stack(0x000000e494500000,0x000000e494600000) (1024K)]
  0x000002d9833ab930 JavaThread "C1 CompilerThread0"         daemon [_thread_blocked, id=36376, stack(0x000000e494600000,0x000000e494700000) (1024K)]
  0x000002d983528c60 JavaThread "Notification Thread"        daemon [_thread_blocked, id=43440, stack(0x000000e494800000,0x000000e494900000) (1024K)]
  0x000002d9835398b0 JavaThread "Common-Cleaner"             daemon [_thread_blocked, id=42696, stack(0x000000e494900000,0x000000e494a00000) (1024K)]
  0x000002da0097e500 JavaThread "Thread-0"                   daemon [_thread_blocked, id=43024, stack(0x000000e496f00000,0x000000e497000000) (1024K)]
  0x000002da0097de70 JavaThread "JNA Cleaner"                daemon [_thread_blocked, id=38596, stack(0x000000e497000000,0x000000e497100000) (1024K)]
  0x000002da0097cac0 JavaThread "FileSystemWatchService"     daemon [_thread_in_native, id=36604, stack(0x000000e497500000,0x000000e497600000) (1024K)]
  0x000002da0097d150 JavaThread "Thread-2"                   daemon [_thread_in_native, id=38032, stack(0x000000e497600000,0x000000e497700000) (1024K)]
  0x000002d9cec44890 JavaThread "Thread-3"                   daemon [_thread_in_native, id=28376, stack(0x000000e497700000,0x000000e497800000) (1024K)]
  0x000002d9cec42130 JavaThread "Thread-4"                   daemon [_thread_in_native, id=43864, stack(0x000000e497800000,0x000000e497900000) (1024K)]
  0x000002d9cec41410 JavaThread "Thread-5"                   daemon [_thread_in_native, id=43348, stack(0x000000e497900000,0x000000e497a00000) (1024K)]
  0x000002d9cc431c30 JavaThread "Thread-6"                   daemon [_thread_in_native, id=12204, stack(0x000000e497a00000,0x000000e497b00000) (1024K)]
  0x000002d9cc430880 JavaThread "Thread-7"                   daemon [_thread_in_native, id=18828, stack(0x000000e497b00000,0x000000e497c00000) (1024K)]
  0x000002d9cc432950 JavaThread "Thread-8"                   daemon [_thread_in_native, id=24796, stack(0x000000e497c00000,0x000000e497d00000) (1024K)]
  0x000002d9cc42f4d0 JavaThread "Thread-9"                   daemon [_thread_in_native, id=41132, stack(0x000000e497d00000,0x000000e497e00000) (1024K)]
  0x000002d9cc430f10 JavaThread "Thread-10"                  daemon [_thread_in_native, id=41668, stack(0x000000e497e00000,0x000000e497f00000) (1024K)]
  0x000002d9cc4301f0 JavaThread "Thread-11"                  daemon [_thread_in_native, id=43116, stack(0x000000e497f00000,0x000000e498000000) (1024K)]
  0x000002d9cc432fe0 JavaThread "Thread-12"                  daemon [_thread_in_native, id=21228, stack(0x000000e498000000,0x000000e498100000) (1024K)]
  0x000002d9cc4315a0 JavaThread "Thread-13"                  daemon [_thread_in_native, id=43192, stack(0x000000e498100000,0x000000e498200000) (1024K)]
  0x000002d9cc42fb60 JavaThread "Thread-14"                  daemon [_thread_in_native, id=42948, stack(0x000000e498200000,0x000000e498300000) (1024K)]
  0x000002d9cc434390 JavaThread "Thread-15"                  daemon [_thread_in_native, id=38720, stack(0x000000e498300000,0x000000e498400000) (1024K)]
  0x000002d9cc4322c0 JavaThread "Thread-16"                  daemon [_thread_in_native, id=43240, stack(0x000000e498400000,0x000000e498500000) (1024K)]
  0x000002d9cc433670 JavaThread "Thread-17"                  daemon [_thread_in_native, id=7220, stack(0x000000e498500000,0x000000e498600000) (1024K)]
  0x000002d9cc433d00 JavaThread "Thread-18"                  daemon [_thread_in_native, id=1856, stack(0x000000e498600000,0x000000e498700000) (1024K)]
  0x000002d9cc434a20 JavaThread "Thread-19"                  daemon [_thread_in_native, id=37388, stack(0x000000e498700000,0x000000e498800000) (1024K)]
  0x000002d9cc4350b0 JavaThread "Thread-20"                  daemon [_thread_in_native, id=39180, stack(0x000000e498800000,0x000000e498900000) (1024K)]
  0x000002d9cc435740 JavaThread "Thread-21"                  daemon [_thread_in_native, id=34708, stack(0x000000e498900000,0x000000e498a00000) (1024K)]
  0x000002d9cc435dd0 JavaThread "Thread-22"                  daemon [_thread_in_native, id=42800, stack(0x000000e498a00000,0x000000e498b00000) (1024K)]
  0x000002d9cc436460 JavaThread "Thread-23"                  daemon [_thread_in_native, id=7944, stack(0x000000e498b00000,0x000000e498c00000) (1024K)]
  0x000002d9cc436af0 JavaThread "Thread-24"                  daemon [_thread_in_native, id=37988, stack(0x000000e498c00000,0x000000e498d00000) (1024K)]
  0x000002d9ce063b80 JavaThread "Thread-25"                  daemon [_thread_in_native, id=27788, stack(0x000000e498d00000,0x000000e498e00000) (1024K)]
  0x000002d9ce064f30 JavaThread "Thread-26"                  daemon [_thread_in_native, id=32832, stack(0x000000e498e00000,0x000000e498f00000) (1024K)]
  0x000002d9ce066970 JavaThread "HttpClient-1-SelectorManager" daemon [_thread_blocked, id=37940, stack(0x000000e498f00000,0x000000e499000000) (1024K)]
  0x000002d9cec42e50 JavaThread "Timer hack thread"          daemon [_thread_blocked, id=43808, stack(0x000000e497300000,0x000000e497400000) (1024K)]
  0x000002d9cec434e0 JavaThread "Yggdrasil Key Fetcher"      daemon [_thread_blocked, id=13460, stack(0x000000e496e00000,0x000000e496f00000) (1024K)]
  0x000002da0097a360 JavaThread "DFU cleaning thread"        daemon [_thread_blocked, id=42796, stack(0x000000e494d00000,0x000000e494e00000) (1024K)]
  0x000002da0097f220 JavaThread "Cleaner-0"                  daemon [_thread_blocked, id=40648, stack(0x000000e499600000,0x000000e499700000) (1024K)]
  0x000002da00979cd0 JavaThread "modloading-worker-0"        daemon [_thread_blocked, id=43480, stack(0x000000e497100000,0x000000e497200000) (1024K)]
  0x000002da4b912290 JavaThread "modloading-worker-0"        daemon [_thread_blocked, id=18688, stack(0x000000e499800000,0x000000e499900000) (1024K)]
  0x000002da4b913cd0 JavaThread "modloading-worker-0"        daemon [_thread_blocked, id=30340, stack(0x000000e499a00000,0x000000e499b00000) (1024K)]
  0x000002da4b912920 JavaThread "modloading-worker-0"        daemon [_thread_blocked, id=15332, stack(0x000000e499c00000,0x000000e499d00000) (1024K)]
  0x000002da4b912fb0 JavaThread "modloading-worker-0"        daemon [_thread_blocked, id=25464, stack(0x000000e499d00000,0x000000e499e00000) (1024K)]
  0x000002da4b910ee0 JavaThread "modloading-worker-0"        daemon [_thread_blocked, id=29856, stack(0x000000e499e00000,0x000000e499f00000) (1024K)]
  0x000002da4b9149f0 JavaThread "modloading-worker-0"        daemon [_thread_blocked, id=33436, stack(0x000000e499f00000,0x000000e49a000000) (1024K)]
  0x000002da4b916ac0 JavaThread "modloading-worker-0"        daemon [_thread_blocked, id=38328, stack(0x000000e49a100000,0x000000e49a200000) (1024K)]
  0x000002da4b917150 JavaThread "modloading-worker-0"        daemon [_thread_blocked, id=28936, stack(0x000000e49a200000,0x000000e49a300000) (1024K)]
  0x000002da4b915080 JavaThread "modloading-worker-0"        daemon [_thread_blocked, id=39476, stack(0x000000e49a300000,0x000000e49a400000) (1024K)]
  0x000002da4b917e70 JavaThread "modloading-worker-0"        daemon [_thread_blocked, id=32192, stack(0x000000e49a500000,0x000000e49a600000) (1024K)]
  0x000002da4b915710 JavaThread "modloading-worker-0"        daemon [_thread_blocked, id=43396, stack(0x000000e49a600000,0x000000e49a700000) (1024K)]
  0x000002da4b918500 JavaThread "modloading-worker-0"        daemon [_thread_blocked, id=40120, stack(0x000000e49a700000,0x000000e49a800000) (1024K)]
  0x000002da4b915da0 JavaThread "modloading-worker-0"        daemon [_thread_blocked, id=40944, stack(0x000000e49a800000,0x000000e49a900000) (1024K)]
  0x000002da4b916430 JavaThread "modloading-worker-0"        daemon [_thread_blocked, id=43508, stack(0x000000e49a900000,0x000000e49aa00000) (1024K)]
  0x000002da51c695b0 JavaThread "modloading-worker-0"        daemon [_thread_blocked, id=36248, stack(0x000000e49ab00000,0x000000e49ac00000) (1024K)]
  0x000002da51c6a2d0 JavaThread "modloading-worker-0"        daemon [_thread_blocked, id=18532, stack(0x000000e49ac00000,0x000000e49ad00000) (1024K)]
  0x000002da51c6b680 JavaThread "modloading-worker-0"        daemon [_thread_blocked, id=13856, stack(0x000000e49ad00000,0x000000e49ae00000) (1024K)]
  0x000002da51c6a960 JavaThread "FileSystemWatchService"     daemon [_thread_in_native, id=42660, stack(0x000000e49b000000,0x000000e49b100000) (1024K)]
  0x000002d9cb3de4d0 JavaThread "HttpClient-2-SelectorManager" daemon [_thread_in_native, id=38440, stack(0x000000e499500000,0x000000e499600000) (1024K)]
  0x000002da00978290 JavaThread "KubeJS Background Thread"   daemon [_thread_blocked, id=39012, stack(0x000000e49b200000,0x000000e49b300000) (1024K)]
  0x000002da5b2921e0 JavaThread "pool-9-thread-1"                   [_thread_blocked, id=27336, stack(0x000000e49af00000,0x000000e49b000000) (1024K)]
  0x000002d9cb3dc400 JavaThread "FileSystemWatchService"     daemon [_thread_in_native, id=41692, stack(0x000000e49b400000,0x000000e49b500000) (1024K)]
  0x000002da5be15530 JavaThread "pool-11-thread-1"                  [_thread_blocked, id=41940, stack(0x000000e49b500000,0x000000e49b600000) (1024K)]
  0x000002d9cd6494c0 JavaThread "Sound engine"               daemon [_thread_blocked, id=38692, stack(0x000000e496d00000,0x000000e496e00000) (1024K)]
  0x000002d9cd64c2b0 JavaThread "Worker-Main-1"              daemon [_thread_blocked, id=38356, stack(0x000000e496b00000,0x000000e496c00000) (1024K)]
  0x000002d9cd649b50 JavaThread "Worker-Main-2"              daemon [_thread_blocked, id=25832, stack(0x000000e499000000,0x000000e499100000) (1024K)]
  0x000002d9cd64d660 JavaThread "Worker-ResourceReload-0"    daemon [_thread_blocked, id=34072, stack(0x000000e499100000,0x000000e499200000) (1024K)]
  0x000002d9cd64f0a0 JavaThread "Worker-ResourceReload-1"    daemon [_thread_blocked, id=42204, stack(0x000000e499300000,0x000000e499400000) (1024K)]
  0x000002da49c22b40 JavaThread "IO-Worker-3"                       [_thread_blocked, id=35516, stack(0x000000e49bf00000,0x000000e49c000000) (1024K)]
  0x000002da49c24c10 JavaThread "Worker-ResourceReload-3"    daemon [_thread_blocked, id=19244, stack(0x000000e49c300000,0x000000e49c400000) (1024K)]
  0x000002da49c252a0 JavaThread "Worker-ResourceReload-4"    daemon [_thread_blocked, id=38168, stack(0x000000e49c400000,0x000000e49c500000) (1024K)]
  0x000002da49c21e20 JavaThread "Worker-ResourceReload-5"    daemon [_thread_blocked, id=38724, stack(0x000000e49c500000,0x000000e49c600000) (1024K)]
  0x000002da49c26ce0 JavaThread "Worker-ResourceReload-6"    daemon [_thread_blocked, id=38544, stack(0x000000e49c600000,0x000000e49c700000) (1024K)]
  0x000002da49c28720 JavaThread "Worker-ResourceReload-7"    daemon [_thread_blocked, id=41316, stack(0x000000e49c700000,0x000000e49c800000) (1024K)]
  0x000002da49c27370 JavaThread "Worker-ResourceReload-9"    daemon [_thread_blocked, id=9852, stack(0x000000e49c900000,0x000000e49ca00000) (1024K)]
  0x000002da49c27a00 JavaThread "Worker-ResourceReload-12"   daemon [_thread_blocked, id=30740, stack(0x000000e49cc00000,0x000000e49cd00000) (1024K)]
  0x000002da49c25fc0 JavaThread "Worker-ResourceReload-14"   daemon [_thread_blocked, id=20468, stack(0x000000e49ce00000,0x000000e49cf00000) (1024K)]
  0x000002da49c29ad0 JavaThread "Worker-ResourceReload-16"   daemon [_thread_blocked, id=28828, stack(0x000000e49cf00000,0x000000e49d000000) (1024K)]
  0x000002da49c26650 JavaThread "Worker-ResourceReload-17"   daemon [_thread_blocked, id=7968, stack(0x000000e49d000000,0x000000e49d100000) (1024K)]
  0x000002da49c2ae80 JavaThread "Worker-ResourceReload-15"   daemon [_thread_blocked, id=26724, stack(0x000000e49d100000,0x000000e49d200000) (1024K)]
  0x000002da49c2cf50 JavaThread "Worker-ResourceReload-18"   daemon [_thread_blocked, id=39792, stack(0x000000e49d200000,0x000000e49d300000) (1024K)]
  0x000002da49c2c8c0 JavaThread "Worker-ResourceReload-19"   daemon [_thread_blocked, id=41996, stack(0x000000e49d300000,0x000000e49d400000) (1024K)]
  0x000002da49c2b510 JavaThread "Worker-ResourceReload-20"   daemon [_thread_blocked, id=38644, stack(0x000000e49d400000,0x000000e49d500000) (1024K)]
  0x000002da49c2bba0 JavaThread "Worker-ResourceReload-21"   daemon [_thread_blocked, id=2856, stack(0x000000e49d500000,0x000000e49d600000) (1024K)]
  0x000002da49c2a7f0 JavaThread "Worker-ResourceReload-22"   daemon [_thread_blocked, id=24404, stack(0x000000e49d600000,0x000000e49d700000) (1024K)]
  0x000002da49c2c230 JavaThread "FileSystemWatchService"     daemon [_thread_in_native, id=39648, stack(0x000000e49d900000,0x000000e49da00000) (1024K)]
  0x000002da49c2d5e0 JavaThread "FileSystemWatchService"     daemon [_thread_in_native, id=35816, stack(0x000000e49de00000,0x000000e49df00000) (1024K)]
  0x000002da49c2a160 JavaThread "FileSystemWatchService"     daemon [_thread_in_native, id=19660, stack(0x000000e49df00000,0x000000e49e000000) (1024K)]
  0x000002da49c2dc70 JavaThread "FileSystemWatchService"     daemon [_thread_in_native, id=3136, stack(0x000000e49e000000,0x000000e49e100000) (1024K)]
  0x000002da49c2e300 JavaThread "FileSystemWatchService"     daemon [_thread_in_native, id=40736, stack(0x000000e49e100000,0x000000e49e200000) (1024K)]
  0x000002da49c2e990 JavaThread "FileSystemWatchService"     daemon [_thread_in_native, id=35948, stack(0x000000e49e200000,0x000000e49e300000) (1024K)]
  0x000002da49c2f020 JavaThread "FileSystemWatchService"     daemon [_thread_in_native, id=42408, stack(0x000000e49e300000,0x000000e49e400000) (1024K)]
  0x000002da5be14810 JavaThread "FileSystemWatchService"     daemon [_thread_in_native, id=31460, stack(0x000000e49e400000,0x000000e49e500000) (1024K)]
  0x000002da5be13460 JavaThread "FileSystemWatchService"     daemon [_thread_in_native, id=37392, stack(0x000000e49e500000,0x000000e49e600000) (1024K)]
  0x000002da5be19d60 JavaThread "FileSystemWatchService"     daemon [_thread_in_native, id=22964, stack(0x000000e49e600000,0x000000e49e700000) (1024K)]
  0x000002da5be1a3f0 JavaThread "FileSystemWatchService"     daemon [_thread_in_native, id=23164, stack(0x000000e49e700000,0x000000e49e800000) (1024K)]
  0x000002da5be1aa80 JavaThread "FileSystemWatchService"     daemon [_thread_in_native, id=34764, stack(0x000000e49e800000,0x000000e49e900000) (1024K)]
  0x000002da5be189b0 JavaThread "Worker-Main-4"              daemon [_thread_blocked, id=27928, stack(0x000000e49eb00000,0x000000e49ec00000) (1024K)]
  0x000002da5be19040 JavaThread "Worker-Main-5"              daemon [_thread_blocked, id=29276, stack(0x000000e49ee00000,0x000000e49ef00000) (1024K)]
  0x000002da5be15bc0 JavaThread "Worker-Main-6"              daemon [_thread_blocked, id=3560, stack(0x000000e49ef00000,0x000000e49f000000) (1024K)]
  0x000002da49fd93a0 JavaThread "Worker-Main-11"             daemon [_thread_blocked, id=41868, stack(0x000000e49f400000,0x000000e49f500000) (1024K)]
  0x000002da7f21de40 JavaThread "Cleaner-1"                  daemon [_thread_blocked, id=38156, stack(0x000000e493500000,0x000000e493600000) (1024K)]
  0x000002da7f21e4d0 JavaThread "Fzzy Config File Watcher"          [_thread_blocked, id=27332, stack(0x000000e493600000,0x000000e493700000) (1024K)]
  0x000002da7f21ca90 JavaThread "CullThread"                 daemon [_thread_blocked, id=29408, stack(0x000000e49bb00000,0x000000e49bc00000) (1024K)]
  0x000002da7f21bd70 JavaThread "Worker-Main-13"             daemon [_thread_blocked, id=28764, stack(0x000000e494b00000,0x000000e494c00000) (1024K)]
  0x000002da7f20bd80 JavaThread "pool-10-thread-1"                  [_thread_blocked, id=33072, stack(0x000000e499700000,0x000000e499800000) (1024K)]
  0x000002d9cd9ecaa0 JavaThread "C1 CompilerThread1"         daemon [_thread_blocked, id=43172, stack(0x000000e494a00000,0x000000e494b00000) (1024K)]
  0x000002da7f20e4e0 JavaThread "Worker-Main-14"             daemon [_thread_blocked, id=30452, stack(0x000000e494c00000,0x000000e494d00000) (1024K)]
  0x000002da7f20c410 JavaThread "Worker-Main-15"             daemon [_thread_blocked, id=34272, stack(0x000000e494e00000,0x000000e494f00000) (1024K)]
  0x000002da7f20d7c0 JavaThread "Worker-Main-16"             daemon [_thread_blocked, id=21656, stack(0x000000e494f00000,0x000000e495000000) (1024K)]
  0x000002da7f20b060 JavaThread "pool-8-thread-11"                  [_thread_blocked, id=34380, stack(0x000000e495100000,0x000000e495200000) (1024K)]
  0x000002da7f20eb70 JavaThread "pool-8-thread-12"                  [_thread_blocked, id=35252, stack(0x000000e497400000,0x000000e497500000) (1024K)]
  0x000002da7f20f890 JavaThread "pool-8-thread-13"                  [_thread_blocked, id=42048, stack(0x000000e499200000,0x000000e499300000) (1024K)]
  0x000002da7f20ff20 JavaThread "pool-8-thread-14"                  [_thread_blocked, id=23092, stack(0x000000e499400000,0x000000e499500000) (1024K)]
  0x000002da7f2105b0 JavaThread "pool-8-thread-15"                  [_thread_blocked, id=28816, stack(0x000000e499900000,0x000000e499a00000) (1024K)]
  0x000002da7f20d130 JavaThread "pool-8-thread-16"                  [_thread_blocked, id=22628, stack(0x000000e499b00000,0x000000e499c00000) (1024K)]
  0x000002da7f212d10 JavaThread "pool-8-thread-17"                  [_thread_blocked, id=33992, stack(0x000000e49a000000,0x000000e49a100000) (1024K)]
  0x000002da7f212680 JavaThread "pool-8-thread-18"                  [_thread_blocked, id=41308, stack(0x000000e49a400000,0x000000e49a500000) (1024K)]
  0x000002da7f2140c0 JavaThread "pool-8-thread-19"                  [_thread_blocked, id=4008, stack(0x000000e49aa00000,0x000000e49ab00000) (1024K)]
  0x000002da7f210c40 JavaThread "pool-8-thread-20"                  [_thread_blocked, id=43732, stack(0x000000e49ae00000,0x000000e49af00000) (1024K)]
  0x000002d9cd9ed170 JavaThread "C1 CompilerThread2"         daemon [_thread_blocked, id=37300, stack(0x000000e49b100000,0x000000e49b200000) (1024K)]
  0x000002d9cd9eecb0 JavaThread "C1 CompilerThread3"         daemon [_thread_blocked, id=42900, stack(0x000000e49b700000,0x000000e49b800000) (1024K)]
  0x000002da4aae7a20 JavaThread "C2 CompilerThread1"         daemon [_thread_blocked, id=38888, stack(0x000000e496400000,0x000000e496500000) (1024K)]
  0x000002da4aae4a70 JavaThread "C2 CompilerThread2"         daemon [_thread_blocked, id=28688, stack(0x000000e49b800000,0x000000e49b900000) (1024K)]
  0x000002da4aae9c30 JavaThread "C2 CompilerThread3"         daemon [_thread_blocked, id=42840, stack(0x000000e49b900000,0x000000e49ba00000) (1024K)]
  0x000002da7f224dd0 JavaThread "Worker-ResourceReload-23"   daemon [_thread_blocked, id=36832, stack(0x000000e49c000000,0x000000e49c100000) (1024K)]
  0x000002da7f224740 JavaThread "Worker-ResourceReload-24"   daemon [_thread_blocked, id=17372, stack(0x000000e49c100000,0x000000e49c200000) (1024K)]
  0x000002da7f228250 JavaThread "Worker-ResourceReload-25"   daemon [_thread_blocked, id=20260, stack(0x000000e49c200000,0x000000e49c300000) (1024K)]
  0x000002da7f225af0 JavaThread "Worker-ResourceReload-26"   daemon [_thread_blocked, id=9532, stack(0x000000e49c800000,0x000000e49c900000) (1024K)]
  0x000002da7f226180 JavaThread "Worker-ResourceReload-27"   daemon [_thread_blocked, id=43608, stack(0x000000e49ca00000,0x000000e49cb00000) (1024K)]
  0x000002d9c983af00 JavaThread "C2 CompilerThread4"         daemon [_thread_blocked, id=22468, stack(0x000000e49ba00000,0x000000e49bb00000) (1024K)]
Total: 136

Other Threads:
  0x000002d9833592d0 VMThread "VM Thread"                           [id=1948, stack(0x000000e493e00000,0x000000e493f00000) (1024K)]
  0x000002d9d3033fb0 WatcherThread "VM Periodic Task Thread"        [id=39380, stack(0x000000e493d00000,0x000000e493e00000) (1024K)]
  0x000002d9ff680090 WorkerThread "GC Thread#0"                     [id=37552, stack(0x000000e493800000,0x000000e493900000) (1024K)]
  0x000002d9cee1ab30 WorkerThread "GC Thread#1"                     [id=9136, stack(0x000000e495300000,0x000000e495400000) (1024K)]
  0x000002d9cbb872b0 WorkerThread "GC Thread#2"                     [id=41184, stack(0x000000e495400000,0x000000e495500000) (1024K)]
  0x000002d9cb3a8800 WorkerThread "GC Thread#3"                     [id=43728, stack(0x000000e495500000,0x000000e495600000) (1024K)]
  0x000002d9cb3a8bb0 WorkerThread "GC Thread#4"                     [id=2116, stack(0x000000e495600000,0x000000e495700000) (1024K)]
  0x000002d9cdbd0c30 WorkerThread "GC Thread#5"                     [id=38196, stack(0x000000e495700000,0x000000e495800000) (1024K)]
  0x000002d9cdf39270 WorkerThread "GC Thread#6"                     [id=15260, stack(0x000000e495800000,0x000000e495900000) (1024K)]
  0x000002d9cdf399d0 WorkerThread "GC Thread#7"                     [id=36184, stack(0x000000e495900000,0x000000e495a00000) (1024K)]
  0x000002d9cdf38ec0 WorkerThread "GC Thread#8"                     [id=43748, stack(0x000000e495a00000,0x000000e495b00000) (1024K)]
  0x000002d9cdf39d80 WorkerThread "GC Thread#9"                     [id=25968, stack(0x000000e495b00000,0x000000e495c00000) (1024K)]
  0x000002d9cdf39620 WorkerThread "GC Thread#10"                    [id=2748, stack(0x000000e495c00000,0x000000e495d00000) (1024K)]
  0x000002d9cdf3a130 WorkerThread "GC Thread#11"                    [id=37028, stack(0x000000e495d00000,0x000000e495e00000) (1024K)]
  0x000002d9cdf38760 WorkerThread "GC Thread#12"                    [id=33200, stack(0x000000e495e00000,0x000000e495f00000) (1024K)]
  0x000002d9cdf38b10 WorkerThread "GC Thread#13"                    [id=10896, stack(0x000000e495f00000,0x000000e496000000) (1024K)]
  0x000002d9cddf04a0 WorkerThread "GC Thread#14"                    [id=35336, stack(0x000000e496000000,0x000000e496100000) (1024K)]
  0x000002d9cddee720 WorkerThread "GC Thread#15"                    [id=42124, stack(0x000000e496100000,0x000000e496200000) (1024K)]
  0x000002d9cddf00f0 WorkerThread "GC Thread#16"                    [id=36920, stack(0x000000e496200000,0x000000e496300000) (1024K)]
=>0x000002d9cddf0850 WorkerThread "GC Thread#17"                    [id=30796, stack(0x000000e496300000,0x000000e496400000) (1024K)]
  0x000002d9ff68e5a0 ConcurrentGCThread "G1 Main Marker"            [id=36936, stack(0x000000e493900000,0x000000e493a00000) (1024K)]
  0x000002d9ff68fcc0 WorkerThread "G1 Conc#0"                       [id=10196, stack(0x000000e493a00000,0x000000e493b00000) (1024K)]
  0x000002d9cddeead0 WorkerThread "G1 Conc#1"                       [id=36028, stack(0x000000e496700000,0x000000e496800000) (1024K)]
  0x000002d9cddef5e0 WorkerThread "G1 Conc#2"                       [id=10192, stack(0x000000e496800000,0x000000e496900000) (1024K)]
  0x000002d9cddedfc0 WorkerThread "G1 Conc#3"                       [id=18012, stack(0x000000e496900000,0x000000e496a00000) (1024K)]
  0x000002d9cddef990 WorkerThread "G1 Conc#4"                       [id=36856, stack(0x000000e496a00000,0x000000e496b00000) (1024K)]
  0x000002d9ff83e620 ConcurrentGCThread "G1 Refine#0"               [id=32756, stack(0x000000e493b00000,0x000000e493c00000) (1024K)]
  0x000002d9ce0e87b0 ConcurrentGCThread "G1 Refine#1"               [id=40088, stack(0x000000e493400000,0x000000e493500000) (1024K)]
  0x000002d982fae560 ConcurrentGCThread "G1 Service"                [id=43408, stack(0x000000e493c00000,0x000000e493d00000) (1024K)]
Total: 29

Threads with active compile tasks:
C2 CompilerThread0  441596 45278       4       net.minecraft.world.level.storage.loot.LootDataManager::lambda$scheduleElementParse$4 (52 bytes)
C2 CompilerThread1  441596 45257       4       net.minecraft.world.level.storage.loot.LootTable$Serializer::deserialize (8 bytes)
C2 CompilerThread2  441596 45300       4       net.minecraft.world.level.storage.loot.LootTable$Serializer::deserialize (145 bytes)
C2 CompilerThread3  441596 45281   !   4       net.minecraftforge.common.ForgeHooks::loadLootTable (196 bytes)
C2 CompilerThread4  441596 45277       4       net.minecraft.world.level.storage.loot.LootDataManager$$Lambda/0x000002d98e42d4a8::accept (24 bytes)
Total: 5

VM state: at safepoint (normal execution)

VM Mutex/Monitor currently owned by a thread:  ([mutex/lock_event])
[0x00007ffe452ab8b0] Threads_lock - owner thread: 0x000002d9833592d0
[0x00007ffe452ab9b0] Heap_lock - owner thread: 0x000002da49c2a7f0

Heap address: 0x0000000400000000, size: 16384 MB, Compressed Oops mode: Zero based, Oop shift amount: 3

CDS archive(s) mapped at: [0x000002d984000000-0x000002d984c80000-0x000002d984c80000), size 13107200, SharedBaseAddress: 0x000002d984000000, ArchiveRelocationMode: 1.
Compressed class space mapped at: 0x000002d985000000-0x000002d9c5000000, reserved size: 1073741824
Narrow klass base: 0x000002d984000000, Narrow klass shift: 0, Narrow klass range: 0x100000000

GC Precious Log:
 CardTable entry size: 512
 Card Set container configuration: InlinePtr #cards 4 size 8 Array Of Cards #cards 64 size 144 Howl #buckets 8 coarsen threshold 14745 Howl Bitmap #cards 2048 size 272 coarsen threshold 1843 Card regions per heap region 1 cards per card region 16384
 CPUs: 24 total, 24 available
 Memory: 32509M
 Large Page Support: Disabled
 NUMA Support: Disabled
 Compressed Oops: Enabled (Zero based)
 Heap Region Size: 8M
 Heap Min Capacity: 16G
 Heap Initial Capacity: 16G
 Heap Max Capacity: 16G
 Pre-touch: Disabled
 Parallel Workers: 18
 Concurrent Workers: 5
 Concurrent Refinement Workers: 18
 Periodic GC: Disabled

Heap:
 garbage-first heap   total 16777216K, used 16721097K [0x0000000400000000, 0x0000000800000000)
  region size 8192K, 2 young (16384K), 2 survivors (16384K)
 Metaspace       used 653603K, committed 656768K, reserved 1572864K
  class space    used 150596K, committed 151936K, reserved 1048576K

Heap Regions: E=young(eden), S=young(survivor), O=old, HS=humongous(starts), HC=humongous(continues), CS=collection set, F=free, TAMS=top-at-mark-start, PB=parsable bottom
|   0|0x0000000400000000, 0x00000004007ffff0, 0x0000000400800000| 99%| O|  |TAMS 0x0000000400000000| PB 0x00000004007ffff0| Untracked 
|   1|0x0000000400800000, 0x0000000401000000, 0x0000000401000000|100%| O|  |TAMS 0x0000000400800000| PB 0x0000000401000000| Untracked 
|   2|0x0000000401000000, 0x0000000401800000, 0x0000000401800000|100%| O|  |TAMS 0x0000000401000000| PB 0x0000000401800000| Untracked 
|   3|0x0000000401800000, 0x0000000402000000, 0x0000000402000000|100%| O|  |TAMS 0x0000000401800000| PB 0x0000000402000000| Untracked 
|   4|0x0000000402000000, 0x0000000402800000, 0x0000000402800000|100%| O|  |TAMS 0x0000000402000000| PB 0x0000000402800000| Untracked 
|   5|0x0000000402800000, 0x0000000403000000, 0x0000000403000000|100%| O|  |TAMS 0x0000000402800000| PB 0x0000000403000000| Untracked 
|   6|0x0000000403000000, 0x0000000403800000, 0x0000000403800000|100%| O|  |TAMS 0x0000000403000000| PB 0x0000000403800000| Untracked 
|   7|0x0000000403800000, 0x0000000403ff0ce0, 0x0000000404000000| 99%| O|  |TAMS 0x0000000403800000| PB 0x0000000403ff0ce0| Untracked 
|   8|0x0000000404000000, 0x00000004047fffd8, 0x0000000404800000| 99%| O|  |TAMS 0x0000000404000000| PB 0x00000004047fffd8| Untracked 
|   9|0x0000000404800000, 0x0000000404fffff0, 0x0000000405000000| 99%| O|  |TAMS 0x0000000404800000| PB 0x0000000404fffff0| Untracked 
|  10|0x0000000405000000, 0x0000000405800000, 0x0000000405800000|100%| O|  |TAMS 0x0000000405000000| PB 0x0000000405800000| Untracked 
|  11|0x0000000405800000, 0x0000000406000000, 0x0000000406000000|100%| O|  |TAMS 0x0000000405800000| PB 0x0000000406000000| Untracked 
|  12|0x0000000406000000, 0x0000000406800000, 0x0000000406800000|100%| O|  |TAMS 0x0000000406000000| PB 0x0000000406800000| Untracked 
|  13|0x0000000406800000, 0x0000000406ffffc8, 0x0000000407000000| 99%| O|  |TAMS 0x0000000406800000| PB 0x0000000406ffffc8| Untracked 
|  14|0x0000000407000000, 0x00000004077ff4a0, 0x0000000407800000| 99%| O|  |TAMS 0x0000000407000000| PB 0x00000004077ff4a0| Untracked 
|  15|0x0000000407800000, 0x0000000407fff5c0, 0x0000000408000000| 99%| O|  |TAMS 0x0000000407800000| PB 0x0000000407fff5c0| Untracked 
|  16|0x0000000408000000, 0x0000000408800000, 0x0000000408800000|100%| O|  |TAMS 0x0000000408000000| PB 0x0000000408800000| Untracked 
|  17|0x0000000408800000, 0x0000000409000000, 0x0000000409000000|100%|HS|  |TAMS 0x0000000408800000| PB 0x0000000409000000| Complete 
|  18|0x0000000409000000, 0x0000000409800000, 0x0000000409800000|100%|HS|  |TAMS 0x0000000409000000| PB 0x0000000409800000| Complete 
|  19|0x0000000409800000, 0x000000040a000000, 0x000000040a000000|100%|HS|  |TAMS 0x0000000409800000| PB 0x000000040a000000| Complete 
|  20|0x000000040a000000, 0x000000040a7fffe8, 0x000000040a800000| 99%| O|  |TAMS 0x000000040a000000| PB 0x000000040a7fffe8| Untracked 
|  21|0x000000040a800000, 0x000000040b000000, 0x000000040b000000|100%| O|  |TAMS 0x000000040a800000| PB 0x000000040b000000| Untracked 
|  22|0x000000040b000000, 0x000000040b800000, 0x000000040b800000|100%| O|  |TAMS 0x000000040b000000| PB 0x000000040b800000| Untracked 
|  23|0x000000040b800000, 0x000000040c000000, 0x000000040c000000|100%| O|  |TAMS 0x000000040b800000| PB 0x000000040c000000| Untracked 
|  24|0x000000040c000000, 0x000000040c800000, 0x000000040c800000|100%| O|  |TAMS 0x000000040c000000| PB 0x000000040c800000| Untracked 
|  25|0x000000040c800000, 0x000000040d000000, 0x000000040d000000|100%| O|  |TAMS 0x000000040c800000| PB 0x000000040d000000| Untracked 
|  26|0x000000040d000000, 0x000000040d7fffa0, 0x000000040d800000| 99%| O|  |TAMS 0x000000040d000000| PB 0x000000040d7fffa0| Untracked 
|  27|0x000000040d800000, 0x000000040e000000, 0x000000040e000000|100%| O|  |TAMS 0x000000040d800000| PB 0x000000040e000000| Untracked 
|  28|0x000000040e000000, 0x000000040e800000, 0x000000040e800000|100%| O|  |TAMS 0x000000040e000000| PB 0x000000040e800000| Untracked 
|  29|0x000000040e800000, 0x000000040f000000, 0x000000040f000000|100%| O|  |TAMS 0x000000040e800000| PB 0x000000040f000000| Untracked 
|  30|0x000000040f000000, 0x000000040f800000, 0x000000040f800000|100%| O|  |TAMS 0x000000040f000000| PB 0x000000040f800000| Untracked 
|  31|0x000000040f800000, 0x0000000410000000, 0x0000000410000000|100%| O|  |TAMS 0x000000040f800000| PB 0x0000000410000000| Untracked 
|  32|0x0000000410000000, 0x0000000410800000, 0x0000000410800000|100%| O|  |TAMS 0x0000000410000000| PB 0x0000000410800000| Untracked 
|  33|0x0000000410800000, 0x0000000410fff7d8, 0x0000000411000000| 99%| O|  |TAMS 0x0000000410800000| PB 0x0000000410fff7d8| Untracked 
|  34|0x0000000411000000, 0x0000000411800000, 0x0000000411800000|100%| O|  |TAMS 0x0000000411000000| PB 0x0000000411800000| Untracked 
|  35|0x0000000411800000, 0x0000000412000000, 0x0000000412000000|100%| O|  |TAMS 0x0000000411800000| PB 0x0000000412000000| Untracked 
|  36|0x0000000412000000, 0x0000000412800000, 0x0000000412800000|100%| O|  |TAMS 0x0000000412000000| PB 0x0000000412800000| Untracked 
|  37|0x0000000412800000, 0x0000000413000000, 0x0000000413000000|100%| O|  |TAMS 0x0000000412800000| PB 0x0000000413000000| Untracked 
|  38|0x0000000413000000, 0x0000000413800000, 0x0000000413800000|100%| O|  |TAMS 0x0000000413000000| PB 0x0000000413800000| Untracked 
|  39|0x0000000413800000, 0x0000000414000000, 0x0000000414000000|100%| O|  |TAMS 0x0000000413800000| PB 0x0000000414000000| Untracked 
|  40|0x0000000414000000, 0x0000000414800000, 0x0000000414800000|100%| O|  |TAMS 0x0000000414000000| PB 0x0000000414800000| Untracked 
|  41|0x0000000414800000, 0x0000000414ffff90, 0x0000000415000000| 99%| O|  |TAMS 0x0000000414800000| PB 0x0000000414ffff90| Untracked 
|  42|0x0000000415000000, 0x00000004157fff70, 0x0000000415800000| 99%| O|  |TAMS 0x0000000415000000| PB 0x00000004157fff70| Untracked 
|  43|0x0000000415800000, 0x0000000415fffff8, 0x0000000416000000| 99%| O|  |TAMS 0x0000000415800000| PB 0x0000000415fffff8| Untracked 
|  44|0x0000000416000000, 0x0000000416800000, 0x0000000416800000|100%| O|  |TAMS 0x0000000416000000| PB 0x0000000416800000| Untracked 
|  45|0x0000000416800000, 0x0000000417000000, 0x0000000417000000|100%| O|  |TAMS 0x0000000416800000| PB 0x0000000417000000| Untracked 
|  46|0x0000000417000000, 0x0000000417800000, 0x0000000417800000|100%|HS|  |TAMS 0x0000000417000000| PB 0x0000000417800000| Complete 
|  47|0x0000000417800000, 0x0000000418000000, 0x0000000418000000|100%| O|  |TAMS 0x0000000417800000| PB 0x0000000418000000| Untracked 
|  48|0x0000000418000000, 0x0000000418800000, 0x0000000418800000|100%| O|  |TAMS 0x0000000418000000| PB 0x0000000418800000| Untracked 
|  49|0x0000000418800000, 0x0000000418ffffe8, 0x0000000419000000| 99%| O|  |TAMS 0x0000000418800000| PB 0x0000000418ffffe8| Untracked 
|  50|0x0000000419000000, 0x0000000419800000, 0x0000000419800000|100%| O|  |TAMS 0x0000000419000000| PB 0x0000000419800000| Untracked 
|  51|0x0000000419800000, 0x0000000419ffffd8, 0x000000041a000000| 99%| O|  |TAMS 0x0000000419800000| PB 0x0000000419ffffd8| Untracked 
|  52|0x000000041a000000, 0x000000041a800000, 0x000000041a800000|100%| O|  |TAMS 0x000000041a000000| PB 0x000000041a800000| Untracked 
|  53|0x000000041a800000, 0x000000041b000000, 0x000000041b000000|100%| O|  |TAMS 0x000000041a800000| PB 0x000000041b000000| Untracked 
|  54|0x000000041b000000, 0x000000041b800000, 0x000000041b800000|100%| O|  |TAMS 0x000000041b000000| PB 0x000000041b800000| Untracked 
|  55|0x000000041b800000, 0x000000041bffffd8, 0x000000041c000000| 99%| O|  |TAMS 0x000000041b800000| PB 0x000000041bffffd8| Untracked 
|  56|0x000000041c000000, 0x000000041c800000, 0x000000041c800000|100%| O|  |TAMS 0x000000041c000000| PB 0x000000041c800000| Untracked 
|  57|0x000000041c800000, 0x000000041d000000, 0x000000041d000000|100%| O|  |TAMS 0x000000041c800000| PB 0x000000041d000000| Untracked 
|  58|0x000000041d000000, 0x000000041d7ffff0, 0x000000041d800000| 99%| O|  |TAMS 0x000000041d000000| PB 0x000000041d7ffff0| Untracked 
|  59|0x000000041d800000, 0x000000041e000000, 0x000000041e000000|100%| O|  |TAMS 0x000000041d800000| PB 0x000000041e000000| Untracked 
|  60|0x000000041e000000, 0x000000041e800000, 0x000000041e800000|100%| O|  |TAMS 0x000000041e000000| PB 0x000000041e800000| Untracked 
|  61|0x000000041e800000, 0x000000041effffa0, 0x000000041f000000| 99%| O|  |TAMS 0x000000041e800000| PB 0x000000041effffa0| Untracked 
|  62|0x000000041f000000, 0x000000041f800000, 0x000000041f800000|100%| O|  |TAMS 0x000000041f000000| PB 0x000000041f800000| Untracked 
|  63|0x000000041f800000, 0x0000000420000000, 0x0000000420000000|100%| O|  |TAMS 0x000000041f800000| PB 0x0000000420000000| Untracked 
|  64|0x0000000420000000, 0x0000000420800000, 0x0000000420800000|100%| O|  |TAMS 0x0000000420000000| PB 0x0000000420800000| Untracked 
|  65|0x0000000420800000, 0x0000000421000000, 0x0000000421000000|100%| O|  |TAMS 0x0000000420800000| PB 0x0000000421000000| Untracked 
|  66|0x0000000421000000, 0x00000004217ffff0, 0x0000000421800000| 99%| O|  |TAMS 0x0000000421000000| PB 0x00000004217ffff0| Untracked 
|  67|0x0000000421800000, 0x0000000422000000, 0x0000000422000000|100%| O|  |TAMS 0x0000000421800000| PB 0x0000000422000000| Untracked 
|  68|0x0000000422000000, 0x0000000422800000, 0x0000000422800000|100%| O|  |TAMS 0x0000000422000000| PB 0x0000000422800000| Untracked 
|  69|0x0000000422800000, 0x0000000423000000, 0x0000000423000000|100%| O|  |TAMS 0x0000000422800000| PB 0x0000000423000000| Untracked 
|  70|0x0000000423000000, 0x0000000423733320, 0x0000000423800000| 89%| O|  |TAMS 0x0000000423000000| PB 0x0000000423733320| Untracked 
|  71|0x0000000423800000, 0x0000000423fffff0, 0x0000000424000000| 99%| O|  |TAMS 0x0000000423800000| PB 0x0000000423fffff0| Untracked 
|  72|0x0000000424000000, 0x00000004247ffff0, 0x0000000424800000| 99%| O|  |TAMS 0x0000000424000000| PB 0x00000004247ffff0| Untracked 
|  73|0x0000000424800000, 0x0000000424ffffc0, 0x0000000425000000| 99%| O|  |TAMS 0x0000000424800000| PB 0x0000000424ffffc0| Untracked 
|  74|0x0000000425000000, 0x00000004257ffff8, 0x0000000425800000| 99%| O|  |TAMS 0x0000000425000000| PB 0x00000004257ffff8| Untracked 
|  75|0x0000000425800000, 0x0000000425fffff8, 0x0000000426000000| 99%| O|  |TAMS 0x0000000425800000| PB 0x0000000425fffff8| Untracked 
|  76|0x0000000426000000, 0x00000004267ffff0, 0x0000000426800000| 99%| O|  |TAMS 0x0000000426000000| PB 0x00000004267ffff0| Untracked 
|  77|0x0000000426800000, 0x0000000426ffffe0, 0x0000000427000000| 99%| O|  |TAMS 0x0000000426800000| PB 0x0000000426ffffe0| Untracked 
|  78|0x0000000427000000, 0x00000004277ffff8, 0x0000000427800000| 99%| O|  |TAMS 0x0000000427000000| PB 0x00000004277ffff8| Untracked 
|  79|0x0000000427800000, 0x0000000427ffec50, 0x0000000428000000| 99%| O|  |TAMS 0x0000000427800000| PB 0x0000000427ffec50| Untracked 
|  80|0x0000000428000000, 0x0000000428800000, 0x0000000428800000|100%| O|  |TAMS 0x0000000428000000| PB 0x0000000428800000| Untracked 
|  81|0x0000000428800000, 0x0000000428ffffc8, 0x0000000429000000| 99%| O|  |TAMS 0x0000000428800000| PB 0x0000000428ffffc8| Untracked 
|  82|0x0000000429000000, 0x00000004297fffe8, 0x0000000429800000| 99%| O|  |TAMS 0x0000000429000000| PB 0x00000004297fffe8| Untracked 
|  83|0x0000000429800000, 0x0000000429fffff0, 0x000000042a000000| 99%| O|  |TAMS 0x0000000429800000| PB 0x0000000429fffff0| Untracked 
|  84|0x000000042a000000, 0x000000042a7ffff8, 0x000000042a800000| 99%| O|  |TAMS 0x000000042a000000| PB 0x000000042a7ffff8| Untracked 
|  85|0x000000042a800000, 0x000000042affffd0, 0x000000042b000000| 99%| O|  |TAMS 0x000000042a800000| PB 0x000000042affffd0| Untracked 
|  86|0x000000042b000000, 0x000000042b7ffff8, 0x000000042b800000| 99%| O|  |TAMS 0x000000042b000000| PB 0x000000042b7ffff8| Untracked 
|  87|0x000000042b800000, 0x000000042bffffe8, 0x000000042c000000| 99%| O|  |TAMS 0x000000042b800000| PB 0x000000042bffffe8| Untracked 
|  88|0x000000042c000000, 0x000000042c7ffff8, 0x000000042c800000| 99%| O|  |TAMS 0x000000042c000000| PB 0x000000042c7ffff8| Untracked 
|  89|0x000000042c800000, 0x000000042cfffff8, 0x000000042d000000| 99%| O|  |TAMS 0x000000042c800000| PB 0x000000042cfffff8| Untracked 
|  90|0x000000042d000000, 0x000000042d7ffff0, 0x000000042d800000| 99%| O|  |TAMS 0x000000042d000000| PB 0x000000042d7ffff0| Untracked 
|  91|0x000000042d800000, 0x000000042e000000, 0x000000042e000000|100%| O|  |TAMS 0x000000042d800000| PB 0x000000042e000000| Untracked 
|  92|0x000000042e000000, 0x000000042e800000, 0x000000042e800000|100%| O|  |TAMS 0x000000042e000000| PB 0x000000042e800000| Untracked 
|  93|0x000000042e800000, 0x000000042f000000, 0x000000042f000000|100%| O|  |TAMS 0x000000042e800000| PB 0x000000042f000000| Untracked 
|  94|0x000000042f000000, 0x000000042f800000, 0x000000042f800000|100%| O|  |TAMS 0x000000042f000000| PB 0x000000042f800000| Untracked 
|  95|0x000000042f800000, 0x000000042ffffff8, 0x0000000430000000| 99%| O|  |TAMS 0x000000042f800000| PB 0x000000042ffffff8| Untracked 
|  96|0x0000000430000000, 0x0000000430800000, 0x0000000430800000|100%| O|  |TAMS 0x0000000430000000| PB 0x0000000430800000| Untracked 
|  97|0x0000000430800000, 0x0000000431000000, 0x0000000431000000|100%| O|  |TAMS 0x0000000430800000| PB 0x0000000431000000| Untracked 
|  98|0x0000000431000000, 0x00000004317fffb0, 0x0000000431800000| 99%| O|  |TAMS 0x0000000431000000| PB 0x00000004317fffb0| Untracked 
|  99|0x0000000431800000, 0x0000000432000000, 0x0000000432000000|100%| O|  |TAMS 0x0000000431800000| PB 0x0000000432000000| Untracked 
| 100|0x0000000432000000, 0x0000000432800000, 0x0000000432800000|100%| O|  |TAMS 0x0000000432000000| PB 0x0000000432800000| Untracked 
| 101|0x0000000432800000, 0x0000000432fffff0, 0x0000000433000000| 99%| O|  |TAMS 0x0000000432800000| PB 0x0000000432fffff0| Untracked 
| 102|0x0000000433000000, 0x00000004337fffb0, 0x0000000433800000| 99%| O|  |TAMS 0x0000000433000000| PB 0x00000004337fffb0| Untracked 
| 103|0x0000000433800000, 0x0000000433fffff8, 0x0000000434000000| 99%| O|  |TAMS 0x0000000433800000| PB 0x0000000433fffff8| Untracked 
| 104|0x0000000434000000, 0x0000000434800000, 0x0000000434800000|100%| O|  |TAMS 0x0000000434000000| PB 0x0000000434800000| Untracked 
| 105|0x0000000434800000, 0x0000000434fffff8, 0x0000000435000000| 99%| O|  |TAMS 0x0000000434800000| PB 0x0000000434fffff8| Untracked 
| 106|0x0000000435000000, 0x00000004357ffff0, 0x0000000435800000| 99%| O|  |TAMS 0x0000000435000000| PB 0x00000004357ffff0| Untracked 
| 107|0x0000000435800000, 0x0000000436000000, 0x0000000436000000|100%| O|  |TAMS 0x0000000435800000| PB 0x0000000436000000| Untracked 
| 108|0x0000000436000000, 0x00000004367fffe8, 0x0000000436800000| 99%| O|  |TAMS 0x0000000436000000| PB 0x00000004367fffe8| Untracked 
| 109|0x0000000436800000, 0x0000000437000000, 0x0000000437000000|100%| O|  |TAMS 0x0000000436800000| PB 0x0000000437000000| Untracked 
| 110|0x0000000437000000, 0x0000000437800000, 0x0000000437800000|100%| O|  |TAMS 0x0000000437000000| PB 0x0000000437800000| Untracked 
| 111|0x0000000437800000, 0x0000000438000000, 0x0000000438000000|100%| O|  |TAMS 0x0000000437800000| PB 0x0000000438000000| Untracked 
| 112|0x0000000438000000, 0x0000000438800000, 0x0000000438800000|100%| O|  |TAMS 0x0000000438000000| PB 0x0000000438800000| Untracked 
| 113|0x0000000438800000, 0x0000000439000000, 0x0000000439000000|100%| O|  |TAMS 0x0000000438800000| PB 0x0000000439000000| Untracked 
| 114|0x0000000439000000, 0x0000000439800000, 0x0000000439800000|100%| O|  |TAMS 0x0000000439000000| PB 0x0000000439800000| Untracked 
| 115|0x0000000439800000, 0x000000043a000000, 0x000000043a000000|100%| O|  |TAMS 0x0000000439800000| PB 0x000000043a000000| Untracked 
| 116|0x000000043a000000, 0x000000043a800000, 0x000000043a800000|100%| O|  |TAMS 0x000000043a000000| PB 0x000000043a800000| Untracked 
| 117|0x000000043a800000, 0x000000043b000000, 0x000000043b000000|100%| O|  |TAMS 0x000000043a800000| PB 0x000000043b000000| Untracked 
| 118|0x000000043b000000, 0x000000043b800000, 0x000000043b800000|100%| O|  |TAMS 0x000000043b000000| PB 0x000000043b800000| Untracked 
| 119|0x000000043b800000, 0x000000043bf97fd8, 0x000000043c000000| 94%| O|  |TAMS 0x000000043b800000| PB 0x000000043bf97fd8| Untracked 
| 120|0x000000043c000000, 0x000000043c800000, 0x000000043c800000|100%| O|  |TAMS 0x000000043c000000| PB 0x000000043c800000| Untracked 
| 121|0x000000043c800000, 0x000000043cffffb8, 0x000000043d000000| 99%| O|  |TAMS 0x000000043c800000| PB 0x000000043cffffb8| Untracked 
| 122|0x000000043d000000, 0x000000043d800000, 0x000000043d800000|100%| O|  |TAMS 0x000000043d000000| PB 0x000000043d800000| Untracked 
| 123|0x000000043d800000, 0x000000043e000000, 0x000000043e000000|100%| O|  |TAMS 0x000000043d800000| PB 0x000000043e000000| Untracked 
| 124|0x000000043e000000, 0x000000043e800000, 0x000000043e800000|100%| O|  |TAMS 0x000000043e000000| PB 0x000000043e800000| Untracked 
| 125|0x000000043e800000, 0x000000043effffe8, 0x000000043f000000| 99%| O|  |TAMS 0x000000043e800000| PB 0x000000043effffe8| Untracked 
| 126|0x000000043f000000, 0x000000043f800000, 0x000000043f800000|100%| O|  |TAMS 0x000000043f000000| PB 0x000000043f800000| Untracked 
| 127|0x000000043f800000, 0x0000000440000000, 0x0000000440000000|100%| O|  |TAMS 0x000000043f800000| PB 0x0000000440000000| Untracked 
| 128|0x0000000440000000, 0x0000000440800000, 0x0000000440800000|100%| O|  |TAMS 0x0000000440000000| PB 0x0000000440800000| Untracked 
| 129|0x0000000440800000, 0x0000000441000000, 0x0000000441000000|100%| O|  |TAMS 0x0000000440800000| PB 0x0000000441000000| Untracked 
| 130|0x0000000441000000, 0x0000000441800000, 0x0000000441800000|100%| O|  |TAMS 0x0000000441000000| PB 0x0000000441800000| Untracked 
| 131|0x0000000441800000, 0x0000000442000000, 0x0000000442000000|100%| O|  |TAMS 0x0000000441800000| PB 0x0000000442000000| Untracked 
| 132|0x0000000442000000, 0x0000000442800000, 0x0000000442800000|100%| O|  |TAMS 0x0000000442000000| PB 0x0000000442800000| Untracked 
| 133|0x0000000442800000, 0x0000000443000000, 0x0000000443000000|100%| O|  |TAMS 0x0000000442800000| PB 0x0000000443000000| Untracked 
| 134|0x0000000443000000, 0x0000000443800000, 0x0000000443800000|100%| O|  |TAMS 0x0000000443000000| PB 0x0000000443800000| Untracked 
| 135|0x0000000443800000, 0x0000000444000000, 0x0000000444000000|100%| O|  |TAMS 0x0000000443800000| PB 0x0000000444000000| Untracked 
| 136|0x0000000444000000, 0x0000000444800000, 0x0000000444800000|100%| O|  |TAMS 0x0000000444000000| PB 0x0000000444800000| Untracked 
| 137|0x0000000444800000, 0x0000000445000000, 0x0000000445000000|100%| O|  |TAMS 0x0000000444800000| PB 0x0000000445000000| Untracked 
| 138|0x0000000445000000, 0x0000000445800000, 0x0000000445800000|100%| O|  |TAMS 0x0000000445000000| PB 0x0000000445800000| Untracked 
| 139|0x0000000445800000, 0x0000000446000000, 0x0000000446000000|100%| O|  |TAMS 0x0000000445800000| PB 0x0000000446000000| Untracked 
| 140|0x0000000446000000, 0x0000000446800000, 0x0000000446800000|100%| O|  |TAMS 0x0000000446000000| PB 0x0000000446800000| Untracked 
| 141|0x0000000446800000, 0x0000000447000000, 0x0000000447000000|100%| O|  |TAMS 0x0000000446800000| PB 0x0000000447000000| Untracked 
| 142|0x0000000447000000, 0x0000000447800000, 0x0000000447800000|100%| O|  |TAMS 0x0000000447000000| PB 0x0000000447800000| Untracked 
| 143|0x0000000447800000, 0x0000000448000000, 0x0000000448000000|100%| O|  |TAMS 0x0000000447800000| PB 0x0000000448000000| Untracked 
| 144|0x0000000448000000, 0x0000000448800000, 0x0000000448800000|100%| O|  |TAMS 0x0000000448000000| PB 0x0000000448800000| Untracked 
| 145|0x0000000448800000, 0x0000000449000000, 0x0000000449000000|100%| O|  |TAMS 0x0000000448800000| PB 0x0000000449000000| Untracked 
| 146|0x0000000449000000, 0x0000000449800000, 0x0000000449800000|100%| O|  |TAMS 0x0000000449000000| PB 0x0000000449800000| Untracked 
| 147|0x0000000449800000, 0x000000044a000000, 0x000000044a000000|100%| O|  |TAMS 0x0000000449800000| PB 0x000000044a000000| Untracked 
| 148|0x000000044a000000, 0x000000044a800000, 0x000000044a800000|100%| O|  |TAMS 0x000000044a000000| PB 0x000000044a800000| Untracked 
| 149|0x000000044a800000, 0x000000044b000000, 0x000000044b000000|100%| O|  |TAMS 0x000000044a800000| PB 0x000000044b000000| Untracked 
| 150|0x000000044b000000, 0x000000044b800000, 0x000000044b800000|100%| O|  |TAMS 0x000000044b000000| PB 0x000000044b800000| Untracked 
| 151|0x000000044b800000, 0x000000044bffff98, 0x000000044c000000| 99%| O|  |TAMS 0x000000044b800000| PB 0x000000044bffff98| Untracked 
| 152|0x000000044c000000, 0x000000044c7fffe8, 0x000000044c800000| 99%| O|  |TAMS 0x000000044c000000| PB 0x000000044c7fffe8| Untracked 
| 153|0x000000044c800000, 0x000000044cffff88, 0x000000044d000000| 99%| O|  |TAMS 0x000000044c800000| PB 0x000000044cffff88| Untracked 
| 154|0x000000044d000000, 0x000000044d7fffe8, 0x000000044d800000| 99%| O|  |TAMS 0x000000044d000000| PB 0x000000044d7fffe8| Untracked 
| 155|0x000000044d800000, 0x000000044e000000, 0x000000044e000000|100%| O|  |TAMS 0x000000044d800000| PB 0x000000044e000000| Untracked 
| 156|0x000000044e000000, 0x000000044e7fffd8, 0x000000044e800000| 99%| O|  |TAMS 0x000000044e000000| PB 0x000000044e7fffd8| Untracked 
| 157|0x000000044e800000, 0x000000044efffff8, 0x000000044f000000| 99%| O|  |TAMS 0x000000044e800000| PB 0x000000044efffff8| Untracked 
| 158|0x000000044f000000, 0x000000044f800000, 0x000000044f800000|100%| O|  |TAMS 0x000000044f000000| PB 0x000000044f800000| Untracked 
| 159|0x000000044f800000, 0x000000044fffff50, 0x0000000450000000| 99%| O|  |TAMS 0x000000044f800000| PB 0x000000044fffff50| Untracked 
| 160|0x0000000450000000, 0x0000000450800000, 0x0000000450800000|100%| O|  |TAMS 0x0000000450000000| PB 0x0000000450800000| Untracked 
| 161|0x0000000450800000, 0x0000000451000000, 0x0000000451000000|100%| O|  |TAMS 0x0000000450800000| PB 0x0000000451000000| Untracked 
| 162|0x0000000451000000, 0x00000004517ffff8, 0x0000000451800000| 99%| O|  |TAMS 0x0000000451000000| PB 0x00000004517ffff8| Untracked 
| 163|0x0000000451800000, 0x0000000452000000, 0x0000000452000000|100%| O|  |TAMS 0x0000000451800000| PB 0x0000000452000000| Untracked 
| 164|0x0000000452000000, 0x0000000452800000, 0x0000000452800000|100%| O|  |TAMS 0x0000000452000000| PB 0x0000000452800000| Untracked 
| 165|0x0000000452800000, 0x0000000453000000, 0x0000000453000000|100%| O|  |TAMS 0x0000000452800000| PB 0x0000000453000000| Untracked 
| 166|0x0000000453000000, 0x00000004537fffe8, 0x0000000453800000| 99%| O|  |TAMS 0x0000000453000000| PB 0x00000004537fffe8| Untracked 
| 167|0x0000000453800000, 0x0000000454000000, 0x0000000454000000|100%| O|  |TAMS 0x0000000453800000| PB 0x0000000454000000| Untracked 
| 168|0x0000000454000000, 0x00000004547ffff0, 0x0000000454800000| 99%| O|  |TAMS 0x0000000454000000| PB 0x00000004547ffff0| Untracked 
| 169|0x0000000454800000, 0x0000000455000000, 0x0000000455000000|100%| O|  |TAMS 0x0000000454800000| PB 0x0000000455000000| Untracked 
| 170|0x0000000455000000, 0x0000000455800000, 0x0000000455800000|100%| O|  |TAMS 0x0000000455000000| PB 0x0000000455800000| Untracked 
| 171|0x0000000455800000, 0x0000000456000000, 0x0000000456000000|100%| O|  |TAMS 0x0000000455800000| PB 0x0000000456000000| Untracked 
| 172|0x0000000456000000, 0x0000000456800000, 0x0000000456800000|100%| O|  |TAMS 0x0000000456000000| PB 0x0000000456800000| Untracked 
| 173|0x0000000456800000, 0x0000000456fffff8, 0x0000000457000000| 99%| O|  |TAMS 0x0000000456800000| PB 0x0000000456fffff8| Untracked 
| 174|0x0000000457000000, 0x0000000457800000, 0x0000000457800000|100%| O|  |TAMS 0x0000000457000000| PB 0x0000000457800000| Untracked 
| 175|0x0000000457800000, 0x0000000457fffff8, 0x0000000458000000| 99%| O|  |TAMS 0x0000000457800000| PB 0x0000000457fffff8| Untracked 
| 176|0x0000000458000000, 0x00000004587ffff8, 0x0000000458800000| 99%| O|  |TAMS 0x0000000458000000| PB 0x00000004587ffff8| Untracked 
| 177|0x0000000458800000, 0x0000000459000000, 0x0000000459000000|100%| O|  |TAMS 0x0000000458800000| PB 0x0000000459000000| Untracked 
| 178|0x0000000459000000, 0x00000004597ffff8, 0x0000000459800000| 99%| O|  |TAMS 0x0000000459000000| PB 0x00000004597ffff8| Untracked 
| 179|0x0000000459800000, 0x000000045a000000, 0x000000045a000000|100%| O|  |TAMS 0x0000000459800000| PB 0x000000045a000000| Untracked 
| 180|0x000000045a000000, 0x000000045a800000, 0x000000045a800000|100%| O|  |TAMS 0x000000045a000000| PB 0x000000045a800000| Untracked 
| 181|0x000000045a800000, 0x000000045b000000, 0x000000045b000000|100%| O|  |TAMS 0x000000045a800000| PB 0x000000045b000000| Untracked 
| 182|0x000000045b000000, 0x000000045b800000, 0x000000045b800000|100%| O|  |TAMS 0x000000045b000000| PB 0x000000045b800000| Untracked 
| 183|0x000000045b800000, 0x000000045c000000, 0x000000045c000000|100%| O|  |TAMS 0x000000045b800000| PB 0x000000045c000000| Untracked 
| 184|0x000000045c000000, 0x000000045c7fffe0, 0x000000045c800000| 99%| O|  |TAMS 0x000000045c000000| PB 0x000000045c7fffe0| Untracked 
| 185|0x000000045c800000, 0x000000045d000000, 0x000000045d000000|100%| O|  |TAMS 0x000000045c800000| PB 0x000000045d000000| Untracked 
| 186|0x000000045d000000, 0x000000045d800000, 0x000000045d800000|100%| O|  |TAMS 0x000000045d000000| PB 0x000000045d800000| Untracked 
| 187|0x000000045d800000, 0x000000045e000000, 0x000000045e000000|100%| O|  |TAMS 0x000000045d800000| PB 0x000000045e000000| Untracked 
| 188|0x000000045e000000, 0x000000045e800000, 0x000000045e800000|100%| O|  |TAMS 0x000000045e000000| PB 0x000000045e800000| Untracked 
| 189|0x000000045e800000, 0x000000045f000000, 0x000000045f000000|100%| O|  |TAMS 0x000000045e800000| PB 0x000000045f000000| Untracked 
| 190|0x000000045f000000, 0x000000045f7ffff8, 0x000000045f800000| 99%| O|  |TAMS 0x000000045f000000| PB 0x000000045f7ffff8| Untracked 
| 191|0x000000045f800000, 0x0000000460000000, 0x0000000460000000|100%| O|  |TAMS 0x000000045f800000| PB 0x0000000460000000| Untracked 
| 192|0x0000000460000000, 0x00000004607fffe0, 0x0000000460800000| 99%| O|  |TAMS 0x0000000460000000| PB 0x00000004607fffe0| Untracked 
| 193|0x0000000460800000, 0x0000000460fffff8, 0x0000000461000000| 99%| O|  |TAMS 0x0000000460800000| PB 0x0000000460fffff8| Untracked 
| 194|0x0000000461000000, 0x0000000461800000, 0x0000000461800000|100%| O|  |TAMS 0x0000000461000000| PB 0x0000000461800000| Untracked 
| 195|0x0000000461800000, 0x0000000462000000, 0x0000000462000000|100%| O|  |TAMS 0x0000000461800000| PB 0x0000000462000000| Untracked 
| 196|0x0000000462000000, 0x0000000462800000, 0x0000000462800000|100%| O|  |TAMS 0x0000000462000000| PB 0x0000000462800000| Untracked 
| 197|0x0000000462800000, 0x0000000463000000, 0x0000000463000000|100%| O|  |TAMS 0x0000000462800000| PB 0x0000000463000000| Untracked 
| 198|0x0000000463000000, 0x0000000463800000, 0x0000000463800000|100%| O|  |TAMS 0x0000000463000000| PB 0x0000000463800000| Untracked 
| 199|0x0000000463800000, 0x0000000464000000, 0x0000000464000000|100%| O|  |TAMS 0x0000000463800000| PB 0x0000000464000000| Untracked 
| 200|0x0000000464000000, 0x0000000464800000, 0x0000000464800000|100%| O|  |TAMS 0x0000000464000000| PB 0x0000000464800000| Untracked 
| 201|0x0000000464800000, 0x0000000465000000, 0x0000000465000000|100%| O|  |TAMS 0x0000000464800000| PB 0x0000000465000000| Untracked 
| 202|0x0000000465000000, 0x00000004657ffca0, 0x0000000465800000| 99%| O|  |TAMS 0x0000000465000000| PB 0x00000004657ffca0| Untracked 
| 203|0x0000000465800000, 0x0000000466000000, 0x0000000466000000|100%| O|  |TAMS 0x0000000465800000| PB 0x0000000466000000| Untracked 
| 204|0x0000000466000000, 0x00000004667ffff0, 0x0000000466800000| 99%| O|  |TAMS 0x0000000466000000| PB 0x00000004667ffff0| Untracked 
| 205|0x0000000466800000, 0x0000000467000000, 0x0000000467000000|100%| O|  |TAMS 0x0000000466800000| PB 0x0000000467000000| Untracked 
| 206|0x0000000467000000, 0x0000000467800000, 0x0000000467800000|100%| O|  |TAMS 0x0000000467000000| PB 0x0000000467800000| Untracked 
| 207|0x0000000467800000, 0x0000000468000000, 0x0000000468000000|100%| O|  |TAMS 0x0000000467800000| PB 0x0000000468000000| Untracked 
| 208|0x0000000468000000, 0x0000000468800000, 0x0000000468800000|100%| O|  |TAMS 0x0000000468000000| PB 0x0000000468800000| Untracked 
| 209|0x0000000468800000, 0x0000000468fffff0, 0x0000000469000000| 99%| O|  |TAMS 0x0000000468800000| PB 0x0000000468fffff0| Untracked 
| 210|0x0000000469000000, 0x0000000469800000, 0x0000000469800000|100%| O|  |TAMS 0x0000000469000000| PB 0x0000000469800000| Untracked 
| 211|0x0000000469800000, 0x000000046a000000, 0x000000046a000000|100%| O|  |TAMS 0x0000000469800000| PB 0x000000046a000000| Untracked 
| 212|0x000000046a000000, 0x000000046a800000, 0x000000046a800000|100%| O|  |TAMS 0x000000046a000000| PB 0x000000046a800000| Untracked 
| 213|0x000000046a800000, 0x000000046b000000, 0x000000046b000000|100%| O|  |TAMS 0x000000046a800000| PB 0x000000046b000000| Untracked 
| 214|0x000000046b000000, 0x000000046b800000, 0x000000046b800000|100%| O|  |TAMS 0x000000046b000000| PB 0x000000046b800000| Untracked 
| 215|0x000000046b800000, 0x000000046bffffc0, 0x000000046c000000| 99%| O|  |TAMS 0x000000046b800000| PB 0x000000046bffffc0| Untracked 
| 216|0x000000046c000000, 0x000000046c7ffff0, 0x000000046c800000| 99%| O|  |TAMS 0x000000046c000000| PB 0x000000046c7ffff0| Untracked 
| 217|0x000000046c800000, 0x000000046cfffff0, 0x000000046d000000| 99%| O|  |TAMS 0x000000046c800000| PB 0x000000046cfffff0| Untracked 
| 218|0x000000046d000000, 0x000000046d800000, 0x000000046d800000|100%| O|  |TAMS 0x000000046d000000| PB 0x000000046d800000| Untracked 
| 219|0x000000046d800000, 0x000000046dfffff8, 0x000000046e000000| 99%| O|  |TAMS 0x000000046d800000| PB 0x000000046dfffff8| Untracked 
| 220|0x000000046e000000, 0x000000046e7ffff8, 0x000000046e800000| 99%| O|  |TAMS 0x000000046e000000| PB 0x000000046e7ffff8| Untracked 
| 221|0x000000046e800000, 0x000000046f000000, 0x000000046f000000|100%| O|  |TAMS 0x000000046e800000| PB 0x000000046f000000| Untracked 
| 222|0x000000046f000000, 0x000000046f7fffd8, 0x000000046f800000| 99%| O|  |TAMS 0x000000046f000000| PB 0x000000046f7fffd8| Untracked 
| 223|0x000000046f800000, 0x0000000470000000, 0x0000000470000000|100%| O|  |TAMS 0x000000046f800000| PB 0x0000000470000000| Untracked 
| 224|0x0000000470000000, 0x0000000470800000, 0x0000000470800000|100%| O|  |TAMS 0x0000000470000000| PB 0x0000000470800000| Untracked 
| 225|0x0000000470800000, 0x0000000471000000, 0x0000000471000000|100%| O|  |TAMS 0x0000000470800000| PB 0x0000000471000000| Untracked 
| 226|0x0000000471000000, 0x0000000471800000, 0x0000000471800000|100%| O|  |TAMS 0x0000000471000000| PB 0x0000000471800000| Untracked 
| 227|0x0000000471800000, 0x0000000472000000, 0x0000000472000000|100%| O|  |TAMS 0x0000000471800000| PB 0x0000000472000000| Untracked 
| 228|0x0000000472000000, 0x0000000472800000, 0x0000000472800000|100%| O|  |TAMS 0x0000000472000000| PB 0x0000000472800000| Untracked 
| 229|0x0000000472800000, 0x0000000473000000, 0x0000000473000000|100%| O|  |TAMS 0x0000000472800000| PB 0x0000000473000000| Untracked 
| 230|0x0000000473000000, 0x0000000473800000, 0x0000000473800000|100%| O|  |TAMS 0x0000000473000000| PB 0x0000000473800000| Untracked 
| 231|0x0000000473800000, 0x0000000474000000, 0x0000000474000000|100%| O|  |TAMS 0x0000000473800000| PB 0x0000000474000000| Untracked 
| 232|0x0000000474000000, 0x0000000474800000, 0x0000000474800000|100%| O|  |TAMS 0x0000000474000000| PB 0x0000000474800000| Untracked 
| 233|0x0000000474800000, 0x0000000475000000, 0x0000000475000000|100%| O|  |TAMS 0x0000000474800000| PB 0x0000000475000000| Untracked 
| 234|0x0000000475000000, 0x0000000475800000, 0x0000000475800000|100%| O|  |TAMS 0x0000000475000000| PB 0x0000000475800000| Untracked 
| 235|0x0000000475800000, 0x0000000476000000, 0x0000000476000000|100%| O|  |TAMS 0x0000000475800000| PB 0x0000000476000000| Untracked 
| 236|0x0000000476000000, 0x0000000476800000, 0x0000000476800000|100%| O|  |TAMS 0x0000000476000000| PB 0x0000000476800000| Untracked 
| 237|0x0000000476800000, 0x0000000477000000, 0x0000000477000000|100%| O|  |TAMS 0x0000000476800000| PB 0x0000000477000000| Untracked 
| 238|0x0000000477000000, 0x0000000477800000, 0x0000000477800000|100%| O|  |TAMS 0x0000000477000000| PB 0x0000000477800000| Untracked 
| 239|0x0000000477800000, 0x0000000478000000, 0x0000000478000000|100%| O|  |TAMS 0x0000000477800000| PB 0x0000000478000000| Untracked 
| 240|0x0000000478000000, 0x00000004787ffff0, 0x0000000478800000| 99%| O|  |TAMS 0x0000000478000000| PB 0x00000004787ffff0| Untracked 
| 241|0x0000000478800000, 0x0000000478ffe3f0, 0x0000000479000000| 99%| O|  |TAMS 0x0000000478800000| PB 0x0000000478ffe3f0| Untracked 
| 242|0x0000000479000000, 0x00000004797eecf8, 0x0000000479800000| 99%| O|  |TAMS 0x0000000479000000| PB 0x00000004797eecf8| Untracked 
| 243|0x0000000479800000, 0x000000047a000000, 0x000000047a000000|100%| O|  |TAMS 0x0000000479800000| PB 0x000000047a000000| Untracked 
| 244|0x000000047a000000, 0x000000047a800000, 0x000000047a800000|100%| O|  |TAMS 0x000000047a000000| PB 0x000000047a800000| Untracked 
| 245|0x000000047a800000, 0x000000047b000000, 0x000000047b000000|100%| O|  |TAMS 0x000000047a800000| PB 0x000000047b000000| Untracked 
| 246|0x000000047b000000, 0x000000047b800000, 0x000000047b800000|100%| O|  |TAMS 0x000000047b000000| PB 0x000000047b800000| Untracked 
| 247|0x000000047b800000, 0x000000047c000000, 0x000000047c000000|100%| O|  |TAMS 0x000000047b800000| PB 0x000000047c000000| Untracked 
| 248|0x000000047c000000, 0x000000047c800000, 0x000000047c800000|100%| O|  |TAMS 0x000000047c000000| PB 0x000000047c800000| Untracked 
| 249|0x000000047c800000, 0x000000047d000000, 0x000000047d000000|100%| O|  |TAMS 0x000000047c800000| PB 0x000000047d000000| Untracked 
| 250|0x000000047d000000, 0x000000047d800000, 0x000000047d800000|100%| O|  |TAMS 0x000000047d000000| PB 0x000000047d800000| Untracked 
| 251|0x000000047d800000, 0x000000047e000000, 0x000000047e000000|100%| O|  |TAMS 0x000000047d800000| PB 0x000000047e000000| Untracked 
| 252|0x000000047e000000, 0x000000047e800000, 0x000000047e800000|100%| O|  |TAMS 0x000000047e000000| PB 0x000000047e800000| Untracked 
| 253|0x000000047e800000, 0x000000047f000000, 0x000000047f000000|100%| O|  |TAMS 0x000000047e800000| PB 0x000000047f000000| Untracked 
| 254|0x000000047f000000, 0x000000047f800000, 0x000000047f800000|100%| O|  |TAMS 0x000000047f000000| PB 0x000000047f800000| Untracked 
| 255|0x000000047f800000, 0x000000047fffffd8, 0x0000000480000000| 99%| O|  |TAMS 0x000000047f800000| PB 0x000000047fffffd8| Untracked 
| 256|0x0000000480000000, 0x0000000480800000, 0x0000000480800000|100%| O|  |TAMS 0x0000000480000000| PB 0x0000000480800000| Untracked 
| 257|0x0000000480800000, 0x0000000481000000, 0x0000000481000000|100%| O|  |TAMS 0x0000000480800000| PB 0x0000000481000000| Untracked 
| 258|0x0000000481000000, 0x00000004817ffff0, 0x0000000481800000| 99%| O|  |TAMS 0x0000000481000000| PB 0x00000004817ffff0| Untracked 
| 259|0x0000000481800000, 0x0000000482000000, 0x0000000482000000|100%| O|  |TAMS 0x0000000481800000| PB 0x0000000482000000| Untracked 
| 260|0x0000000482000000, 0x00000004827ffff0, 0x0000000482800000| 99%| O|  |TAMS 0x0000000482000000| PB 0x00000004827ffff0| Untracked 
| 261|0x0000000482800000, 0x0000000483000000, 0x0000000483000000|100%| O|  |TAMS 0x0000000482800000| PB 0x0000000483000000| Untracked 
| 262|0x0000000483000000, 0x0000000483800000, 0x0000000483800000|100%| O|  |TAMS 0x0000000483000000| PB 0x0000000483800000| Untracked 
| 263|0x0000000483800000, 0x0000000483ffff80, 0x0000000484000000| 99%| O|  |TAMS 0x0000000483800000| PB 0x0000000483ffff80| Untracked 
| 264|0x0000000484000000, 0x00000004847fffd0, 0x0000000484800000| 99%| O|  |TAMS 0x0000000484000000| PB 0x00000004847fffd0| Untracked 
| 265|0x0000000484800000, 0x0000000485000000, 0x0000000485000000|100%| O|  |TAMS 0x0000000484800000| PB 0x0000000485000000| Untracked 
| 266|0x0000000485000000, 0x00000004857ffff8, 0x0000000485800000| 99%| O|  |TAMS 0x0000000485000000| PB 0x00000004857ffff8| Untracked 
| 267|0x0000000485800000, 0x0000000486000000, 0x0000000486000000|100%| O|  |TAMS 0x0000000485800000| PB 0x0000000486000000| Untracked 
| 268|0x0000000486000000, 0x0000000486800000, 0x0000000486800000|100%| O|  |TAMS 0x0000000486000000| PB 0x0000000486800000| Untracked 
| 269|0x0000000486800000, 0x0000000487000000, 0x0000000487000000|100%| O|  |TAMS 0x0000000486800000| PB 0x0000000487000000| Untracked 
| 270|0x0000000487000000, 0x0000000487800000, 0x0000000487800000|100%| O|  |TAMS 0x0000000487000000| PB 0x0000000487800000| Untracked 
| 271|0x0000000487800000, 0x0000000487fffff8, 0x0000000488000000| 99%| O|  |TAMS 0x0000000487800000| PB 0x0000000487fffff8| Untracked 
| 272|0x0000000488000000, 0x00000004887ffff8, 0x0000000488800000| 99%| O|  |TAMS 0x0000000488000000| PB 0x00000004887ffff8| Untracked 
| 273|0x0000000488800000, 0x0000000488fffff8, 0x0000000489000000| 99%| O|  |TAMS 0x0000000488800000| PB 0x0000000488fffff8| Untracked 
| 274|0x0000000489000000, 0x00000004897fffd0, 0x0000000489800000| 99%| O|  |TAMS 0x0000000489000000| PB 0x00000004897fffd0| Untracked 
| 275|0x0000000489800000, 0x0000000489fffff8, 0x000000048a000000| 99%| O|  |TAMS 0x0000000489800000| PB 0x0000000489fffff8| Untracked 
| 276|0x000000048a000000, 0x000000048a7fffe8, 0x000000048a800000| 99%| O|  |TAMS 0x000000048a000000| PB 0x000000048a7fffe8| Untracked 
| 277|0x000000048a800000, 0x000000048b000000, 0x000000048b000000|100%| O|  |TAMS 0x000000048a800000| PB 0x000000048b000000| Untracked 
| 278|0x000000048b000000, 0x000000048b7ffff8, 0x000000048b800000| 99%| O|  |TAMS 0x000000048b000000| PB 0x000000048b7ffff8| Untracked 
| 279|0x000000048b800000, 0x000000048bfffff8, 0x000000048c000000| 99%| O|  |TAMS 0x000000048b800000| PB 0x000000048bfffff8| Untracked 
| 280|0x000000048c000000, 0x000000048c7ffff0, 0x000000048c800000| 99%| O|  |TAMS 0x000000048c000000| PB 0x000000048c7ffff0| Untracked 
| 281|0x000000048c800000, 0x000000048cfffff8, 0x000000048d000000| 99%| O|  |TAMS 0x000000048c800000| PB 0x000000048cfffff8| Untracked 
| 282|0x000000048d000000, 0x000000048d800000, 0x000000048d800000|100%| O|  |TAMS 0x000000048d000000| PB 0x000000048d800000| Untracked 
| 283|0x000000048d800000, 0x000000048dffff90, 0x000000048e000000| 99%| O|  |TAMS 0x000000048d800000| PB 0x000000048dffff90| Untracked 
| 284|0x000000048e000000, 0x000000048e800000, 0x000000048e800000|100%| O|  |TAMS 0x000000048e000000| PB 0x000000048e800000| Untracked 
| 285|0x000000048e800000, 0x000000048efffff8, 0x000000048f000000| 99%| O|  |TAMS 0x000000048e800000| PB 0x000000048efffff8| Untracked 
| 286|0x000000048f000000, 0x000000048f800000, 0x000000048f800000|100%| O|  |TAMS 0x000000048f000000| PB 0x000000048f800000| Untracked 
| 287|0x000000048f800000, 0x0000000490000000, 0x0000000490000000|100%| O|  |TAMS 0x000000048f800000| PB 0x0000000490000000| Untracked 
| 288|0x0000000490000000, 0x0000000490800000, 0x0000000490800000|100%| O|  |TAMS 0x0000000490000000| PB 0x0000000490800000| Untracked 
| 289|0x0000000490800000, 0x0000000490fffff8, 0x0000000491000000| 99%| O|  |TAMS 0x0000000490800000| PB 0x0000000490fffff8| Untracked 
| 290|0x0000000491000000, 0x00000004917fffe8, 0x0000000491800000| 99%| O|  |TAMS 0x0000000491000000| PB 0x00000004917fffe8| Untracked 
| 291|0x0000000491800000, 0x0000000492000000, 0x0000000492000000|100%| O|  |TAMS 0x0000000491800000| PB 0x0000000492000000| Untracked 
| 292|0x0000000492000000, 0x0000000492800000, 0x0000000492800000|100%| O|  |TAMS 0x0000000492000000| PB 0x0000000492800000| Untracked 
| 293|0x0000000492800000, 0x0000000492fffff8, 0x0000000493000000| 99%| O|  |TAMS 0x0000000492800000| PB 0x0000000492fffff8| Untracked 
| 294|0x0000000493000000, 0x0000000493800000, 0x0000000493800000|100%| O|  |TAMS 0x0000000493000000| PB 0x0000000493800000| Untracked 
| 295|0x0000000493800000, 0x0000000494000000, 0x0000000494000000|100%| O|  |TAMS 0x0000000493800000| PB 0x0000000494000000| Untracked 
| 296|0x0000000494000000, 0x0000000494800000, 0x0000000494800000|100%| O|  |TAMS 0x0000000494000000| PB 0x0000000494800000| Untracked 
| 297|0x0000000494800000, 0x0000000495000000, 0x0000000495000000|100%| O|  |TAMS 0x0000000494800000| PB 0x0000000495000000| Untracked 
| 298|0x0000000495000000, 0x0000000495800000, 0x0000000495800000|100%| O|  |TAMS 0x0000000495000000| PB 0x0000000495800000| Untracked 
| 299|0x0000000495800000, 0x0000000495fffff8, 0x0000000496000000| 99%| O|  |TAMS 0x0000000495800000| PB 0x0000000495fffff8| Untracked 
| 300|0x0000000496000000, 0x00000004967fffe8, 0x0000000496800000| 99%| O|  |TAMS 0x0000000496000000| PB 0x00000004967fffe8| Untracked 
| 301|0x0000000496800000, 0x0000000497000000, 0x0000000497000000|100%| O|  |TAMS 0x0000000496800000| PB 0x0000000497000000| Untracked 
| 302|0x0000000497000000, 0x0000000497800000, 0x0000000497800000|100%| O|  |TAMS 0x0000000497000000| PB 0x0000000497800000| Untracked 
| 303|0x0000000497800000, 0x0000000498000000, 0x0000000498000000|100%| O|  |TAMS 0x0000000497800000| PB 0x0000000498000000| Untracked 
| 304|0x0000000498000000, 0x0000000498800000, 0x0000000498800000|100%| O|  |TAMS 0x0000000498000000| PB 0x0000000498800000| Untracked 
| 305|0x0000000498800000, 0x0000000498fffff0, 0x0000000499000000| 99%| O|  |TAMS 0x0000000498800000| PB 0x0000000498fffff0| Untracked 
| 306|0x0000000499000000, 0x00000004997ffff0, 0x0000000499800000| 99%| O|  |TAMS 0x0000000499000000| PB 0x00000004997ffff0| Untracked 
| 307|0x0000000499800000, 0x000000049a000000, 0x000000049a000000|100%| O|  |TAMS 0x0000000499800000| PB 0x000000049a000000| Untracked 
| 308|0x000000049a000000, 0x000000049a800000, 0x000000049a800000|100%| O|  |TAMS 0x000000049a000000| PB 0x000000049a800000| Untracked 
| 309|0x000000049a800000, 0x000000049b000000, 0x000000049b000000|100%| O|  |TAMS 0x000000049a800000| PB 0x000000049b000000| Untracked 
| 310|0x000000049b000000, 0x000000049b800000, 0x000000049b800000|100%| O|  |TAMS 0x000000049b000000| PB 0x000000049b800000| Untracked 
| 311|0x000000049b800000, 0x000000049c000000, 0x000000049c000000|100%| O|  |TAMS 0x000000049b800000| PB 0x000000049c000000| Untracked 
| 312|0x000000049c000000, 0x000000049c800000, 0x000000049c800000|100%| O|  |TAMS 0x000000049c000000| PB 0x000000049c800000| Untracked 
| 313|0x000000049c800000, 0x000000049d000000, 0x000000049d000000|100%| O|  |TAMS 0x000000049c800000| PB 0x000000049d000000| Untracked 
| 314|0x000000049d000000, 0x000000049d7fff98, 0x000000049d800000| 99%| O|  |TAMS 0x000000049d000000| PB 0x000000049d7fff98| Untracked 
| 315|0x000000049d800000, 0x000000049e000000, 0x000000049e000000|100%| O|  |TAMS 0x000000049d800000| PB 0x000000049e000000| Untracked 
| 316|0x000000049e000000, 0x000000049e800000, 0x000000049e800000|100%| O|  |TAMS 0x000000049e000000| PB 0x000000049e800000| Untracked 
| 317|0x000000049e800000, 0x000000049f000000, 0x000000049f000000|100%| O|  |TAMS 0x000000049e800000| PB 0x000000049f000000| Untracked 
| 318|0x000000049f000000, 0x000000049f800000, 0x000000049f800000|100%| O|  |TAMS 0x000000049f000000| PB 0x000000049f800000| Untracked 
| 319|0x000000049f800000, 0x00000004a0000000, 0x00000004a0000000|100%| O|  |TAMS 0x000000049f800000| PB 0x00000004a0000000| Untracked 
| 320|0x00000004a0000000, 0x00000004a0800000, 0x00000004a0800000|100%| O|  |TAMS 0x00000004a0000000| PB 0x00000004a0800000| Untracked 
| 321|0x00000004a0800000, 0x00000004a1000000, 0x00000004a1000000|100%| O|  |TAMS 0x00000004a0800000| PB 0x00000004a1000000| Untracked 
| 322|0x00000004a1000000, 0x00000004a1800000, 0x00000004a1800000|100%| O|  |TAMS 0x00000004a1000000| PB 0x00000004a1800000| Untracked 
| 323|0x00000004a1800000, 0x00000004a2000000, 0x00000004a2000000|100%| O|  |TAMS 0x00000004a1800000| PB 0x00000004a2000000| Untracked 
| 324|0x00000004a2000000, 0x00000004a2800000, 0x00000004a2800000|100%| O|  |TAMS 0x00000004a2000000| PB 0x00000004a2800000| Untracked 
| 325|0x00000004a2800000, 0x00000004a2fffff0, 0x00000004a3000000| 99%| O|  |TAMS 0x00000004a2800000| PB 0x00000004a2fffff0| Untracked 
| 326|0x00000004a3000000, 0x00000004a3800000, 0x00000004a3800000|100%| O|  |TAMS 0x00000004a3000000| PB 0x00000004a3800000| Untracked 
| 327|0x00000004a3800000, 0x00000004a4000000, 0x00000004a4000000|100%| O|  |TAMS 0x00000004a3800000| PB 0x00000004a4000000| Untracked 
| 328|0x00000004a4000000, 0x00000004a4800000, 0x00000004a4800000|100%| O|  |TAMS 0x00000004a4000000| PB 0x00000004a4800000| Untracked 
| 329|0x00000004a4800000, 0x00000004a5000000, 0x00000004a5000000|100%| O|  |TAMS 0x00000004a4800000| PB 0x00000004a5000000| Untracked 
| 330|0x00000004a5000000, 0x00000004a5800000, 0x00000004a5800000|100%| O|  |TAMS 0x00000004a5000000| PB 0x00000004a5800000| Untracked 
| 331|0x00000004a5800000, 0x00000004a6000000, 0x00000004a6000000|100%| O|  |TAMS 0x00000004a5800000| PB 0x00000004a6000000| Untracked 
| 332|0x00000004a6000000, 0x00000004a6800000, 0x00000004a6800000|100%| O|  |TAMS 0x00000004a6000000| PB 0x00000004a6800000| Untracked 
| 333|0x00000004a6800000, 0x00000004a7000000, 0x00000004a7000000|100%| O|  |TAMS 0x00000004a6800000| PB 0x00000004a7000000| Untracked 
| 334|0x00000004a7000000, 0x00000004a7800000, 0x00000004a7800000|100%| O|  |TAMS 0x00000004a7000000| PB 0x00000004a7800000| Untracked 
| 335|0x00000004a7800000, 0x00000004a8000000, 0x00000004a8000000|100%| O|  |TAMS 0x00000004a7800000| PB 0x00000004a8000000| Untracked 
| 336|0x00000004a8000000, 0x00000004a8800000, 0x00000004a8800000|100%| O|  |TAMS 0x00000004a8000000| PB 0x00000004a8800000| Untracked 
| 337|0x00000004a8800000, 0x00000004a9000000, 0x00000004a9000000|100%| O|  |TAMS 0x00000004a8800000| PB 0x00000004a9000000| Untracked 
| 338|0x00000004a9000000, 0x00000004a9800000, 0x00000004a9800000|100%| O|  |TAMS 0x00000004a9000000| PB 0x00000004a9800000| Untracked 
| 339|0x00000004a9800000, 0x00000004aa000000, 0x00000004aa000000|100%| O|  |TAMS 0x00000004a9800000| PB 0x00000004aa000000| Untracked 
| 340|0x00000004aa000000, 0x00000004aa800000, 0x00000004aa800000|100%| O|  |TAMS 0x00000004aa000000| PB 0x00000004aa800000| Untracked 
| 341|0x00000004aa800000, 0x00000004ab000000, 0x00000004ab000000|100%| O|  |TAMS 0x00000004aa800000| PB 0x00000004ab000000| Untracked 
| 342|0x00000004ab000000, 0x00000004ab800000, 0x00000004ab800000|100%| O|  |TAMS 0x00000004ab000000| PB 0x00000004ab800000| Untracked 
| 343|0x00000004ab800000, 0x00000004ac000000, 0x00000004ac000000|100%| O|  |TAMS 0x00000004ab800000| PB 0x00000004ac000000| Untracked 
| 344|0x00000004ac000000, 0x00000004ac800000, 0x00000004ac800000|100%| O|  |TAMS 0x00000004ac000000| PB 0x00000004ac800000| Untracked 
| 345|0x00000004ac800000, 0x00000004ad000000, 0x00000004ad000000|100%| O|  |TAMS 0x00000004ac800000| PB 0x00000004ad000000| Untracked 
| 346|0x00000004ad000000, 0x00000004ad800000, 0x00000004ad800000|100%| O|  |TAMS 0x00000004ad000000| PB 0x00000004ad800000| Untracked 
| 347|0x00000004ad800000, 0x00000004ae000000, 0x00000004ae000000|100%| O|  |TAMS 0x00000004ad800000| PB 0x00000004ae000000| Untracked 
| 348|0x00000004ae000000, 0x00000004ae800000, 0x00000004ae800000|100%| O|  |TAMS 0x00000004ae000000| PB 0x00000004ae800000| Untracked 
| 349|0x00000004ae800000, 0x00000004af000000, 0x00000004af000000|100%| O|  |TAMS 0x00000004ae800000| PB 0x00000004af000000| Untracked 
| 350|0x00000004af000000, 0x00000004af800000, 0x00000004af800000|100%| O|  |TAMS 0x00000004af000000| PB 0x00000004af800000| Untracked 
| 351|0x00000004af800000, 0x00000004b0000000, 0x00000004b0000000|100%| O|  |TAMS 0x00000004af800000| PB 0x00000004b0000000| Untracked 
| 352|0x00000004b0000000, 0x00000004b0800000, 0x00000004b0800000|100%| O|  |TAMS 0x00000004b0000000| PB 0x00000004b0800000| Untracked 
| 353|0x00000004b0800000, 0x00000004b1000000, 0x00000004b1000000|100%| O|  |TAMS 0x00000004b0800000| PB 0x00000004b1000000| Untracked 
| 354|0x00000004b1000000, 0x00000004b1800000, 0x00000004b1800000|100%| O|  |TAMS 0x00000004b1000000| PB 0x00000004b1800000| Untracked 
| 355|0x00000004b1800000, 0x00000004b2000000, 0x00000004b2000000|100%| O|  |TAMS 0x00000004b1800000| PB 0x00000004b2000000| Untracked 
| 356|0x00000004b2000000, 0x00000004b2800000, 0x00000004b2800000|100%| O|  |TAMS 0x00000004b2000000| PB 0x00000004b2800000| Untracked 
| 357|0x00000004b2800000, 0x00000004b3000000, 0x00000004b3000000|100%| O|  |TAMS 0x00000004b2800000| PB 0x00000004b3000000| Untracked 
| 358|0x00000004b3000000, 0x00000004b3800000, 0x00000004b3800000|100%| O|  |TAMS 0x00000004b3000000| PB 0x00000004b3800000| Untracked 
| 359|0x00000004b3800000, 0x00000004b4000000, 0x00000004b4000000|100%| O|  |TAMS 0x00000004b3800000| PB 0x00000004b4000000| Untracked 
| 360|0x00000004b4000000, 0x00000004b4800000, 0x00000004b4800000|100%| O|  |TAMS 0x00000004b4000000| PB 0x00000004b4800000| Untracked 
| 361|0x00000004b4800000, 0x00000004b5000000, 0x00000004b5000000|100%| O|  |TAMS 0x00000004b4800000| PB 0x00000004b5000000| Untracked 
| 362|0x00000004b5000000, 0x00000004b5800000, 0x00000004b5800000|100%| O|  |TAMS 0x00000004b5000000| PB 0x00000004b5800000| Untracked 
| 363|0x00000004b5800000, 0x00000004b6000000, 0x00000004b6000000|100%| O|  |TAMS 0x00000004b5800000| PB 0x00000004b6000000| Untracked 
| 364|0x00000004b6000000, 0x00000004b6800000, 0x00000004b6800000|100%| O|  |TAMS 0x00000004b6000000| PB 0x00000004b6800000| Untracked 
| 365|0x00000004b6800000, 0x00000004b7000000, 0x00000004b7000000|100%| O|  |TAMS 0x00000004b6800000| PB 0x00000004b7000000| Untracked 
| 366|0x00000004b7000000, 0x00000004b7800000, 0x00000004b7800000|100%| O|  |TAMS 0x00000004b7000000| PB 0x00000004b7800000| Untracked 
| 367|0x00000004b7800000, 0x00000004b8000000, 0x00000004b8000000|100%| O|  |TAMS 0x00000004b7800000| PB 0x00000004b8000000| Untracked 
| 368|0x00000004b8000000, 0x00000004b8800000, 0x00000004b8800000|100%| O|  |TAMS 0x00000004b8000000| PB 0x00000004b8800000| Untracked 
| 369|0x00000004b8800000, 0x00000004b9000000, 0x00000004b9000000|100%| O|  |TAMS 0x00000004b8800000| PB 0x00000004b9000000| Untracked 
| 370|0x00000004b9000000, 0x00000004b9800000, 0x00000004b9800000|100%| O|  |TAMS 0x00000004b9000000| PB 0x00000004b9800000| Untracked 
| 371|0x00000004b9800000, 0x00000004ba000000, 0x00000004ba000000|100%| O|  |TAMS 0x00000004b9800000| PB 0x00000004ba000000| Untracked 
| 372|0x00000004ba000000, 0x00000004ba800000, 0x00000004ba800000|100%| O|  |TAMS 0x00000004ba000000| PB 0x00000004ba800000| Untracked 
| 373|0x00000004ba800000, 0x00000004bb000000, 0x00000004bb000000|100%| O|  |TAMS 0x00000004ba800000| PB 0x00000004bb000000| Untracked 
| 374|0x00000004bb000000, 0x00000004bb800000, 0x00000004bb800000|100%| O|  |TAMS 0x00000004bb000000| PB 0x00000004bb800000| Untracked 
| 375|0x00000004bb800000, 0x00000004bc000000, 0x00000004bc000000|100%| O|  |TAMS 0x00000004bb800000| PB 0x00000004bc000000| Untracked 
| 376|0x00000004bc000000, 0x00000004bc7ffff8, 0x00000004bc800000| 99%| O|  |TAMS 0x00000004bc000000| PB 0x00000004bc7ffff8| Untracked 
| 377|0x00000004bc800000, 0x00000004bd000000, 0x00000004bd000000|100%| O|  |TAMS 0x00000004bc800000| PB 0x00000004bd000000| Untracked 
| 378|0x00000004bd000000, 0x00000004bd800000, 0x00000004bd800000|100%| O|  |TAMS 0x00000004bd000000| PB 0x00000004bd800000| Untracked 
| 379|0x00000004bd800000, 0x00000004be000000, 0x00000004be000000|100%| O|  |TAMS 0x00000004bd800000| PB 0x00000004be000000| Untracked 
| 380|0x00000004be000000, 0x00000004be800000, 0x00000004be800000|100%| O|  |TAMS 0x00000004be000000| PB 0x00000004be800000| Untracked 
| 381|0x00000004be800000, 0x00000004bf000000, 0x00000004bf000000|100%| O|  |TAMS 0x00000004be800000| PB 0x00000004bf000000| Untracked 
| 382|0x00000004bf000000, 0x00000004bf800000, 0x00000004bf800000|100%| O|  |TAMS 0x00000004bf000000| PB 0x00000004bf800000| Untracked 
| 383|0x00000004bf800000, 0x00000004c0000000, 0x00000004c0000000|100%| O|  |TAMS 0x00000004bf800000| PB 0x00000004c0000000| Untracked 
| 384|0x00000004c0000000, 0x00000004c0800000, 0x00000004c0800000|100%| O|  |TAMS 0x00000004c0000000| PB 0x00000004c0800000| Untracked 
| 385|0x00000004c0800000, 0x00000004c1000000, 0x00000004c1000000|100%| O|  |TAMS 0x00000004c0800000| PB 0x00000004c1000000| Untracked 
| 386|0x00000004c1000000, 0x00000004c1800000, 0x00000004c1800000|100%| O|  |TAMS 0x00000004c1000000| PB 0x00000004c1800000| Untracked 
| 387|0x00000004c1800000, 0x00000004c2000000, 0x00000004c2000000|100%| O|  |TAMS 0x00000004c1800000| PB 0x00000004c2000000| Untracked 
| 388|0x00000004c2000000, 0x00000004c2800000, 0x00000004c2800000|100%| O|  |TAMS 0x00000004c2000000| PB 0x00000004c2800000| Untracked 
| 389|0x00000004c2800000, 0x00000004c2ffffe8, 0x00000004c3000000| 99%| O|  |TAMS 0x00000004c2800000| PB 0x00000004c2ffffe8| Untracked 
| 390|0x00000004c3000000, 0x00000004c37fffe8, 0x00000004c3800000| 99%| O|  |TAMS 0x00000004c3000000| PB 0x00000004c37fffe8| Untracked 
| 391|0x00000004c3800000, 0x00000004c3ffffd8, 0x00000004c4000000| 99%| O|  |TAMS 0x00000004c3800000| PB 0x00000004c3ffffd8| Untracked 
| 392|0x00000004c4000000, 0x00000004c4800000, 0x00000004c4800000|100%| O|  |TAMS 0x00000004c4000000| PB 0x00000004c4800000| Untracked 
| 393|0x00000004c4800000, 0x00000004c5000000, 0x00000004c5000000|100%| O|  |TAMS 0x00000004c4800000| PB 0x00000004c5000000| Untracked 
| 394|0x00000004c5000000, 0x00000004c5800000, 0x00000004c5800000|100%| O|  |TAMS 0x00000004c5000000| PB 0x00000004c5800000| Untracked 
| 395|0x00000004c5800000, 0x00000004c6000000, 0x00000004c6000000|100%| O|  |TAMS 0x00000004c5800000| PB 0x00000004c6000000| Untracked 
| 396|0x00000004c6000000, 0x00000004c6800000, 0x00000004c6800000|100%| O|  |TAMS 0x00000004c6000000| PB 0x00000004c6800000| Untracked 
| 397|0x00000004c6800000, 0x00000004c7000000, 0x00000004c7000000|100%| O|  |TAMS 0x00000004c6800000| PB 0x00000004c7000000| Untracked 
| 398|0x00000004c7000000, 0x00000004c7800000, 0x00000004c7800000|100%|HS|  |TAMS 0x00000004c7000000| PB 0x00000004c7800000| Untracked 
| 399|0x00000004c7800000, 0x00000004c8000000, 0x00000004c8000000|100%| O|  |TAMS 0x00000004c7800000| PB 0x00000004c8000000| Untracked 
| 400|0x00000004c8000000, 0x00000004c87ffff0, 0x00000004c8800000| 99%| O|  |TAMS 0x00000004c8000000| PB 0x00000004c87ffff0| Untracked 
| 401|0x00000004c8800000, 0x00000004c9000000, 0x00000004c9000000|100%| O|  |TAMS 0x00000004c8800000| PB 0x00000004c9000000| Untracked 
| 402|0x00000004c9000000, 0x00000004c9800000, 0x00000004c9800000|100%| O|  |TAMS 0x00000004c9000000| PB 0x00000004c9800000| Untracked 
| 403|0x00000004c9800000, 0x00000004ca000000, 0x00000004ca000000|100%| O|  |TAMS 0x00000004c9800000| PB 0x00000004ca000000| Untracked 
| 404|0x00000004ca000000, 0x00000004ca800000, 0x00000004ca800000|100%| O|  |TAMS 0x00000004ca000000| PB 0x00000004ca800000| Untracked 
| 405|0x00000004ca800000, 0x00000004cb000000, 0x00000004cb000000|100%| O|  |TAMS 0x00000004ca800000| PB 0x00000004cb000000| Untracked 
| 406|0x00000004cb000000, 0x00000004cb800000, 0x00000004cb800000|100%| O|  |TAMS 0x00000004cb000000| PB 0x00000004cb800000| Untracked 
| 407|0x00000004cb800000, 0x00000004cbffffd8, 0x00000004cc000000| 99%| O|  |TAMS 0x00000004cb800000| PB 0x00000004cbffffd8| Untracked 
| 408|0x00000004cc000000, 0x00000004cc7ffff0, 0x00000004cc800000| 99%| O|  |TAMS 0x00000004cc000000| PB 0x00000004cc7ffff0| Untracked 
| 409|0x00000004cc800000, 0x00000004ccffffd8, 0x00000004cd000000| 99%| O|  |TAMS 0x00000004cc800000| PB 0x00000004ccffffd8| Untracked 
| 410|0x00000004cd000000, 0x00000004cd7ffff0, 0x00000004cd800000| 99%| O|  |TAMS 0x00000004cd000000| PB 0x00000004cd7ffff0| Untracked 
| 411|0x00000004cd800000, 0x00000004ce000000, 0x00000004ce000000|100%| O|  |TAMS 0x00000004cd800000| PB 0x00000004ce000000| Untracked 
| 412|0x00000004ce000000, 0x00000004ce800000, 0x00000004ce800000|100%| O|  |TAMS 0x00000004ce000000| PB 0x00000004ce800000| Untracked 
| 413|0x00000004ce800000, 0x00000004cf000000, 0x00000004cf000000|100%| O|  |TAMS 0x00000004ce800000| PB 0x00000004cf000000| Untracked 
| 414|0x00000004cf000000, 0x00000004cf7fffe0, 0x00000004cf800000| 99%| O|  |TAMS 0x00000004cf000000| PB 0x00000004cf7fffe0| Untracked 
| 415|0x00000004cf800000, 0x00000004cffffff0, 0x00000004d0000000| 99%| O|  |TAMS 0x00000004cf800000| PB 0x00000004cffffff0| Untracked 
| 416|0x00000004d0000000, 0x00000004d07fffe8, 0x00000004d0800000| 99%| O|  |TAMS 0x00000004d0000000| PB 0x00000004d07fffe8| Untracked 
| 417|0x00000004d0800000, 0x00000004d1000000, 0x00000004d1000000|100%| O|  |TAMS 0x00000004d0800000| PB 0x00000004d1000000| Untracked 
| 418|0x00000004d1000000, 0x00000004d1800000, 0x00000004d1800000|100%| O|  |TAMS 0x00000004d1000000| PB 0x00000004d1800000| Untracked 
| 419|0x00000004d1800000, 0x00000004d1fffff0, 0x00000004d2000000| 99%| O|  |TAMS 0x00000004d1800000| PB 0x00000004d1fffff0| Untracked 
| 420|0x00000004d2000000, 0x00000004d27ffff0, 0x00000004d2800000| 99%| O|  |TAMS 0x00000004d2000000| PB 0x00000004d27ffff0| Untracked 
| 421|0x00000004d2800000, 0x00000004d3000000, 0x00000004d3000000|100%| O|  |TAMS 0x00000004d2800000| PB 0x00000004d3000000| Untracked 
| 422|0x00000004d3000000, 0x00000004d3800000, 0x00000004d3800000|100%| O|  |TAMS 0x00000004d3000000| PB 0x00000004d3800000| Untracked 
| 423|0x00000004d3800000, 0x00000004d4000000, 0x00000004d4000000|100%| O|  |TAMS 0x00000004d3800000| PB 0x00000004d4000000| Untracked 
| 424|0x00000004d4000000, 0x00000004d4800000, 0x00000004d4800000|100%| O|  |TAMS 0x00000004d4000000| PB 0x00000004d4800000| Untracked 
| 425|0x00000004d4800000, 0x00000004d5000000, 0x00000004d5000000|100%| O|  |TAMS 0x00000004d4800000| PB 0x00000004d5000000| Untracked 
| 426|0x00000004d5000000, 0x00000004d5800000, 0x00000004d5800000|100%| O|  |TAMS 0x00000004d5000000| PB 0x00000004d5800000| Untracked 
| 427|0x00000004d5800000, 0x00000004d6000000, 0x00000004d6000000|100%| O|  |TAMS 0x00000004d5800000| PB 0x00000004d6000000| Untracked 
| 428|0x00000004d6000000, 0x00000004d6800000, 0x00000004d6800000|100%| O|  |TAMS 0x00000004d6000000| PB 0x00000004d6800000| Untracked 
| 429|0x00000004d6800000, 0x00000004d7000000, 0x00000004d7000000|100%| O|  |TAMS 0x00000004d6800000| PB 0x00000004d7000000| Untracked 
| 430|0x00000004d7000000, 0x00000004d7800000, 0x00000004d7800000|100%| O|  |TAMS 0x00000004d7000000| PB 0x00000004d7800000| Untracked 
| 431|0x00000004d7800000, 0x00000004d8000000, 0x00000004d8000000|100%| O|  |TAMS 0x00000004d7800000| PB 0x00000004d8000000| Untracked 
| 432|0x00000004d8000000, 0x00000004d8800000, 0x00000004d8800000|100%| O|  |TAMS 0x00000004d8000000| PB 0x00000004d8800000| Untracked 
| 433|0x00000004d8800000, 0x00000004d9000000, 0x00000004d9000000|100%| O|  |TAMS 0x00000004d8800000| PB 0x00000004d9000000| Untracked 
| 434|0x00000004d9000000, 0x00000004d9800000, 0x00000004d9800000|100%| O|  |TAMS 0x00000004d9000000| PB 0x00000004d9800000| Untracked 
| 435|0x00000004d9800000, 0x00000004da000000, 0x00000004da000000|100%| O|  |TAMS 0x00000004d9800000| PB 0x00000004da000000| Untracked 
| 436|0x00000004da000000, 0x00000004da800000, 0x00000004da800000|100%| O|  |TAMS 0x00000004da000000| PB 0x00000004da800000| Untracked 
| 437|0x00000004da800000, 0x00000004db000000, 0x00000004db000000|100%| O|  |TAMS 0x00000004da800000| PB 0x00000004db000000| Untracked 
| 438|0x00000004db000000, 0x00000004db800000, 0x00000004db800000|100%| O|  |TAMS 0x00000004db000000| PB 0x00000004db800000| Untracked 
| 439|0x00000004db800000, 0x00000004dc000000, 0x00000004dc000000|100%| O|  |TAMS 0x00000004db800000| PB 0x00000004dc000000| Untracked 
| 440|0x00000004dc000000, 0x00000004dc800000, 0x00000004dc800000|100%| O|  |TAMS 0x00000004dc000000| PB 0x00000004dc800000| Untracked 
| 441|0x00000004dc800000, 0x00000004dd000000, 0x00000004dd000000|100%| O|  |TAMS 0x00000004dc800000| PB 0x00000004dd000000| Untracked 
| 442|0x00000004dd000000, 0x00000004dd800000, 0x00000004dd800000|100%| O|  |TAMS 0x00000004dd000000| PB 0x00000004dd800000| Untracked 
| 443|0x00000004dd800000, 0x00000004de000000, 0x00000004de000000|100%| O|  |TAMS 0x00000004dd800000| PB 0x00000004de000000| Untracked 
| 444|0x00000004de000000, 0x00000004de800000, 0x00000004de800000|100%| O|  |TAMS 0x00000004de000000| PB 0x00000004de800000| Untracked 
| 445|0x00000004de800000, 0x00000004df000000, 0x00000004df000000|100%| O|  |TAMS 0x00000004de800000| PB 0x00000004df000000| Untracked 
| 446|0x00000004df000000, 0x00000004df800000, 0x00000004df800000|100%| O|  |TAMS 0x00000004df000000| PB 0x00000004df800000| Untracked 
| 447|0x00000004df800000, 0x00000004e0000000, 0x00000004e0000000|100%| O|  |TAMS 0x00000004df800000| PB 0x00000004e0000000| Untracked 
| 448|0x00000004e0000000, 0x00000004e0800000, 0x00000004e0800000|100%| O|  |TAMS 0x00000004e0000000| PB 0x00000004e0800000| Untracked 
| 449|0x00000004e0800000, 0x00000004e1000000, 0x00000004e1000000|100%| O|  |TAMS 0x00000004e0800000| PB 0x00000004e1000000| Untracked 
| 450|0x00000004e1000000, 0x00000004e17fff80, 0x00000004e1800000| 99%| O|  |TAMS 0x00000004e1000000| PB 0x00000004e17fff80| Untracked 
| 451|0x00000004e1800000, 0x00000004e1ffffe0, 0x00000004e2000000| 99%| O|  |TAMS 0x00000004e1800000| PB 0x00000004e1ffffe0| Untracked 
| 452|0x00000004e2000000, 0x00000004e27fff90, 0x00000004e2800000| 99%| O|  |TAMS 0x00000004e2000000| PB 0x00000004e27fff90| Untracked 
| 453|0x00000004e2800000, 0x00000004e3000000, 0x00000004e3000000|100%| O|  |TAMS 0x00000004e2800000| PB 0x00000004e3000000| Untracked 
| 454|0x00000004e3000000, 0x00000004e3800000, 0x00000004e3800000|100%| O|  |TAMS 0x00000004e3000000| PB 0x00000004e3800000| Untracked 
| 455|0x00000004e3800000, 0x00000004e4000000, 0x00000004e4000000|100%| O|  |TAMS 0x00000004e3800000| PB 0x00000004e4000000| Untracked 
| 456|0x00000004e4000000, 0x00000004e4800000, 0x00000004e4800000|100%| O|  |TAMS 0x00000004e4000000| PB 0x00000004e4800000| Untracked 
| 457|0x00000004e4800000, 0x00000004e4fffff0, 0x00000004e5000000| 99%| O|  |TAMS 0x00000004e4800000| PB 0x00000004e4fffff0| Untracked 
| 458|0x00000004e5000000, 0x00000004e57fffb8, 0x00000004e5800000| 99%| O|  |TAMS 0x00000004e5000000| PB 0x00000004e57fffb8| Untracked 
| 459|0x00000004e5800000, 0x00000004e5ffffb0, 0x00000004e6000000| 99%| O|  |TAMS 0x00000004e5800000| PB 0x00000004e5ffffb0| Untracked 
| 460|0x00000004e6000000, 0x00000004e67fffe0, 0x00000004e6800000| 99%| O|  |TAMS 0x00000004e6000000| PB 0x00000004e67fffe0| Untracked 
| 461|0x00000004e6800000, 0x00000004e7000000, 0x00000004e7000000|100%|HS|  |TAMS 0x00000004e6800000| PB 0x00000004e7000000| Untracked 
| 462|0x00000004e7000000, 0x00000004e7800000, 0x00000004e7800000|100%|HC|  |TAMS 0x00000004e7000000| PB 0x00000004e7800000| Untracked 
| 463|0x00000004e7800000, 0x00000004e8000000, 0x00000004e8000000|100%|HC|  |TAMS 0x00000004e7800000| PB 0x00000004e8000000| Untracked 
| 464|0x00000004e8000000, 0x00000004e8800000, 0x00000004e8800000|100%|HC|  |TAMS 0x00000004e8000000| PB 0x00000004e8800000| Untracked 
| 465|0x00000004e8800000, 0x00000004e9000000, 0x00000004e9000000|100%|HC|  |TAMS 0x00000004e8800000| PB 0x00000004e9000000| Untracked 
| 466|0x00000004e9000000, 0x00000004e97ffff0, 0x00000004e9800000| 99%| O|  |TAMS 0x00000004e9000000| PB 0x00000004e97ffff0| Untracked 
| 467|0x00000004e9800000, 0x00000004ea000000, 0x00000004ea000000|100%| O|  |TAMS 0x00000004e9800000| PB 0x00000004ea000000| Untracked 
| 468|0x00000004ea000000, 0x00000004ea800000, 0x00000004ea800000|100%| O|  |TAMS 0x00000004ea000000| PB 0x00000004ea800000| Untracked 
| 469|0x00000004ea800000, 0x00000004eaffff78, 0x00000004eb000000| 99%| O|  |TAMS 0x00000004ea800000| PB 0x00000004eaffff78| Untracked 
| 470|0x00000004eb000000, 0x00000004eb7ffff8, 0x00000004eb800000| 99%| O|  |TAMS 0x00000004eb000000| PB 0x00000004eb7ffff8| Untracked 
| 471|0x00000004eb800000, 0x00000004ebffffc8, 0x00000004ec000000| 99%| O|  |TAMS 0x00000004eb800000| PB 0x00000004ebffffc8| Untracked 
| 472|0x00000004ec000000, 0x00000004ec7ffff8, 0x00000004ec800000| 99%| O|  |TAMS 0x00000004ec000000| PB 0x00000004ec7ffff8| Untracked 
| 473|0x00000004ec800000, 0x00000004ecffffb8, 0x00000004ed000000| 99%| O|  |TAMS 0x00000004ec800000| PB 0x00000004ecffffb8| Untracked 
| 474|0x00000004ed000000, 0x00000004ed7fffe8, 0x00000004ed800000| 99%| O|  |TAMS 0x00000004ed000000| PB 0x00000004ed7fffe8| Untracked 
| 475|0x00000004ed800000, 0x00000004ee000000, 0x00000004ee000000|100%|HS|  |TAMS 0x00000004ed800000| PB 0x00000004ee000000| Untracked 
| 476|0x00000004ee000000, 0x00000004ee800000, 0x00000004ee800000|100%|HC|  |TAMS 0x00000004ee000000| PB 0x00000004ee800000| Untracked 
| 477|0x00000004ee800000, 0x00000004ef000000, 0x00000004ef000000|100%|HC|  |TAMS 0x00000004ee800000| PB 0x00000004ef000000| Untracked 
| 478|0x00000004ef000000, 0x00000004ef800000, 0x00000004ef800000|100%|HS|  |TAMS 0x00000004ef000000| PB 0x00000004ef800000| Complete 
| 479|0x00000004ef800000, 0x00000004f0000000, 0x00000004f0000000|100%|HC|  |TAMS 0x00000004ef800000| PB 0x00000004f0000000| Complete 
| 480|0x00000004f0000000, 0x00000004f0800000, 0x00000004f0800000|100%|HC|  |TAMS 0x00000004f0000000| PB 0x00000004f0800000| Complete 
| 481|0x00000004f0800000, 0x00000004f0ffffe8, 0x00000004f1000000| 99%| O|  |TAMS 0x00000004f0800000| PB 0x00000004f0ffffe8| Untracked 
| 482|0x00000004f1000000, 0x00000004f17ffff0, 0x00000004f1800000| 99%| O|  |TAMS 0x00000004f1000000| PB 0x00000004f17ffff0| Untracked 
| 483|0x00000004f1800000, 0x00000004f2000000, 0x00000004f2000000|100%| O|  |TAMS 0x00000004f1800000| PB 0x00000004f2000000| Untracked 
| 484|0x00000004f2000000, 0x00000004f2800000, 0x00000004f2800000|100%| O|  |TAMS 0x00000004f2000000| PB 0x00000004f2800000| Untracked 
| 485|0x00000004f2800000, 0x00000004f3000000, 0x00000004f3000000|100%| O|  |TAMS 0x00000004f2800000| PB 0x00000004f3000000| Untracked 
| 486|0x00000004f3000000, 0x00000004f3800000, 0x00000004f3800000|100%| O|  |TAMS 0x00000004f3000000| PB 0x00000004f3800000| Untracked 
| 487|0x00000004f3800000, 0x00000004f4000000, 0x00000004f4000000|100%| O|  |TAMS 0x00000004f3800000| PB 0x00000004f4000000| Untracked 
| 488|0x00000004f4000000, 0x00000004f4800000, 0x00000004f4800000|100%| O|  |TAMS 0x00000004f4000000| PB 0x00000004f4800000| Untracked 
| 489|0x00000004f4800000, 0x00000004f5000000, 0x00000004f5000000|100%| O|  |TAMS 0x00000004f4800000| PB 0x00000004f5000000| Untracked 
| 490|0x00000004f5000000, 0x00000004f5800000, 0x00000004f5800000|100%| O|  |TAMS 0x00000004f5000000| PB 0x00000004f5800000| Untracked 
| 491|0x00000004f5800000, 0x00000004f6000000, 0x00000004f6000000|100%| O|  |TAMS 0x00000004f5800000| PB 0x00000004f6000000| Untracked 
| 492|0x00000004f6000000, 0x00000004f6800000, 0x00000004f6800000|100%| O|  |TAMS 0x00000004f6000000| PB 0x00000004f6800000| Untracked 
| 493|0x00000004f6800000, 0x00000004f7000000, 0x00000004f7000000|100%| O|  |TAMS 0x00000004f6800000| PB 0x00000004f7000000| Untracked 
| 494|0x00000004f7000000, 0x00000004f7800000, 0x00000004f7800000|100%| O|  |TAMS 0x00000004f7000000| PB 0x00000004f7800000| Untracked 
| 495|0x00000004f7800000, 0x00000004f8000000, 0x00000004f8000000|100%| O|  |TAMS 0x00000004f7800000| PB 0x00000004f8000000| Untracked 
| 496|0x00000004f8000000, 0x00000004f8800000, 0x00000004f8800000|100%| O|  |TAMS 0x00000004f8000000| PB 0x00000004f8800000| Untracked 
| 497|0x00000004f8800000, 0x00000004f9000000, 0x00000004f9000000|100%| O|  |TAMS 0x00000004f8800000| PB 0x00000004f9000000| Untracked 
| 498|0x00000004f9000000, 0x00000004f9800000, 0x00000004f9800000|100%| O|  |TAMS 0x00000004f9000000| PB 0x00000004f9800000| Untracked 
| 499|0x00000004f9800000, 0x00000004fa000000, 0x00000004fa000000|100%| O|  |TAMS 0x00000004f9800000| PB 0x00000004fa000000| Untracked 
| 500|0x00000004fa000000, 0x00000004fa800000, 0x00000004fa800000|100%| O|  |TAMS 0x00000004fa000000| PB 0x00000004fa800000| Untracked 
| 501|0x00000004fa800000, 0x00000004fb000000, 0x00000004fb000000|100%| O|  |TAMS 0x00000004fa800000| PB 0x00000004fb000000| Untracked 
| 502|0x00000004fb000000, 0x00000004fb800000, 0x00000004fb800000|100%| O|  |TAMS 0x00000004fb000000| PB 0x00000004fb800000| Untracked 
| 503|0x00000004fb800000, 0x00000004fc000000, 0x00000004fc000000|100%| O|  |TAMS 0x00000004fb800000| PB 0x00000004fc000000| Untracked 
| 504|0x00000004fc000000, 0x00000004fc800000, 0x00000004fc800000|100%| O|  |TAMS 0x00000004fc000000| PB 0x00000004fc800000| Untracked 
| 505|0x00000004fc800000, 0x00000004fd000000, 0x00000004fd000000|100%| O|  |TAMS 0x00000004fc800000| PB 0x00000004fd000000| Untracked 
| 506|0x00000004fd000000, 0x00000004fd800000, 0x00000004fd800000|100%| O|  |TAMS 0x00000004fd000000| PB 0x00000004fd800000| Untracked 
| 507|0x00000004fd800000, 0x00000004fe000000, 0x00000004fe000000|100%| O|  |TAMS 0x00000004fd800000| PB 0x00000004fe000000| Untracked 
| 508|0x00000004fe000000, 0x00000004fe800000, 0x00000004fe800000|100%| O|  |TAMS 0x00000004fe000000| PB 0x00000004fe800000| Untracked 
| 509|0x00000004fe800000, 0x00000004ff000000, 0x00000004ff000000|100%| O|  |TAMS 0x00000004fe800000| PB 0x00000004ff000000| Untracked 
| 510|0x00000004ff000000, 0x00000004ff800000, 0x00000004ff800000|100%| O|  |TAMS 0x00000004ff000000| PB 0x00000004ff800000| Untracked 
| 511|0x00000004ff800000, 0x0000000500000000, 0x0000000500000000|100%| O|  |TAMS 0x00000004ff800000| PB 0x0000000500000000| Untracked 
| 512|0x0000000500000000, 0x0000000500800000, 0x0000000500800000|100%| O|  |TAMS 0x0000000500000000| PB 0x0000000500800000| Untracked 
| 513|0x0000000500800000, 0x0000000501000000, 0x0000000501000000|100%| O|  |TAMS 0x0000000500800000| PB 0x0000000501000000| Untracked 
| 514|0x0000000501000000, 0x0000000501800000, 0x0000000501800000|100%| O|  |TAMS 0x0000000501000000| PB 0x0000000501800000| Untracked 
| 515|0x0000000501800000, 0x0000000502000000, 0x0000000502000000|100%| O|  |TAMS 0x0000000501800000| PB 0x0000000502000000| Untracked 
| 516|0x0000000502000000, 0x0000000502800000, 0x0000000502800000|100%| O|  |TAMS 0x0000000502000000| PB 0x0000000502800000| Untracked 
| 517|0x0000000502800000, 0x0000000503000000, 0x0000000503000000|100%| O|  |TAMS 0x0000000502800000| PB 0x0000000503000000| Untracked 
| 518|0x0000000503000000, 0x0000000503800000, 0x0000000503800000|100%| O|  |TAMS 0x0000000503000000| PB 0x0000000503800000| Untracked 
| 519|0x0000000503800000, 0x0000000504000000, 0x0000000504000000|100%| O|  |TAMS 0x0000000503800000| PB 0x0000000504000000| Untracked 
| 520|0x0000000504000000, 0x0000000504800000, 0x0000000504800000|100%| O|  |TAMS 0x0000000504000000| PB 0x0000000504800000| Untracked 
| 521|0x0000000504800000, 0x0000000505000000, 0x0000000505000000|100%| O|  |TAMS 0x0000000504800000| PB 0x0000000505000000| Untracked 
| 522|0x0000000505000000, 0x0000000505800000, 0x0000000505800000|100%| O|  |TAMS 0x0000000505000000| PB 0x0000000505800000| Untracked 
| 523|0x0000000505800000, 0x0000000506000000, 0x0000000506000000|100%| O|  |TAMS 0x0000000505800000| PB 0x0000000506000000| Untracked 
| 524|0x0000000506000000, 0x0000000506800000, 0x0000000506800000|100%| O|  |TAMS 0x0000000506000000| PB 0x0000000506800000| Untracked 
| 525|0x0000000506800000, 0x0000000507000000, 0x0000000507000000|100%| O|  |TAMS 0x0000000506800000| PB 0x0000000507000000| Untracked 
| 526|0x0000000507000000, 0x0000000507800000, 0x0000000507800000|100%| O|  |TAMS 0x0000000507000000| PB 0x0000000507800000| Untracked 
| 527|0x0000000507800000, 0x0000000508000000, 0x0000000508000000|100%| O|  |TAMS 0x0000000507800000| PB 0x0000000508000000| Untracked 
| 528|0x0000000508000000, 0x00000005087ffff0, 0x0000000508800000| 99%| O|  |TAMS 0x0000000508000000| PB 0x00000005087ffff0| Untracked 
| 529|0x0000000508800000, 0x0000000509000000, 0x0000000509000000|100%| O|  |TAMS 0x0000000508800000| PB 0x0000000509000000| Untracked 
| 530|0x0000000509000000, 0x0000000509800000, 0x0000000509800000|100%| O|  |TAMS 0x0000000509000000| PB 0x0000000509800000| Untracked 
| 531|0x0000000509800000, 0x0000000509ffffe0, 0x000000050a000000| 99%| O|  |TAMS 0x0000000509800000| PB 0x0000000509ffffe0| Untracked 
| 532|0x000000050a000000, 0x000000050a7fffe0, 0x000000050a800000| 99%| O|  |TAMS 0x000000050a000000| PB 0x000000050a7fffe0| Untracked 
| 533|0x000000050a800000, 0x000000050affffe8, 0x000000050b000000| 99%| O|  |TAMS 0x000000050a800000| PB 0x000000050affffe8| Untracked 
| 534|0x000000050b000000, 0x000000050b7fffc8, 0x000000050b800000| 99%| O|  |TAMS 0x000000050b000000| PB 0x000000050b7fffc8| Untracked 
| 535|0x000000050b800000, 0x000000050bc15460, 0x000000050c000000| 51%| O|  |TAMS 0x000000050b800000| PB 0x000000050bc15460| Untracked 
| 536|0x000000050c000000, 0x000000050c800000, 0x000000050c800000|100%| O|  |TAMS 0x000000050c000000| PB 0x000000050c800000| Untracked 
| 537|0x000000050c800000, 0x000000050d000000, 0x000000050d000000|100%|HS|  |TAMS 0x000000050c800000| PB 0x000000050d000000| Untracked 
| 538|0x000000050d000000, 0x000000050d800000, 0x000000050d800000|100%|HC|  |TAMS 0x000000050d000000| PB 0x000000050d800000| Untracked 
| 539|0x000000050d800000, 0x000000050e000000, 0x000000050e000000|100%|HC|  |TAMS 0x000000050d800000| PB 0x000000050e000000| Untracked 
| 540|0x000000050e000000, 0x000000050e800000, 0x000000050e800000|100%|HC|  |TAMS 0x000000050e000000| PB 0x000000050e800000| Untracked 
| 541|0x000000050e800000, 0x000000050f000000, 0x000000050f000000|100%|HC|  |TAMS 0x000000050e800000| PB 0x000000050f000000| Untracked 
| 542|0x000000050f000000, 0x000000050f7ffff0, 0x000000050f800000| 99%| O|  |TAMS 0x000000050f000000| PB 0x000000050f7ffff0| Untracked 
| 543|0x000000050f800000, 0x000000050fffffe8, 0x0000000510000000| 99%| O|  |TAMS 0x000000050f800000| PB 0x000000050fffffe8| Untracked 
| 544|0x0000000510000000, 0x000000051079ad20, 0x0000000510800000| 95%| O|  |TAMS 0x0000000510000000| PB 0x000000051079ad20| Untracked 
| 545|0x0000000510800000, 0x0000000510ffff98, 0x0000000511000000| 99%| O|  |TAMS 0x0000000510800000| PB 0x0000000510ffff98| Untracked 
| 546|0x0000000511000000, 0x00000005117fffd0, 0x0000000511800000| 99%| O|  |TAMS 0x0000000511000000| PB 0x00000005117fffd0| Untracked 
| 547|0x0000000511800000, 0x0000000511e140d8, 0x0000000512000000| 75%| O|  |TAMS 0x0000000511800000| PB 0x0000000511e140d8| Untracked 
| 548|0x0000000512000000, 0x0000000512800000, 0x0000000512800000|100%|HS|  |TAMS 0x0000000512000000| PB 0x0000000512800000| Complete 
| 549|0x0000000512800000, 0x0000000513000000, 0x0000000513000000|100%|HC|  |TAMS 0x0000000512800000| PB 0x0000000513000000| Complete 
| 550|0x0000000513000000, 0x0000000513800000, 0x0000000513800000|100%|HC|  |TAMS 0x0000000513000000| PB 0x0000000513800000| Complete 
| 551|0x0000000513800000, 0x0000000514000000, 0x0000000514000000|100%|HC|  |TAMS 0x0000000513800000| PB 0x0000000514000000| Complete 
| 552|0x0000000514000000, 0x0000000514800000, 0x0000000514800000|100%|HC|  |TAMS 0x0000000514000000| PB 0x0000000514800000| Complete 
| 553|0x0000000514800000, 0x0000000515000000, 0x0000000515000000|100%|HC|  |TAMS 0x0000000514800000| PB 0x0000000515000000| Complete 
| 554|0x0000000515000000, 0x0000000515800000, 0x0000000515800000|100%|HC|  |TAMS 0x0000000515000000| PB 0x0000000515800000| Complete 
| 555|0x0000000515800000, 0x0000000516000000, 0x0000000516000000|100%|HC|  |TAMS 0x0000000515800000| PB 0x0000000516000000| Complete 
| 556|0x0000000516000000, 0x0000000516800000, 0x0000000516800000|100%|HC|  |TAMS 0x0000000516000000| PB 0x0000000516800000| Complete 
| 557|0x0000000516800000, 0x0000000517000000, 0x0000000517000000|100%| O|  |TAMS 0x0000000516800000| PB 0x0000000517000000| Untracked 
| 558|0x0000000517000000, 0x0000000517800000, 0x0000000517800000|100%| O|  |TAMS 0x0000000517000000| PB 0x0000000517800000| Untracked 
| 559|0x0000000517800000, 0x0000000518000000, 0x0000000518000000|100%| O|  |TAMS 0x0000000517800000| PB 0x0000000518000000| Untracked 
| 560|0x0000000518000000, 0x0000000518800000, 0x0000000518800000|100%| O|  |TAMS 0x0000000518000000| PB 0x0000000518800000| Untracked 
| 561|0x0000000518800000, 0x0000000519000000, 0x0000000519000000|100%| O|  |TAMS 0x0000000518800000| PB 0x0000000519000000| Untracked 
| 562|0x0000000519000000, 0x0000000519800000, 0x0000000519800000|100%| O|  |TAMS 0x0000000519000000| PB 0x0000000519800000| Untracked 
| 563|0x0000000519800000, 0x000000051a000000, 0x000000051a000000|100%| O|  |TAMS 0x0000000519800000| PB 0x000000051a000000| Untracked 
| 564|0x000000051a000000, 0x000000051a800000, 0x000000051a800000|100%| O|  |TAMS 0x000000051a000000| PB 0x000000051a800000| Untracked 
| 565|0x000000051a800000, 0x000000051b000000, 0x000000051b000000|100%| O|  |TAMS 0x000000051a800000| PB 0x000000051b000000| Untracked 
| 566|0x000000051b000000, 0x000000051b800000, 0x000000051b800000|100%| O|  |TAMS 0x000000051b000000| PB 0x000000051b800000| Untracked 
| 567|0x000000051b800000, 0x000000051c000000, 0x000000051c000000|100%| O|  |TAMS 0x000000051b800000| PB 0x000000051c000000| Untracked 
| 568|0x000000051c000000, 0x000000051c800000, 0x000000051c800000|100%| O|  |TAMS 0x000000051c000000| PB 0x000000051c800000| Untracked 
| 569|0x000000051c800000, 0x000000051d000000, 0x000000051d000000|100%| O|  |TAMS 0x000000051c800000| PB 0x000000051d000000| Untracked 
| 570|0x000000051d000000, 0x000000051d800000, 0x000000051d800000|100%| O|  |TAMS 0x000000051d000000| PB 0x000000051d800000| Untracked 
| 571|0x000000051d800000, 0x000000051e000000, 0x000000051e000000|100%| O|  |TAMS 0x000000051d800000| PB 0x000000051e000000| Untracked 
| 572|0x000000051e000000, 0x000000051e800000, 0x000000051e800000|100%| O|  |TAMS 0x000000051e000000| PB 0x000000051e800000| Untracked 
| 573|0x000000051e800000, 0x000000051f000000, 0x000000051f000000|100%| O|  |TAMS 0x000000051e800000| PB 0x000000051f000000| Untracked 
| 574|0x000000051f000000, 0x000000051f800000, 0x000000051f800000|100%| O|  |TAMS 0x000000051f000000| PB 0x000000051f800000| Untracked 
| 575|0x000000051f800000, 0x0000000520000000, 0x0000000520000000|100%| O|  |TAMS 0x000000051f800000| PB 0x0000000520000000| Untracked 
| 576|0x0000000520000000, 0x0000000520800000, 0x0000000520800000|100%| O|  |TAMS 0x0000000520000000| PB 0x0000000520800000| Untracked 
| 577|0x0000000520800000, 0x0000000521000000, 0x0000000521000000|100%| O|  |TAMS 0x0000000520800000| PB 0x0000000521000000| Untracked 
| 578|0x0000000521000000, 0x0000000521800000, 0x0000000521800000|100%| O|  |TAMS 0x0000000521000000| PB 0x0000000521800000| Untracked 
| 579|0x0000000521800000, 0x0000000522000000, 0x0000000522000000|100%| O|  |TAMS 0x0000000521800000| PB 0x0000000522000000| Untracked 
| 580|0x0000000522000000, 0x0000000522800000, 0x0000000522800000|100%| O|  |TAMS 0x0000000522000000| PB 0x0000000522800000| Untracked 
| 581|0x0000000522800000, 0x0000000523000000, 0x0000000523000000|100%| O|  |TAMS 0x0000000522800000| PB 0x0000000523000000| Untracked 
| 582|0x0000000523000000, 0x0000000523800000, 0x0000000523800000|100%| O|  |TAMS 0x0000000523000000| PB 0x0000000523800000| Untracked 
| 583|0x0000000523800000, 0x0000000524000000, 0x0000000524000000|100%| O|  |TAMS 0x0000000523800000| PB 0x0000000524000000| Untracked 
| 584|0x0000000524000000, 0x0000000524800000, 0x0000000524800000|100%| O|  |TAMS 0x0000000524000000| PB 0x0000000524800000| Untracked 
| 585|0x0000000524800000, 0x0000000525000000, 0x0000000525000000|100%| O|  |TAMS 0x0000000524800000| PB 0x0000000525000000| Untracked 
| 586|0x0000000525000000, 0x0000000525800000, 0x0000000525800000|100%| O|  |TAMS 0x0000000525000000| PB 0x0000000525800000| Untracked 
| 587|0x0000000525800000, 0x0000000526000000, 0x0000000526000000|100%| O|  |TAMS 0x0000000525800000| PB 0x0000000526000000| Untracked 
| 588|0x0000000526000000, 0x0000000526800000, 0x0000000526800000|100%| O|  |TAMS 0x0000000526000000| PB 0x0000000526800000| Untracked 
| 589|0x0000000526800000, 0x0000000527000000, 0x0000000527000000|100%| O|  |TAMS 0x0000000526800000| PB 0x0000000527000000| Untracked 
| 590|0x0000000527000000, 0x0000000527800000, 0x0000000527800000|100%| O|  |TAMS 0x0000000527000000| PB 0x0000000527800000| Untracked 
| 591|0x0000000527800000, 0x0000000528000000, 0x0000000528000000|100%| O|  |TAMS 0x0000000527800000| PB 0x0000000528000000| Untracked 
| 592|0x0000000528000000, 0x0000000528800000, 0x0000000528800000|100%| O|  |TAMS 0x0000000528000000| PB 0x0000000528800000| Untracked 
| 593|0x0000000528800000, 0x0000000529000000, 0x0000000529000000|100%| O|  |TAMS 0x0000000528800000| PB 0x0000000529000000| Untracked 
| 594|0x0000000529000000, 0x0000000529800000, 0x0000000529800000|100%| O|  |TAMS 0x0000000529000000| PB 0x0000000529800000| Untracked 
| 595|0x0000000529800000, 0x000000052a000000, 0x000000052a000000|100%| O|  |TAMS 0x0000000529800000| PB 0x000000052a000000| Untracked 
| 596|0x000000052a000000, 0x000000052a800000, 0x000000052a800000|100%| O|  |TAMS 0x000000052a000000| PB 0x000000052a800000| Untracked 
| 597|0x000000052a800000, 0x000000052b000000, 0x000000052b000000|100%| O|  |TAMS 0x000000052a800000| PB 0x000000052b000000| Untracked 
| 598|0x000000052b000000, 0x000000052b800000, 0x000000052b800000|100%| O|  |TAMS 0x000000052b000000| PB 0x000000052b800000| Untracked 
| 599|0x000000052b800000, 0x000000052c000000, 0x000000052c000000|100%| O|  |TAMS 0x000000052b800000| PB 0x000000052c000000| Untracked 
| 600|0x000000052c000000, 0x000000052c800000, 0x000000052c800000|100%| O|  |TAMS 0x000000052c000000| PB 0x000000052c800000| Untracked 
| 601|0x000000052c800000, 0x000000052d000000, 0x000000052d000000|100%| O|  |TAMS 0x000000052c800000| PB 0x000000052d000000| Untracked 
| 602|0x000000052d000000, 0x000000052d800000, 0x000000052d800000|100%| O|  |TAMS 0x000000052d000000| PB 0x000000052d800000| Untracked 
| 603|0x000000052d800000, 0x000000052e000000, 0x000000052e000000|100%| O|  |TAMS 0x000000052d800000| PB 0x000000052e000000| Untracked 
| 604|0x000000052e000000, 0x000000052e800000, 0x000000052e800000|100%| O|  |TAMS 0x000000052e000000| PB 0x000000052e800000| Untracked 
| 605|0x000000052e800000, 0x000000052f000000, 0x000000052f000000|100%| O|  |TAMS 0x000000052e800000| PB 0x000000052f000000| Untracked 
| 606|0x000000052f000000, 0x000000052f800000, 0x000000052f800000|100%| O|  |TAMS 0x000000052f000000| PB 0x000000052f800000| Untracked 
| 607|0x000000052f800000, 0x0000000530000000, 0x0000000530000000|100%| O|  |TAMS 0x000000052f800000| PB 0x0000000530000000| Untracked 
| 608|0x0000000530000000, 0x0000000530800000, 0x0000000530800000|100%| O|  |TAMS 0x0000000530000000| PB 0x0000000530800000| Untracked 
| 609|0x0000000530800000, 0x0000000531000000, 0x0000000531000000|100%| O|  |TAMS 0x0000000530800000| PB 0x0000000531000000| Untracked 
| 610|0x0000000531000000, 0x0000000531800000, 0x0000000531800000|100%| O|  |TAMS 0x0000000531000000| PB 0x0000000531800000| Untracked 
| 611|0x0000000531800000, 0x0000000532000000, 0x0000000532000000|100%| O|  |TAMS 0x0000000531800000| PB 0x0000000532000000| Untracked 
| 612|0x0000000532000000, 0x0000000532800000, 0x0000000532800000|100%| O|  |TAMS 0x0000000532000000| PB 0x0000000532800000| Untracked 
| 613|0x0000000532800000, 0x0000000533000000, 0x0000000533000000|100%| O|  |TAMS 0x0000000532800000| PB 0x0000000533000000| Untracked 
| 614|0x0000000533000000, 0x0000000533800000, 0x0000000533800000|100%| O|  |TAMS 0x0000000533000000| PB 0x0000000533800000| Untracked 
| 615|0x0000000533800000, 0x0000000534000000, 0x0000000534000000|100%| O|  |TAMS 0x0000000533800000| PB 0x0000000534000000| Untracked 
| 616|0x0000000534000000, 0x0000000534800000, 0x0000000534800000|100%| O|  |TAMS 0x0000000534000000| PB 0x0000000534800000| Untracked 
| 617|0x0000000534800000, 0x0000000535000000, 0x0000000535000000|100%| O|  |TAMS 0x0000000534800000| PB 0x0000000535000000| Untracked 
| 618|0x0000000535000000, 0x0000000535800000, 0x0000000535800000|100%| O|  |TAMS 0x0000000535000000| PB 0x0000000535800000| Untracked 
| 619|0x0000000535800000, 0x0000000536000000, 0x0000000536000000|100%| O|  |TAMS 0x0000000535800000| PB 0x0000000536000000| Untracked 
| 620|0x0000000536000000, 0x0000000536800000, 0x0000000536800000|100%| O|  |TAMS 0x0000000536000000| PB 0x0000000536800000| Untracked 
| 621|0x0000000536800000, 0x0000000537000000, 0x0000000537000000|100%| O|  |TAMS 0x0000000536800000| PB 0x0000000537000000| Untracked 
| 622|0x0000000537000000, 0x0000000537800000, 0x0000000537800000|100%| O|  |TAMS 0x0000000537000000| PB 0x0000000537800000| Untracked 
| 623|0x0000000537800000, 0x0000000538000000, 0x0000000538000000|100%| O|  |TAMS 0x0000000537800000| PB 0x0000000538000000| Untracked 
| 624|0x0000000538000000, 0x0000000538800000, 0x0000000538800000|100%| O|  |TAMS 0x0000000538000000| PB 0x0000000538800000| Untracked 
| 625|0x0000000538800000, 0x0000000539000000, 0x0000000539000000|100%| O|  |TAMS 0x0000000538800000| PB 0x0000000539000000| Untracked 
| 626|0x0000000539000000, 0x0000000539800000, 0x0000000539800000|100%| O|  |TAMS 0x0000000539000000| PB 0x0000000539800000| Untracked 
| 627|0x0000000539800000, 0x000000053a000000, 0x000000053a000000|100%| O|  |TAMS 0x0000000539800000| PB 0x000000053a000000| Untracked 
| 628|0x000000053a000000, 0x000000053a800000, 0x000000053a800000|100%| O|  |TAMS 0x000000053a000000| PB 0x000000053a800000| Untracked 
| 629|0x000000053a800000, 0x000000053b000000, 0x000000053b000000|100%| O|  |TAMS 0x000000053a800000| PB 0x000000053b000000| Untracked 
| 630|0x000000053b000000, 0x000000053b800000, 0x000000053b800000|100%| O|  |TAMS 0x000000053b000000| PB 0x000000053b800000| Untracked 
| 631|0x000000053b800000, 0x000000053c000000, 0x000000053c000000|100%| O|  |TAMS 0x000000053b800000| PB 0x000000053c000000| Untracked 
| 632|0x000000053c000000, 0x000000053c800000, 0x000000053c800000|100%| O|  |TAMS 0x000000053c000000| PB 0x000000053c800000| Untracked 
| 633|0x000000053c800000, 0x000000053d000000, 0x000000053d000000|100%| O|  |TAMS 0x000000053c800000| PB 0x000000053d000000| Untracked 
| 634|0x000000053d000000, 0x000000053d800000, 0x000000053d800000|100%| O|  |TAMS 0x000000053d000000| PB 0x000000053d800000| Untracked 
| 635|0x000000053d800000, 0x000000053e000000, 0x000000053e000000|100%| O|  |TAMS 0x000000053d800000| PB 0x000000053e000000| Untracked 
| 636|0x000000053e000000, 0x000000053e800000, 0x000000053e800000|100%| O|  |TAMS 0x000000053e000000| PB 0x000000053e800000| Untracked 
| 637|0x000000053e800000, 0x000000053f000000, 0x000000053f000000|100%| O|  |TAMS 0x000000053e800000| PB 0x000000053f000000| Untracked 
| 638|0x000000053f000000, 0x000000053f800000, 0x000000053f800000|100%| O|  |TAMS 0x000000053f000000| PB 0x000000053f800000| Untracked 
| 639|0x000000053f800000, 0x0000000540000000, 0x0000000540000000|100%| O|  |TAMS 0x000000053f800000| PB 0x0000000540000000| Untracked 
| 640|0x0000000540000000, 0x0000000540800000, 0x0000000540800000|100%| O|  |TAMS 0x0000000540000000| PB 0x0000000540800000| Untracked 
| 641|0x0000000540800000, 0x0000000541000000, 0x0000000541000000|100%| O|  |TAMS 0x0000000540800000| PB 0x0000000541000000| Untracked 
| 642|0x0000000541000000, 0x0000000541800000, 0x0000000541800000|100%| O|  |TAMS 0x0000000541000000| PB 0x0000000541800000| Untracked 
| 643|0x0000000541800000, 0x0000000542000000, 0x0000000542000000|100%| O|  |TAMS 0x0000000541800000| PB 0x0000000542000000| Untracked 
| 644|0x0000000542000000, 0x0000000542800000, 0x0000000542800000|100%| O|  |TAMS 0x0000000542000000| PB 0x0000000542800000| Untracked 
| 645|0x0000000542800000, 0x0000000543000000, 0x0000000543000000|100%| O|  |TAMS 0x0000000542800000| PB 0x0000000543000000| Untracked 
| 646|0x0000000543000000, 0x0000000543800000, 0x0000000543800000|100%| O|  |TAMS 0x0000000543000000| PB 0x0000000543800000| Untracked 
| 647|0x0000000543800000, 0x0000000544000000, 0x0000000544000000|100%| O|  |TAMS 0x0000000543800000| PB 0x0000000544000000| Untracked 
| 648|0x0000000544000000, 0x0000000544800000, 0x0000000544800000|100%| O|  |TAMS 0x0000000544000000| PB 0x0000000544800000| Untracked 
| 649|0x0000000544800000, 0x0000000545000000, 0x0000000545000000|100%| O|  |TAMS 0x0000000544800000| PB 0x0000000545000000| Untracked 
| 650|0x0000000545000000, 0x0000000545800000, 0x0000000545800000|100%| O|  |TAMS 0x0000000545000000| PB 0x0000000545800000| Untracked 
| 651|0x0000000545800000, 0x0000000546000000, 0x0000000546000000|100%| O|  |TAMS 0x0000000545800000| PB 0x0000000546000000| Untracked 
| 652|0x0000000546000000, 0x0000000546800000, 0x0000000546800000|100%| O|  |TAMS 0x0000000546000000| PB 0x0000000546800000| Untracked 
| 653|0x0000000546800000, 0x0000000547000000, 0x0000000547000000|100%| O|  |TAMS 0x0000000546800000| PB 0x0000000547000000| Untracked 
| 654|0x0000000547000000, 0x0000000547800000, 0x0000000547800000|100%| O|  |TAMS 0x0000000547000000| PB 0x0000000547800000| Untracked 
| 655|0x0000000547800000, 0x0000000548000000, 0x0000000548000000|100%| O|  |TAMS 0x0000000547800000| PB 0x0000000548000000| Untracked 
| 656|0x0000000548000000, 0x0000000548800000, 0x0000000548800000|100%| O|  |TAMS 0x0000000548000000| PB 0x0000000548800000| Untracked 
| 657|0x0000000548800000, 0x0000000549000000, 0x0000000549000000|100%| O|  |TAMS 0x0000000548800000| PB 0x0000000549000000| Untracked 
| 658|0x0000000549000000, 0x0000000549800000, 0x0000000549800000|100%| O|  |TAMS 0x0000000549000000| PB 0x0000000549800000| Untracked 
| 659|0x0000000549800000, 0x000000054a000000, 0x000000054a000000|100%| O|  |TAMS 0x0000000549800000| PB 0x000000054a000000| Untracked 
| 660|0x000000054a000000, 0x000000054a800000, 0x000000054a800000|100%| O|  |TAMS 0x000000054a000000| PB 0x000000054a800000| Untracked 
| 661|0x000000054a800000, 0x000000054b000000, 0x000000054b000000|100%| O|  |TAMS 0x000000054a800000| PB 0x000000054b000000| Untracked 
| 662|0x000000054b000000, 0x000000054b7fffe0, 0x000000054b800000| 99%| O|  |TAMS 0x000000054b000000| PB 0x000000054b7fffe0| Untracked 
| 663|0x000000054b800000, 0x000000054bffff80, 0x000000054c000000| 99%| O|  |TAMS 0x000000054b800000| PB 0x000000054bffff80| Untracked 
| 664|0x000000054c000000, 0x000000054c7fff98, 0x000000054c800000| 99%| O|  |TAMS 0x000000054c000000| PB 0x000000054c7fff98| Untracked 
| 665|0x000000054c800000, 0x000000054cfffff8, 0x000000054d000000| 99%| O|  |TAMS 0x000000054c800000| PB 0x000000054cfffff8| Untracked 
| 666|0x000000054d000000, 0x000000054d7ffff0, 0x000000054d800000| 99%| O|  |TAMS 0x000000054d000000| PB 0x000000054d7ffff0| Untracked 
| 667|0x000000054d800000, 0x000000054dffffe0, 0x000000054e000000| 99%| O|  |TAMS 0x000000054d800000| PB 0x000000054dffffe0| Untracked 
| 668|0x000000054e000000, 0x000000054e800000, 0x000000054e800000|100%| O|  |TAMS 0x000000054e000000| PB 0x000000054e800000| Untracked 
| 669|0x000000054e800000, 0x000000054effff98, 0x000000054f000000| 99%| O|  |TAMS 0x000000054e800000| PB 0x000000054effff98| Untracked 
| 670|0x000000054f000000, 0x000000054f800000, 0x000000054f800000|100%| O|  |TAMS 0x000000054f000000| PB 0x000000054f800000| Untracked 
| 671|0x000000054f800000, 0x000000054fca3028, 0x0000000550000000| 57%| O|  |TAMS 0x000000054f800000| PB 0x000000054fca3028| Untracked 
| 672|0x0000000550000000, 0x0000000550800000, 0x0000000550800000|100%| O|  |TAMS 0x0000000550000000| PB 0x0000000550800000| Untracked 
| 673|0x0000000550800000, 0x0000000550fffff0, 0x0000000551000000| 99%| O|  |TAMS 0x0000000550800000| PB 0x0000000550fffff0| Untracked 
| 674|0x0000000551000000, 0x000000055150a408, 0x0000000551800000| 63%| O|  |TAMS 0x0000000551000000| PB 0x000000055150a408| Untracked 
| 675|0x0000000551800000, 0x0000000551fffff0, 0x0000000552000000| 99%| O|  |TAMS 0x0000000551800000| PB 0x0000000551fffff0| Untracked 
| 676|0x0000000552000000, 0x0000000552800000, 0x0000000552800000|100%| O|  |TAMS 0x0000000552000000| PB 0x0000000552800000| Untracked 
| 677|0x0000000552800000, 0x0000000552cb3200, 0x0000000553000000| 58%| O|  |TAMS 0x0000000552800000| PB 0x0000000552cb3200| Untracked 
| 678|0x0000000553000000, 0x00000005537ffff0, 0x0000000553800000| 99%| O|  |TAMS 0x0000000553000000| PB 0x00000005537ffff0| Untracked 
| 679|0x0000000553800000, 0x0000000554000000, 0x0000000554000000|100%| O|  |TAMS 0x0000000553800000| PB 0x0000000554000000| Untracked 
| 680|0x0000000554000000, 0x00000005547ffff0, 0x0000000554800000| 99%| O|  |TAMS 0x0000000554000000| PB 0x00000005547ffff0| Untracked 
| 681|0x0000000554800000, 0x0000000554ffffa8, 0x0000000555000000| 99%| O|  |TAMS 0x0000000554800000| PB 0x0000000554ffffa8| Untracked 
| 682|0x0000000555000000, 0x00000005557fffe8, 0x0000000555800000| 99%| O|  |TAMS 0x0000000555000000| PB 0x00000005557fffe8| Untracked 
| 683|0x0000000555800000, 0x0000000555fffff0, 0x0000000556000000| 99%| O|  |TAMS 0x0000000555800000| PB 0x0000000555fffff0| Untracked 
| 684|0x0000000556000000, 0x00000005566ac718, 0x0000000556800000| 83%| O|  |TAMS 0x0000000556000000| PB 0x00000005566ac718| Untracked 
| 685|0x0000000556800000, 0x0000000556c417c8, 0x0000000557000000| 53%| O|  |TAMS 0x0000000556800000| PB 0x0000000556c417c8| Untracked 
| 686|0x0000000557000000, 0x00000005577fff88, 0x0000000557800000| 99%| O|  |TAMS 0x0000000557000000| PB 0x00000005577fff88| Untracked 
| 687|0x0000000557800000, 0x0000000558000000, 0x0000000558000000|100%| O|  |TAMS 0x0000000557800000| PB 0x0000000558000000| Untracked 
| 688|0x0000000558000000, 0x00000005587fff78, 0x0000000558800000| 99%| O|  |TAMS 0x0000000558000000| PB 0x00000005587fff78| Untracked 
| 689|0x0000000558800000, 0x0000000559000000, 0x0000000559000000|100%| O|  |TAMS 0x0000000558800000| PB 0x0000000559000000| Untracked 
| 690|0x0000000559000000, 0x0000000559800000, 0x0000000559800000|100%| O|  |TAMS 0x0000000559000000| PB 0x0000000559800000| Untracked 
| 691|0x0000000559800000, 0x0000000559bf2638, 0x000000055a000000| 49%| O|  |TAMS 0x0000000559800000| PB 0x0000000559bf2638| Untracked 
| 692|0x000000055a000000, 0x000000055a800000, 0x000000055a800000|100%| O|  |TAMS 0x000000055a000000| PB 0x000000055a800000| Untracked 
| 693|0x000000055a800000, 0x000000055acbf458, 0x000000055b000000| 59%| O|  |TAMS 0x000000055a800000| PB 0x000000055acbf458| Untracked 
| 694|0x000000055b000000, 0x000000055b800000, 0x000000055b800000|100%| O|  |TAMS 0x000000055b000000| PB 0x000000055b800000| Untracked 
| 695|0x000000055b800000, 0x000000055c000000, 0x000000055c000000|100%| O|  |TAMS 0x000000055b800000| PB 0x000000055c000000| Untracked 
| 696|0x000000055c000000, 0x000000055c3001e0, 0x000000055c800000| 37%| O|  |TAMS 0x000000055c000000| PB 0x000000055c3001e0| Untracked 
| 697|0x000000055c800000, 0x000000055d000000, 0x000000055d000000|100%| O|  |TAMS 0x000000055c800000| PB 0x000000055d000000| Untracked 
| 698|0x000000055d000000, 0x000000055d800000, 0x000000055d800000|100%| O|  |TAMS 0x000000055d000000| PB 0x000000055d800000| Untracked 
| 699|0x000000055d800000, 0x000000055db56ae8, 0x000000055e000000| 41%| O|  |TAMS 0x000000055d800000| PB 0x000000055db56ae8| Untracked 
| 700|0x000000055e000000, 0x000000055e24a540, 0x000000055e800000| 28%| O|  |TAMS 0x000000055e000000| PB 0x000000055e24a540| Untracked 
| 701|0x000000055e800000, 0x000000055efffff8, 0x000000055f000000| 99%| O|  |TAMS 0x000000055e800000| PB 0x000000055efffff8| Untracked 
| 702|0x000000055f000000, 0x000000055f800000, 0x000000055f800000|100%| O|  |TAMS 0x000000055f000000| PB 0x000000055f800000| Untracked 
| 703|0x000000055f800000, 0x0000000560000000, 0x0000000560000000|100%| O|  |TAMS 0x000000055f800000| PB 0x0000000560000000| Untracked 
| 704|0x0000000560000000, 0x00000005602fc6e0, 0x0000000560800000| 37%| O|  |TAMS 0x0000000560000000| PB 0x00000005602fc6e0| Untracked 
| 705|0x0000000560800000, 0x0000000561000000, 0x0000000561000000|100%| O|  |TAMS 0x0000000560800000| PB 0x0000000561000000| Untracked 
| 706|0x0000000561000000, 0x0000000561800000, 0x0000000561800000|100%| O|  |TAMS 0x0000000561000000| PB 0x0000000561800000| Untracked 
| 707|0x0000000561800000, 0x0000000562000000, 0x0000000562000000|100%| O|  |TAMS 0x0000000561800000| PB 0x0000000562000000| Untracked 
| 708|0x0000000562000000, 0x0000000562800000, 0x0000000562800000|100%| O|  |TAMS 0x0000000562000000| PB 0x0000000562800000| Untracked 
| 709|0x0000000562800000, 0x0000000563000000, 0x0000000563000000|100%| O|  |TAMS 0x0000000562800000| PB 0x0000000563000000| Untracked 
| 710|0x0000000563000000, 0x0000000563800000, 0x0000000563800000|100%| O|  |TAMS 0x0000000563000000| PB 0x0000000563800000| Untracked 
| 711|0x0000000563800000, 0x0000000564000000, 0x0000000564000000|100%| O|  |TAMS 0x0000000563800000| PB 0x0000000564000000| Untracked 
| 712|0x0000000564000000, 0x0000000564800000, 0x0000000564800000|100%| O|  |TAMS 0x0000000564000000| PB 0x0000000564800000| Untracked 
| 713|0x0000000564800000, 0x0000000565000000, 0x0000000565000000|100%| O|  |TAMS 0x0000000564800000| PB 0x0000000565000000| Untracked 
| 714|0x0000000565000000, 0x0000000565800000, 0x0000000565800000|100%| O|  |TAMS 0x0000000565000000| PB 0x0000000565800000| Untracked 
| 715|0x0000000565800000, 0x0000000566000000, 0x0000000566000000|100%|HS|  |TAMS 0x0000000565800000| PB 0x0000000566000000| Complete 
| 716|0x0000000566000000, 0x0000000566800000, 0x0000000566800000|100%|HC|  |TAMS 0x0000000566000000| PB 0x0000000566800000| Complete 
| 717|0x0000000566800000, 0x0000000567000000, 0x0000000567000000|100%|HC|  |TAMS 0x0000000566800000| PB 0x0000000567000000| Complete 
| 718|0x0000000567000000, 0x0000000567800000, 0x0000000567800000|100%|HC|  |TAMS 0x0000000567000000| PB 0x0000000567800000| Complete 
| 719|0x0000000567800000, 0x0000000568000000, 0x0000000568000000|100%|HC|  |TAMS 0x0000000567800000| PB 0x0000000568000000| Complete 
| 720|0x0000000568000000, 0x0000000568800000, 0x0000000568800000|100%| O|  |TAMS 0x0000000568000000| PB 0x0000000568800000| Untracked 
| 721|0x0000000568800000, 0x0000000569000000, 0x0000000569000000|100%| O|  |TAMS 0x0000000568800000| PB 0x0000000569000000| Untracked 
| 722|0x0000000569000000, 0x000000056932c5d8, 0x0000000569800000| 39%| O|  |TAMS 0x0000000569000000| PB 0x000000056932c5d8| Untracked 
| 723|0x0000000569800000, 0x000000056a000000, 0x000000056a000000|100%| O|  |TAMS 0x0000000569800000| PB 0x000000056a000000| Untracked 
| 724|0x000000056a000000, 0x000000056a800000, 0x000000056a800000|100%|HS|  |TAMS 0x000000056a000000| PB 0x000000056a800000| Complete 
| 725|0x000000056a800000, 0x000000056b000000, 0x000000056b000000|100%|HC|  |TAMS 0x000000056a800000| PB 0x000000056b000000| Complete 
| 726|0x000000056b000000, 0x000000056b800000, 0x000000056b800000|100%|HC|  |TAMS 0x000000056b000000| PB 0x000000056b800000| Complete 
| 727|0x000000056b800000, 0x000000056c000000, 0x000000056c000000|100%|HC|  |TAMS 0x000000056b800000| PB 0x000000056c000000| Complete 
| 728|0x000000056c000000, 0x000000056c800000, 0x000000056c800000|100%|HC|  |TAMS 0x000000056c000000| PB 0x000000056c800000| Complete 
| 729|0x000000056c800000, 0x000000056d000000, 0x000000056d000000|100%| O|  |TAMS 0x000000056c800000| PB 0x000000056d000000| Untracked 
| 730|0x000000056d000000, 0x000000056d800000, 0x000000056d800000|100%| O|  |TAMS 0x000000056d000000| PB 0x000000056d800000| Untracked 
| 731|0x000000056d800000, 0x000000056e000000, 0x000000056e000000|100%| O|  |TAMS 0x000000056d800000| PB 0x000000056e000000| Untracked 
| 732|0x000000056e000000, 0x000000056e800000, 0x000000056e800000|100%| O|  |TAMS 0x000000056e000000| PB 0x000000056e800000| Untracked 
| 733|0x000000056e800000, 0x000000056f000000, 0x000000056f000000|100%| O|  |TAMS 0x000000056e800000| PB 0x000000056f000000| Untracked 
| 734|0x000000056f000000, 0x000000056f800000, 0x000000056f800000|100%| O|  |TAMS 0x000000056f000000| PB 0x000000056f800000| Untracked 
| 735|0x000000056f800000, 0x0000000570000000, 0x0000000570000000|100%| O|  |TAMS 0x000000056f800000| PB 0x0000000570000000| Untracked 
| 736|0x0000000570000000, 0x0000000570800000, 0x0000000570800000|100%| O|  |TAMS 0x0000000570000000| PB 0x0000000570800000| Untracked 
| 737|0x0000000570800000, 0x0000000571000000, 0x0000000571000000|100%| O|  |TAMS 0x0000000570800000| PB 0x0000000571000000| Untracked 
| 738|0x0000000571000000, 0x0000000571800000, 0x0000000571800000|100%| O|  |TAMS 0x0000000571000000| PB 0x0000000571800000| Untracked 
| 739|0x0000000571800000, 0x0000000572000000, 0x0000000572000000|100%| O|  |TAMS 0x0000000571800000| PB 0x0000000572000000| Untracked 
| 740|0x0000000572000000, 0x0000000572800000, 0x0000000572800000|100%| O|  |TAMS 0x0000000572000000| PB 0x0000000572800000| Untracked 
| 741|0x0000000572800000, 0x0000000573000000, 0x0000000573000000|100%| O|  |TAMS 0x0000000572800000| PB 0x0000000573000000| Untracked 
| 742|0x0000000573000000, 0x0000000573800000, 0x0000000573800000|100%| O|  |TAMS 0x0000000573000000| PB 0x0000000573800000| Untracked 
| 743|0x0000000573800000, 0x0000000574000000, 0x0000000574000000|100%| O|  |TAMS 0x0000000573800000| PB 0x0000000574000000| Untracked 
| 744|0x0000000574000000, 0x0000000574800000, 0x0000000574800000|100%| O|  |TAMS 0x0000000574000000| PB 0x0000000574800000| Untracked 
| 745|0x0000000574800000, 0x0000000575000000, 0x0000000575000000|100%| O|  |TAMS 0x0000000574800000| PB 0x0000000575000000| Untracked 
| 746|0x0000000575000000, 0x0000000575800000, 0x0000000575800000|100%| O|  |TAMS 0x0000000575000000| PB 0x0000000575800000| Untracked 
| 747|0x0000000575800000, 0x0000000576000000, 0x0000000576000000|100%| O|  |TAMS 0x0000000575800000| PB 0x0000000576000000| Untracked 
| 748|0x0000000576000000, 0x0000000576800000, 0x0000000576800000|100%| O|  |TAMS 0x0000000576000000| PB 0x0000000576800000| Untracked 
| 749|0x0000000576800000, 0x0000000577000000, 0x0000000577000000|100%| O|  |TAMS 0x0000000576800000| PB 0x0000000577000000| Untracked 
| 750|0x0000000577000000, 0x0000000577800000, 0x0000000577800000|100%| O|  |TAMS 0x0000000577000000| PB 0x0000000577800000| Untracked 
| 751|0x0000000577800000, 0x0000000578000000, 0x0000000578000000|100%| O|  |TAMS 0x0000000577800000| PB 0x0000000578000000| Untracked 
| 752|0x0000000578000000, 0x0000000578800000, 0x0000000578800000|100%| O|  |TAMS 0x0000000578000000| PB 0x0000000578800000| Untracked 
| 753|0x0000000578800000, 0x0000000579000000, 0x0000000579000000|100%| O|  |TAMS 0x0000000578800000| PB 0x0000000579000000| Untracked 
| 754|0x0000000579000000, 0x0000000579800000, 0x0000000579800000|100%| O|  |TAMS 0x0000000579000000| PB 0x0000000579800000| Untracked 
| 755|0x0000000579800000, 0x000000057a000000, 0x000000057a000000|100%| O|  |TAMS 0x0000000579800000| PB 0x000000057a000000| Untracked 
| 756|0x000000057a000000, 0x000000057a800000, 0x000000057a800000|100%| O|  |TAMS 0x000000057a000000| PB 0x000000057a800000| Untracked 
| 757|0x000000057a800000, 0x000000057b000000, 0x000000057b000000|100%| O|  |TAMS 0x000000057a800000| PB 0x000000057b000000| Untracked 
| 758|0x000000057b000000, 0x000000057b800000, 0x000000057b800000|100%| O|  |TAMS 0x000000057b000000| PB 0x000000057b800000| Untracked 
| 759|0x000000057b800000, 0x000000057c000000, 0x000000057c000000|100%| O|  |TAMS 0x000000057b800000| PB 0x000000057c000000| Untracked 
| 760|0x000000057c000000, 0x000000057c800000, 0x000000057c800000|100%| O|  |TAMS 0x000000057c000000| PB 0x000000057c800000| Untracked 
| 761|0x000000057c800000, 0x000000057d000000, 0x000000057d000000|100%| O|  |TAMS 0x000000057c800000| PB 0x000000057d000000| Untracked 
| 762|0x000000057d000000, 0x000000057d800000, 0x000000057d800000|100%| O|  |TAMS 0x000000057d000000| PB 0x000000057d800000| Untracked 
| 763|0x000000057d800000, 0x000000057e000000, 0x000000057e000000|100%| O|  |TAMS 0x000000057d800000| PB 0x000000057e000000| Untracked 
| 764|0x000000057e000000, 0x000000057e800000, 0x000000057e800000|100%| O|  |TAMS 0x000000057e000000| PB 0x000000057e800000| Untracked 
| 765|0x000000057e800000, 0x000000057f000000, 0x000000057f000000|100%| O|  |TAMS 0x000000057e800000| PB 0x000000057f000000| Untracked 
| 766|0x000000057f000000, 0x000000057f800000, 0x000000057f800000|100%| O|  |TAMS 0x000000057f000000| PB 0x000000057f800000| Untracked 
| 767|0x000000057f800000, 0x0000000580000000, 0x0000000580000000|100%| O|  |TAMS 0x000000057f800000| PB 0x0000000580000000| Untracked 
| 768|0x0000000580000000, 0x0000000580800000, 0x0000000580800000|100%| O|  |TAMS 0x0000000580000000| PB 0x0000000580800000| Untracked 
| 769|0x0000000580800000, 0x0000000581000000, 0x0000000581000000|100%| O|  |TAMS 0x0000000580800000| PB 0x0000000581000000| Untracked 
| 770|0x0000000581000000, 0x0000000581800000, 0x0000000581800000|100%| O|  |TAMS 0x0000000581000000| PB 0x0000000581800000| Untracked 
| 771|0x0000000581800000, 0x0000000582000000, 0x0000000582000000|100%| O|  |TAMS 0x0000000581800000| PB 0x0000000582000000| Untracked 
| 772|0x0000000582000000, 0x0000000582800000, 0x0000000582800000|100%| O|  |TAMS 0x0000000582000000| PB 0x0000000582800000| Untracked 
| 773|0x0000000582800000, 0x0000000583000000, 0x0000000583000000|100%| O|  |TAMS 0x0000000582800000| PB 0x0000000583000000| Untracked 
| 774|0x0000000583000000, 0x0000000583800000, 0x0000000583800000|100%| O|  |TAMS 0x0000000583000000| PB 0x0000000583800000| Untracked 
| 775|0x0000000583800000, 0x0000000584000000, 0x0000000584000000|100%| O|  |TAMS 0x0000000583800000| PB 0x0000000584000000| Untracked 
| 776|0x0000000584000000, 0x0000000584800000, 0x0000000584800000|100%| O|  |TAMS 0x0000000584000000| PB 0x0000000584800000| Untracked 
| 777|0x0000000584800000, 0x0000000585000000, 0x0000000585000000|100%| O|  |TAMS 0x0000000584800000| PB 0x0000000585000000| Untracked 
| 778|0x0000000585000000, 0x0000000585800000, 0x0000000585800000|100%| O|  |TAMS 0x0000000585000000| PB 0x0000000585800000| Untracked 
| 779|0x0000000585800000, 0x0000000586000000, 0x0000000586000000|100%| O|  |TAMS 0x0000000585800000| PB 0x0000000586000000| Untracked 
| 780|0x0000000586000000, 0x0000000586800000, 0x0000000586800000|100%| O|  |TAMS 0x0000000586000000| PB 0x0000000586800000| Untracked 
| 781|0x0000000586800000, 0x0000000587000000, 0x0000000587000000|100%| O|  |TAMS 0x0000000586800000| PB 0x0000000587000000| Untracked 
| 782|0x0000000587000000, 0x0000000587800000, 0x0000000587800000|100%| O|  |TAMS 0x0000000587000000| PB 0x0000000587800000| Untracked 
| 783|0x0000000587800000, 0x0000000588000000, 0x0000000588000000|100%| O|  |TAMS 0x0000000587800000| PB 0x0000000588000000| Untracked 
| 784|0x0000000588000000, 0x0000000588800000, 0x0000000588800000|100%| O|  |TAMS 0x0000000588000000| PB 0x0000000588800000| Untracked 
| 785|0x0000000588800000, 0x0000000589000000, 0x0000000589000000|100%| O|  |TAMS 0x0000000588800000| PB 0x0000000589000000| Untracked 
| 786|0x0000000589000000, 0x0000000589800000, 0x0000000589800000|100%| O|  |TAMS 0x0000000589000000| PB 0x0000000589800000| Untracked 
| 787|0x0000000589800000, 0x000000058a000000, 0x000000058a000000|100%| O|  |TAMS 0x0000000589800000| PB 0x000000058a000000| Untracked 
| 788|0x000000058a000000, 0x000000058a800000, 0x000000058a800000|100%| O|  |TAMS 0x000000058a000000| PB 0x000000058a800000| Untracked 
| 789|0x000000058a800000, 0x000000058b000000, 0x000000058b000000|100%| O|  |TAMS 0x000000058a800000| PB 0x000000058b000000| Untracked 
| 790|0x000000058b000000, 0x000000058b800000, 0x000000058b800000|100%| O|  |TAMS 0x000000058b000000| PB 0x000000058b800000| Untracked 
| 791|0x000000058b800000, 0x000000058c000000, 0x000000058c000000|100%| O|  |TAMS 0x000000058b800000| PB 0x000000058c000000| Untracked 
| 792|0x000000058c000000, 0x000000058c800000, 0x000000058c800000|100%| O|  |TAMS 0x000000058c000000| PB 0x000000058c800000| Untracked 
| 793|0x000000058c800000, 0x000000058d000000, 0x000000058d000000|100%| O|  |TAMS 0x000000058c800000| PB 0x000000058d000000| Untracked 
| 794|0x000000058d000000, 0x000000058d800000, 0x000000058d800000|100%| O|  |TAMS 0x000000058d000000| PB 0x000000058d800000| Untracked 
| 795|0x000000058d800000, 0x000000058e000000, 0x000000058e000000|100%| O|  |TAMS 0x000000058d800000| PB 0x000000058e000000| Untracked 
| 796|0x000000058e000000, 0x000000058e800000, 0x000000058e800000|100%| O|  |TAMS 0x000000058e000000| PB 0x000000058e800000| Untracked 
| 797|0x000000058e800000, 0x000000058f000000, 0x000000058f000000|100%| O|  |TAMS 0x000000058e800000| PB 0x000000058f000000| Untracked 
| 798|0x000000058f000000, 0x000000058f800000, 0x000000058f800000|100%| O|  |TAMS 0x000000058f000000| PB 0x000000058f800000| Untracked 
| 799|0x000000058f800000, 0x0000000590000000, 0x0000000590000000|100%| O|  |TAMS 0x000000058f800000| PB 0x0000000590000000| Untracked 
| 800|0x0000000590000000, 0x0000000590800000, 0x0000000590800000|100%| O|  |TAMS 0x0000000590000000| PB 0x0000000590800000| Untracked 
| 801|0x0000000590800000, 0x0000000591000000, 0x0000000591000000|100%| O|  |TAMS 0x0000000590800000| PB 0x0000000591000000| Untracked 
| 802|0x0000000591000000, 0x0000000591800000, 0x0000000591800000|100%| O|  |TAMS 0x0000000591000000| PB 0x0000000591800000| Untracked 
| 803|0x0000000591800000, 0x0000000592000000, 0x0000000592000000|100%| O|  |TAMS 0x0000000591800000| PB 0x0000000592000000| Untracked 
| 804|0x0000000592000000, 0x0000000592800000, 0x0000000592800000|100%| O|  |TAMS 0x0000000592000000| PB 0x0000000592800000| Untracked 
| 805|0x0000000592800000, 0x0000000593000000, 0x0000000593000000|100%| O|  |TAMS 0x0000000592800000| PB 0x0000000593000000| Untracked 
| 806|0x0000000593000000, 0x0000000593800000, 0x0000000593800000|100%| O|  |TAMS 0x0000000593000000| PB 0x0000000593800000| Untracked 
| 807|0x0000000593800000, 0x0000000594000000, 0x0000000594000000|100%| O|  |TAMS 0x0000000593800000| PB 0x0000000594000000| Untracked 
| 808|0x0000000594000000, 0x0000000594800000, 0x0000000594800000|100%| O|  |TAMS 0x0000000594000000| PB 0x0000000594800000| Untracked 
| 809|0x0000000594800000, 0x0000000595000000, 0x0000000595000000|100%| O|  |TAMS 0x0000000594800000| PB 0x0000000595000000| Untracked 
| 810|0x0000000595000000, 0x0000000595800000, 0x0000000595800000|100%| O|  |TAMS 0x0000000595000000| PB 0x0000000595800000| Untracked 
| 811|0x0000000595800000, 0x0000000596000000, 0x0000000596000000|100%| O|  |TAMS 0x0000000595800000| PB 0x0000000596000000| Untracked 
| 812|0x0000000596000000, 0x0000000596800000, 0x0000000596800000|100%| O|  |TAMS 0x0000000596000000| PB 0x0000000596800000| Untracked 
| 813|0x0000000596800000, 0x0000000597000000, 0x0000000597000000|100%| O|  |TAMS 0x0000000596800000| PB 0x0000000597000000| Untracked 
| 814|0x0000000597000000, 0x0000000597800000, 0x0000000597800000|100%| O|  |TAMS 0x0000000597000000| PB 0x0000000597800000| Untracked 
| 815|0x0000000597800000, 0x0000000598000000, 0x0000000598000000|100%| O|  |TAMS 0x0000000597800000| PB 0x0000000598000000| Untracked 
| 816|0x0000000598000000, 0x0000000598800000, 0x0000000598800000|100%| O|  |TAMS 0x0000000598000000| PB 0x0000000598800000| Untracked 
| 817|0x0000000598800000, 0x0000000599000000, 0x0000000599000000|100%| O|  |TAMS 0x0000000598800000| PB 0x0000000599000000| Untracked 
| 818|0x0000000599000000, 0x0000000599800000, 0x0000000599800000|100%| O|  |TAMS 0x0000000599000000| PB 0x0000000599800000| Untracked 
| 819|0x0000000599800000, 0x000000059a000000, 0x000000059a000000|100%| O|  |TAMS 0x0000000599800000| PB 0x000000059a000000| Untracked 
| 820|0x000000059a000000, 0x000000059a800000, 0x000000059a800000|100%| O|  |TAMS 0x000000059a000000| PB 0x000000059a800000| Untracked 
| 821|0x000000059a800000, 0x000000059b000000, 0x000000059b000000|100%| O|  |TAMS 0x000000059a800000| PB 0x000000059b000000| Untracked 
| 822|0x000000059b000000, 0x000000059b800000, 0x000000059b800000|100%| O|  |TAMS 0x000000059b000000| PB 0x000000059b800000| Untracked 
| 823|0x000000059b800000, 0x000000059c000000, 0x000000059c000000|100%| O|  |TAMS 0x000000059b800000| PB 0x000000059c000000| Untracked 
| 824|0x000000059c000000, 0x000000059c800000, 0x000000059c800000|100%| O|  |TAMS 0x000000059c000000| PB 0x000000059c800000| Untracked 
| 825|0x000000059c800000, 0x000000059d000000, 0x000000059d000000|100%| O|  |TAMS 0x000000059c800000| PB 0x000000059d000000| Untracked 
| 826|0x000000059d000000, 0x000000059d800000, 0x000000059d800000|100%| O|  |TAMS 0x000000059d000000| PB 0x000000059d800000| Untracked 
| 827|0x000000059d800000, 0x000000059e000000, 0x000000059e000000|100%| O|  |TAMS 0x000000059d800000| PB 0x000000059e000000| Untracked 
| 828|0x000000059e000000, 0x000000059e800000, 0x000000059e800000|100%| O|  |TAMS 0x000000059e000000| PB 0x000000059e800000| Untracked 
| 829|0x000000059e800000, 0x000000059f000000, 0x000000059f000000|100%| O|  |TAMS 0x000000059e800000| PB 0x000000059f000000| Untracked 
| 830|0x000000059f000000, 0x000000059f800000, 0x000000059f800000|100%| O|  |TAMS 0x000000059f000000| PB 0x000000059f800000| Untracked 
| 831|0x000000059f800000, 0x00000005a0000000, 0x00000005a0000000|100%| O|  |TAMS 0x000000059f800000| PB 0x00000005a0000000| Untracked 
| 832|0x00000005a0000000, 0x00000005a0800000, 0x00000005a0800000|100%| O|  |TAMS 0x00000005a0000000| PB 0x00000005a0800000| Untracked 
| 833|0x00000005a0800000, 0x00000005a1000000, 0x00000005a1000000|100%| O|  |TAMS 0x00000005a0800000| PB 0x00000005a1000000| Untracked 
| 834|0x00000005a1000000, 0x00000005a1800000, 0x00000005a1800000|100%| O|  |TAMS 0x00000005a1000000| PB 0x00000005a1800000| Untracked 
| 835|0x00000005a1800000, 0x00000005a2000000, 0x00000005a2000000|100%| O|  |TAMS 0x00000005a1800000| PB 0x00000005a2000000| Untracked 
| 836|0x00000005a2000000, 0x00000005a2800000, 0x00000005a2800000|100%| O|  |TAMS 0x00000005a2000000| PB 0x00000005a2800000| Untracked 
| 837|0x00000005a2800000, 0x00000005a3000000, 0x00000005a3000000|100%| O|  |TAMS 0x00000005a2800000| PB 0x00000005a3000000| Untracked 
| 838|0x00000005a3000000, 0x00000005a3800000, 0x00000005a3800000|100%| O|  |TAMS 0x00000005a3000000| PB 0x00000005a3800000| Untracked 
| 839|0x00000005a3800000, 0x00000005a4000000, 0x00000005a4000000|100%| O|  |TAMS 0x00000005a3800000| PB 0x00000005a4000000| Untracked 
| 840|0x00000005a4000000, 0x00000005a4800000, 0x00000005a4800000|100%| O|  |TAMS 0x00000005a4000000| PB 0x00000005a4800000| Untracked 
| 841|0x00000005a4800000, 0x00000005a5000000, 0x00000005a5000000|100%| O|  |TAMS 0x00000005a4800000| PB 0x00000005a5000000| Untracked 
| 842|0x00000005a5000000, 0x00000005a5800000, 0x00000005a5800000|100%| O|  |TAMS 0x00000005a5000000| PB 0x00000005a5800000| Untracked 
| 843|0x00000005a5800000, 0x00000005a6000000, 0x00000005a6000000|100%| O|  |TAMS 0x00000005a5800000| PB 0x00000005a6000000| Untracked 
| 844|0x00000005a6000000, 0x00000005a6800000, 0x00000005a6800000|100%| O|  |TAMS 0x00000005a6000000| PB 0x00000005a6800000| Untracked 
| 845|0x00000005a6800000, 0x00000005a7000000, 0x00000005a7000000|100%| O|  |TAMS 0x00000005a6800000| PB 0x00000005a7000000| Untracked 
| 846|0x00000005a7000000, 0x00000005a7800000, 0x00000005a7800000|100%| O|  |TAMS 0x00000005a7000000| PB 0x00000005a7800000| Untracked 
| 847|0x00000005a7800000, 0x00000005a8000000, 0x00000005a8000000|100%| O|  |TAMS 0x00000005a7800000| PB 0x00000005a8000000| Untracked 
| 848|0x00000005a8000000, 0x00000005a8800000, 0x00000005a8800000|100%| O|  |TAMS 0x00000005a8000000| PB 0x00000005a8800000| Untracked 
| 849|0x00000005a8800000, 0x00000005a9000000, 0x00000005a9000000|100%| O|  |TAMS 0x00000005a8800000| PB 0x00000005a9000000| Untracked 
| 850|0x00000005a9000000, 0x00000005a9800000, 0x00000005a9800000|100%| O|  |TAMS 0x00000005a9000000| PB 0x00000005a9800000| Untracked 
| 851|0x00000005a9800000, 0x00000005aa000000, 0x00000005aa000000|100%| O|  |TAMS 0x00000005a9800000| PB 0x00000005aa000000| Untracked 
| 852|0x00000005aa000000, 0x00000005aa800000, 0x00000005aa800000|100%| O|  |TAMS 0x00000005aa000000| PB 0x00000005aa800000| Untracked 
| 853|0x00000005aa800000, 0x00000005ab000000, 0x00000005ab000000|100%| O|  |TAMS 0x00000005aa800000| PB 0x00000005ab000000| Untracked 
| 854|0x00000005ab000000, 0x00000005ab800000, 0x00000005ab800000|100%| O|  |TAMS 0x00000005ab000000| PB 0x00000005ab800000| Untracked 
| 855|0x00000005ab800000, 0x00000005ac000000, 0x00000005ac000000|100%| O|  |TAMS 0x00000005ab800000| PB 0x00000005ac000000| Untracked 
| 856|0x00000005ac000000, 0x00000005ac800000, 0x00000005ac800000|100%| O|  |TAMS 0x00000005ac000000| PB 0x00000005ac800000| Untracked 
| 857|0x00000005ac800000, 0x00000005ad000000, 0x00000005ad000000|100%| O|  |TAMS 0x00000005ac800000| PB 0x00000005ad000000| Untracked 
| 858|0x00000005ad000000, 0x00000005ad800000, 0x00000005ad800000|100%| O|  |TAMS 0x00000005ad000000| PB 0x00000005ad800000| Untracked 
| 859|0x00000005ad800000, 0x00000005ae000000, 0x00000005ae000000|100%| O|  |TAMS 0x00000005ad800000| PB 0x00000005ae000000| Untracked 
| 860|0x00000005ae000000, 0x00000005ae800000, 0x00000005ae800000|100%| O|  |TAMS 0x00000005ae000000| PB 0x00000005ae800000| Untracked 
| 861|0x00000005ae800000, 0x00000005af000000, 0x00000005af000000|100%| O|  |TAMS 0x00000005ae800000| PB 0x00000005af000000| Untracked 
| 862|0x00000005af000000, 0x00000005af800000, 0x00000005af800000|100%| O|  |TAMS 0x00000005af000000| PB 0x00000005af800000| Untracked 
| 863|0x00000005af800000, 0x00000005b0000000, 0x00000005b0000000|100%| O|  |TAMS 0x00000005af800000| PB 0x00000005b0000000| Untracked 
| 864|0x00000005b0000000, 0x00000005b0800000, 0x00000005b0800000|100%| O|  |TAMS 0x00000005b0000000| PB 0x00000005b0800000| Untracked 
| 865|0x00000005b0800000, 0x00000005b1000000, 0x00000005b1000000|100%| O|  |TAMS 0x00000005b0800000| PB 0x00000005b1000000| Untracked 
| 866|0x00000005b1000000, 0x00000005b1800000, 0x00000005b1800000|100%| O|  |TAMS 0x00000005b1000000| PB 0x00000005b1800000| Untracked 
| 867|0x00000005b1800000, 0x00000005b2000000, 0x00000005b2000000|100%| O|  |TAMS 0x00000005b1800000| PB 0x00000005b2000000| Untracked 
| 868|0x00000005b2000000, 0x00000005b2800000, 0x00000005b2800000|100%| O|  |TAMS 0x00000005b2000000| PB 0x00000005b2800000| Untracked 
| 869|0x00000005b2800000, 0x00000005b3000000, 0x00000005b3000000|100%| O|  |TAMS 0x00000005b2800000| PB 0x00000005b3000000| Untracked 
| 870|0x00000005b3000000, 0x00000005b3800000, 0x00000005b3800000|100%| O|  |TAMS 0x00000005b3000000| PB 0x00000005b3800000| Untracked 
| 871|0x00000005b3800000, 0x00000005b4000000, 0x00000005b4000000|100%| O|  |TAMS 0x00000005b3800000| PB 0x00000005b4000000| Untracked 
| 872|0x00000005b4000000, 0x00000005b4800000, 0x00000005b4800000|100%| O|  |TAMS 0x00000005b4000000| PB 0x00000005b4800000| Untracked 
| 873|0x00000005b4800000, 0x00000005b5000000, 0x00000005b5000000|100%| O|  |TAMS 0x00000005b4800000| PB 0x00000005b5000000| Untracked 
| 874|0x00000005b5000000, 0x00000005b5800000, 0x00000005b5800000|100%| O|  |TAMS 0x00000005b5000000| PB 0x00000005b5800000| Untracked 
| 875|0x00000005b5800000, 0x00000005b6000000, 0x00000005b6000000|100%| O|  |TAMS 0x00000005b5800000| PB 0x00000005b6000000| Untracked 
| 876|0x00000005b6000000, 0x00000005b6800000, 0x00000005b6800000|100%| O|  |TAMS 0x00000005b6000000| PB 0x00000005b6800000| Untracked 
| 877|0x00000005b6800000, 0x00000005b7000000, 0x00000005b7000000|100%| O|  |TAMS 0x00000005b6800000| PB 0x00000005b7000000| Untracked 
| 878|0x00000005b7000000, 0x00000005b7800000, 0x00000005b7800000|100%| O|  |TAMS 0x00000005b7000000| PB 0x00000005b7800000| Untracked 
| 879|0x00000005b7800000, 0x00000005b8000000, 0x00000005b8000000|100%| O|  |TAMS 0x00000005b7800000| PB 0x00000005b8000000| Untracked 
| 880|0x00000005b8000000, 0x00000005b8800000, 0x00000005b8800000|100%| O|  |TAMS 0x00000005b8000000| PB 0x00000005b8800000| Untracked 
| 881|0x00000005b8800000, 0x00000005b9000000, 0x00000005b9000000|100%| O|  |TAMS 0x00000005b8800000| PB 0x00000005b9000000| Untracked 
| 882|0x00000005b9000000, 0x00000005b9800000, 0x00000005b9800000|100%| O|  |TAMS 0x00000005b9000000| PB 0x00000005b9800000| Untracked 
| 883|0x00000005b9800000, 0x00000005ba000000, 0x00000005ba000000|100%| O|  |TAMS 0x00000005b9800000| PB 0x00000005ba000000| Untracked 
| 884|0x00000005ba000000, 0x00000005ba800000, 0x00000005ba800000|100%| O|  |TAMS 0x00000005ba000000| PB 0x00000005ba800000| Untracked 
| 885|0x00000005ba800000, 0x00000005bb000000, 0x00000005bb000000|100%| O|  |TAMS 0x00000005ba800000| PB 0x00000005bb000000| Untracked 
| 886|0x00000005bb000000, 0x00000005bb800000, 0x00000005bb800000|100%| O|  |TAMS 0x00000005bb000000| PB 0x00000005bb800000| Untracked 
| 887|0x00000005bb800000, 0x00000005bc000000, 0x00000005bc000000|100%| O|  |TAMS 0x00000005bb800000| PB 0x00000005bc000000| Untracked 
| 888|0x00000005bc000000, 0x00000005bc800000, 0x00000005bc800000|100%| O|  |TAMS 0x00000005bc000000| PB 0x00000005bc800000| Untracked 
| 889|0x00000005bc800000, 0x00000005bd000000, 0x00000005bd000000|100%| O|  |TAMS 0x00000005bc800000| PB 0x00000005bd000000| Untracked 
| 890|0x00000005bd000000, 0x00000005bd800000, 0x00000005bd800000|100%| O|  |TAMS 0x00000005bd000000| PB 0x00000005bd800000| Untracked 
| 891|0x00000005bd800000, 0x00000005be000000, 0x00000005be000000|100%| O|  |TAMS 0x00000005bd800000| PB 0x00000005be000000| Untracked 
| 892|0x00000005be000000, 0x00000005be800000, 0x00000005be800000|100%| O|  |TAMS 0x00000005be000000| PB 0x00000005be800000| Untracked 
| 893|0x00000005be800000, 0x00000005bf000000, 0x00000005bf000000|100%| O|  |TAMS 0x00000005be800000| PB 0x00000005bf000000| Untracked 
| 894|0x00000005bf000000, 0x00000005bf800000, 0x00000005bf800000|100%| O|  |TAMS 0x00000005bf000000| PB 0x00000005bf800000| Untracked 
| 895|0x00000005bf800000, 0x00000005c0000000, 0x00000005c0000000|100%| O|  |TAMS 0x00000005bf800000| PB 0x00000005c0000000| Untracked 
| 896|0x00000005c0000000, 0x00000005c0800000, 0x00000005c0800000|100%| O|  |TAMS 0x00000005c0000000| PB 0x00000005c0800000| Untracked 
| 897|0x00000005c0800000, 0x00000005c1000000, 0x00000005c1000000|100%| O|  |TAMS 0x00000005c0800000| PB 0x00000005c1000000| Untracked 
| 898|0x00000005c1000000, 0x00000005c1800000, 0x00000005c1800000|100%| O|  |TAMS 0x00000005c1000000| PB 0x00000005c1800000| Untracked 
| 899|0x00000005c1800000, 0x00000005c2000000, 0x00000005c2000000|100%| O|  |TAMS 0x00000005c1800000| PB 0x00000005c2000000| Untracked 
| 900|0x00000005c2000000, 0x00000005c2800000, 0x00000005c2800000|100%| O|  |TAMS 0x00000005c2000000| PB 0x00000005c2800000| Untracked 
| 901|0x00000005c2800000, 0x00000005c3000000, 0x00000005c3000000|100%| O|  |TAMS 0x00000005c2800000| PB 0x00000005c3000000| Untracked 
| 902|0x00000005c3000000, 0x00000005c3800000, 0x00000005c3800000|100%| O|  |TAMS 0x00000005c3000000| PB 0x00000005c3800000| Untracked 
| 903|0x00000005c3800000, 0x00000005c4000000, 0x00000005c4000000|100%| O|  |TAMS 0x00000005c3800000| PB 0x00000005c4000000| Untracked 
| 904|0x00000005c4000000, 0x00000005c4800000, 0x00000005c4800000|100%| O|  |TAMS 0x00000005c4000000| PB 0x00000005c4800000| Untracked 
| 905|0x00000005c4800000, 0x00000005c5000000, 0x00000005c5000000|100%| O|  |TAMS 0x00000005c4800000| PB 0x00000005c5000000| Untracked 
| 906|0x00000005c5000000, 0x00000005c5800000, 0x00000005c5800000|100%| O|  |TAMS 0x00000005c5000000| PB 0x00000005c5800000| Untracked 
| 907|0x00000005c5800000, 0x00000005c6000000, 0x00000005c6000000|100%|HS|  |TAMS 0x00000005c5800000| PB 0x00000005c6000000| Complete 
| 908|0x00000005c6000000, 0x00000005c6800000, 0x00000005c6800000|100%|HC|  |TAMS 0x00000005c6000000| PB 0x00000005c6800000| Complete 
| 909|0x00000005c6800000, 0x00000005c7000000, 0x00000005c7000000|100%|HC|  |TAMS 0x00000005c6800000| PB 0x00000005c7000000| Complete 
| 910|0x00000005c7000000, 0x00000005c7800000, 0x00000005c7800000|100%|HS|  |TAMS 0x00000005c7000000| PB 0x00000005c7800000| Complete 
| 911|0x00000005c7800000, 0x00000005c8000000, 0x00000005c8000000|100%|HC|  |TAMS 0x00000005c7800000| PB 0x00000005c8000000| Complete 
| 912|0x00000005c8000000, 0x00000005c8800000, 0x00000005c8800000|100%|HC|  |TAMS 0x00000005c8000000| PB 0x00000005c8800000| Complete 
| 913|0x00000005c8800000, 0x00000005c9000000, 0x00000005c9000000|100%|HC|  |TAMS 0x00000005c8800000| PB 0x00000005c9000000| Complete 
| 914|0x00000005c9000000, 0x00000005c9800000, 0x00000005c9800000|100%|HC|  |TAMS 0x00000005c9000000| PB 0x00000005c9800000| Complete 
| 915|0x00000005c9800000, 0x00000005ca000000, 0x00000005ca000000|100%|HS|  |TAMS 0x00000005c9800000| PB 0x00000005ca000000| Complete 
| 916|0x00000005ca000000, 0x00000005ca800000, 0x00000005ca800000|100%|HC|  |TAMS 0x00000005ca000000| PB 0x00000005ca800000| Complete 
| 917|0x00000005ca800000, 0x00000005cb000000, 0x00000005cb000000|100%|HC|  |TAMS 0x00000005ca800000| PB 0x00000005cb000000| Complete 
| 918|0x00000005cb000000, 0x00000005cb800000, 0x00000005cb800000|100%|HC|  |TAMS 0x00000005cb000000| PB 0x00000005cb800000| Complete 
| 919|0x00000005cb800000, 0x00000005cc000000, 0x00000005cc000000|100%|HC|  |TAMS 0x00000005cb800000| PB 0x00000005cc000000| Complete 
| 920|0x00000005cc000000, 0x00000005cc800000, 0x00000005cc800000|100%|HS|  |TAMS 0x00000005cc000000| PB 0x00000005cc800000| Complete 
| 921|0x00000005cc800000, 0x00000005cd000000, 0x00000005cd000000|100%| O|  |TAMS 0x00000005cc800000| PB 0x00000005cd000000| Untracked 
| 922|0x00000005cd000000, 0x00000005cd800000, 0x00000005cd800000|100%| O|  |TAMS 0x00000005cd000000| PB 0x00000005cd800000| Untracked 
| 923|0x00000005cd800000, 0x00000005ce000000, 0x00000005ce000000|100%| O|  |TAMS 0x00000005cd800000| PB 0x00000005ce000000| Untracked 
| 924|0x00000005ce000000, 0x00000005ce800000, 0x00000005ce800000|100%| O|  |TAMS 0x00000005ce000000| PB 0x00000005ce800000| Untracked 
| 925|0x00000005ce800000, 0x00000005cf000000, 0x00000005cf000000|100%| O|  |TAMS 0x00000005ce800000| PB 0x00000005cf000000| Untracked 
| 926|0x00000005cf000000, 0x00000005cf800000, 0x00000005cf800000|100%| O|  |TAMS 0x00000005cf000000| PB 0x00000005cf800000| Untracked 
| 927|0x00000005cf800000, 0x00000005d0000000, 0x00000005d0000000|100%| O|  |TAMS 0x00000005cf800000| PB 0x00000005d0000000| Untracked 
| 928|0x00000005d0000000, 0x00000005d0800000, 0x00000005d0800000|100%| O|  |TAMS 0x00000005d0000000| PB 0x00000005d0800000| Untracked 
| 929|0x00000005d0800000, 0x00000005d1000000, 0x00000005d1000000|100%| O|  |TAMS 0x00000005d0800000| PB 0x00000005d1000000| Untracked 
| 930|0x00000005d1000000, 0x00000005d1800000, 0x00000005d1800000|100%| O|  |TAMS 0x00000005d1000000| PB 0x00000005d1800000| Untracked 
| 931|0x00000005d1800000, 0x00000005d2000000, 0x00000005d2000000|100%| O|  |TAMS 0x00000005d1800000| PB 0x00000005d2000000| Untracked 
| 932|0x00000005d2000000, 0x00000005d2800000, 0x00000005d2800000|100%| O|  |TAMS 0x00000005d2000000| PB 0x00000005d2800000| Untracked 
| 933|0x00000005d2800000, 0x00000005d3000000, 0x00000005d3000000|100%| O|  |TAMS 0x00000005d2800000| PB 0x00000005d3000000| Untracked 
| 934|0x00000005d3000000, 0x00000005d3800000, 0x00000005d3800000|100%| O|  |TAMS 0x00000005d3000000| PB 0x00000005d3800000| Untracked 
| 935|0x00000005d3800000, 0x00000005d4000000, 0x00000005d4000000|100%| O|  |TAMS 0x00000005d3800000| PB 0x00000005d4000000| Untracked 
| 936|0x00000005d4000000, 0x00000005d4800000, 0x00000005d4800000|100%| O|  |TAMS 0x00000005d4000000| PB 0x00000005d4800000| Untracked 
| 937|0x00000005d4800000, 0x00000005d5000000, 0x00000005d5000000|100%| O|  |TAMS 0x00000005d4800000| PB 0x00000005d5000000| Untracked 
| 938|0x00000005d5000000, 0x00000005d5800000, 0x00000005d5800000|100%| O|  |TAMS 0x00000005d5000000| PB 0x00000005d5800000| Untracked 
| 939|0x00000005d5800000, 0x00000005d6000000, 0x00000005d6000000|100%| O|  |TAMS 0x00000005d5800000| PB 0x00000005d6000000| Untracked 
| 940|0x00000005d6000000, 0x00000005d6800000, 0x00000005d6800000|100%| O|  |TAMS 0x00000005d6000000| PB 0x00000005d6800000| Untracked 
| 941|0x00000005d6800000, 0x00000005d7000000, 0x00000005d7000000|100%| O|  |TAMS 0x00000005d6800000| PB 0x00000005d7000000| Untracked 
| 942|0x00000005d7000000, 0x00000005d7800000, 0x00000005d7800000|100%| O|  |TAMS 0x00000005d7000000| PB 0x00000005d7800000| Untracked 
| 943|0x00000005d7800000, 0x00000005d8000000, 0x00000005d8000000|100%| O|  |TAMS 0x00000005d7800000| PB 0x00000005d8000000| Untracked 
| 944|0x00000005d8000000, 0x00000005d8800000, 0x00000005d8800000|100%| O|  |TAMS 0x00000005d8000000| PB 0x00000005d8800000| Untracked 
| 945|0x00000005d8800000, 0x00000005d9000000, 0x00000005d9000000|100%| O|  |TAMS 0x00000005d8800000| PB 0x00000005d9000000| Untracked 
| 946|0x00000005d9000000, 0x00000005d9800000, 0x00000005d9800000|100%| O|  |TAMS 0x00000005d9000000| PB 0x00000005d9800000| Untracked 
| 947|0x00000005d9800000, 0x00000005da000000, 0x00000005da000000|100%| O|  |TAMS 0x00000005d9800000| PB 0x00000005da000000| Untracked 
| 948|0x00000005da000000, 0x00000005da800000, 0x00000005da800000|100%| O|  |TAMS 0x00000005da000000| PB 0x00000005da800000| Untracked 
| 949|0x00000005da800000, 0x00000005db000000, 0x00000005db000000|100%| O|  |TAMS 0x00000005da800000| PB 0x00000005db000000| Untracked 
| 950|0x00000005db000000, 0x00000005db800000, 0x00000005db800000|100%| O|  |TAMS 0x00000005db000000| PB 0x00000005db800000| Untracked 
| 951|0x00000005db800000, 0x00000005dc000000, 0x00000005dc000000|100%| O|  |TAMS 0x00000005db800000| PB 0x00000005dc000000| Untracked 
| 952|0x00000005dc000000, 0x00000005dc800000, 0x00000005dc800000|100%| O|  |TAMS 0x00000005dc000000| PB 0x00000005dc800000| Untracked 
| 953|0x00000005dc800000, 0x00000005dd000000, 0x00000005dd000000|100%| O|  |TAMS 0x00000005dc800000| PB 0x00000005dd000000| Untracked 
| 954|0x00000005dd000000, 0x00000005dd800000, 0x00000005dd800000|100%| O|  |TAMS 0x00000005dd000000| PB 0x00000005dd800000| Untracked 
| 955|0x00000005dd800000, 0x00000005de000000, 0x00000005de000000|100%| O|  |TAMS 0x00000005dd800000| PB 0x00000005de000000| Untracked 
| 956|0x00000005de000000, 0x00000005de800000, 0x00000005de800000|100%| O|  |TAMS 0x00000005de000000| PB 0x00000005de800000| Untracked 
| 957|0x00000005de800000, 0x00000005df000000, 0x00000005df000000|100%| O|  |TAMS 0x00000005de800000| PB 0x00000005df000000| Untracked 
| 958|0x00000005df000000, 0x00000005df800000, 0x00000005df800000|100%| O|  |TAMS 0x00000005df000000| PB 0x00000005df800000| Untracked 
| 959|0x00000005df800000, 0x00000005e0000000, 0x00000005e0000000|100%| O|  |TAMS 0x00000005df800000| PB 0x00000005e0000000| Untracked 
| 960|0x00000005e0000000, 0x00000005e0800000, 0x00000005e0800000|100%| O|  |TAMS 0x00000005e0000000| PB 0x00000005e0800000| Untracked 
| 961|0x00000005e0800000, 0x00000005e1000000, 0x00000005e1000000|100%| O|  |TAMS 0x00000005e0800000| PB 0x00000005e1000000| Untracked 
| 962|0x00000005e1000000, 0x00000005e1800000, 0x00000005e1800000|100%| O|  |TAMS 0x00000005e1000000| PB 0x00000005e1800000| Untracked 
| 963|0x00000005e1800000, 0x00000005e2000000, 0x00000005e2000000|100%| O|  |TAMS 0x00000005e1800000| PB 0x00000005e2000000| Untracked 
| 964|0x00000005e2000000, 0x00000005e2800000, 0x00000005e2800000|100%| O|  |TAMS 0x00000005e2000000| PB 0x00000005e2800000| Untracked 
| 965|0x00000005e2800000, 0x00000005e3000000, 0x00000005e3000000|100%| O|  |TAMS 0x00000005e2800000| PB 0x00000005e3000000| Untracked 
| 966|0x00000005e3000000, 0x00000005e3800000, 0x00000005e3800000|100%| O|  |TAMS 0x00000005e3000000| PB 0x00000005e3800000| Untracked 
| 967|0x00000005e3800000, 0x00000005e4000000, 0x00000005e4000000|100%| O|  |TAMS 0x00000005e3800000| PB 0x00000005e4000000| Untracked 
| 968|0x00000005e4000000, 0x00000005e4800000, 0x00000005e4800000|100%| O|  |TAMS 0x00000005e4000000| PB 0x00000005e4800000| Untracked 
| 969|0x00000005e4800000, 0x00000005e5000000, 0x00000005e5000000|100%| O|  |TAMS 0x00000005e4800000| PB 0x00000005e5000000| Untracked 
| 970|0x00000005e5000000, 0x00000005e5800000, 0x00000005e5800000|100%| O|  |TAMS 0x00000005e5000000| PB 0x00000005e5800000| Untracked 
| 971|0x00000005e5800000, 0x00000005e6000000, 0x00000005e6000000|100%| O|  |TAMS 0x00000005e5800000| PB 0x00000005e6000000| Untracked 
| 972|0x00000005e6000000, 0x00000005e6800000, 0x00000005e6800000|100%| O|  |TAMS 0x00000005e6000000| PB 0x00000005e6800000| Untracked 
| 973|0x00000005e6800000, 0x00000005e7000000, 0x00000005e7000000|100%| O|  |TAMS 0x00000005e6800000| PB 0x00000005e7000000| Untracked 
| 974|0x00000005e7000000, 0x00000005e7800000, 0x00000005e7800000|100%| O|  |TAMS 0x00000005e7000000| PB 0x00000005e7800000| Untracked 
| 975|0x00000005e7800000, 0x00000005e8000000, 0x00000005e8000000|100%| O|  |TAMS 0x00000005e7800000| PB 0x00000005e8000000| Untracked 
| 976|0x00000005e8000000, 0x00000005e8800000, 0x00000005e8800000|100%| O|  |TAMS 0x00000005e8000000| PB 0x00000005e8800000| Untracked 
| 977|0x00000005e8800000, 0x00000005e9000000, 0x00000005e9000000|100%| O|  |TAMS 0x00000005e8800000| PB 0x00000005e9000000| Untracked 
| 978|0x00000005e9000000, 0x00000005e9800000, 0x00000005e9800000|100%| O|  |TAMS 0x00000005e9000000| PB 0x00000005e9800000| Untracked 
| 979|0x00000005e9800000, 0x00000005ea000000, 0x00000005ea000000|100%| O|  |TAMS 0x00000005e9800000| PB 0x00000005ea000000| Untracked 
| 980|0x00000005ea000000, 0x00000005ea800000, 0x00000005ea800000|100%| O|  |TAMS 0x00000005ea000000| PB 0x00000005ea800000| Untracked 
| 981|0x00000005ea800000, 0x00000005eb000000, 0x00000005eb000000|100%| O|  |TAMS 0x00000005ea800000| PB 0x00000005eb000000| Untracked 
| 982|0x00000005eb000000, 0x00000005eb800000, 0x00000005eb800000|100%| O|  |TAMS 0x00000005eb000000| PB 0x00000005eb800000| Untracked 
| 983|0x00000005eb800000, 0x00000005ec000000, 0x00000005ec000000|100%| O|  |TAMS 0x00000005eb800000| PB 0x00000005ec000000| Untracked 
| 984|0x00000005ec000000, 0x00000005ec800000, 0x00000005ec800000|100%| O|  |TAMS 0x00000005ec000000| PB 0x00000005ec800000| Untracked 
| 985|0x00000005ec800000, 0x00000005ed000000, 0x00000005ed000000|100%| O|  |TAMS 0x00000005ec800000| PB 0x00000005ed000000| Untracked 
| 986|0x00000005ed000000, 0x00000005ed800000, 0x00000005ed800000|100%| O|  |TAMS 0x00000005ed000000| PB 0x00000005ed800000| Untracked 
| 987|0x00000005ed800000, 0x00000005ee000000, 0x00000005ee000000|100%| O|  |TAMS 0x00000005ed800000| PB 0x00000005ee000000| Untracked 
| 988|0x00000005ee000000, 0x00000005ee800000, 0x00000005ee800000|100%| O|  |TAMS 0x00000005ee000000| PB 0x00000005ee800000| Untracked 
| 989|0x00000005ee800000, 0x00000005ef000000, 0x00000005ef000000|100%| O|  |TAMS 0x00000005ee800000| PB 0x00000005ef000000| Untracked 
| 990|0x00000005ef000000, 0x00000005ef800000, 0x00000005ef800000|100%| O|  |TAMS 0x00000005ef000000| PB 0x00000005ef800000| Untracked 
| 991|0x00000005ef800000, 0x00000005f0000000, 0x00000005f0000000|100%| O|  |TAMS 0x00000005ef800000| PB 0x00000005f0000000| Untracked 
| 992|0x00000005f0000000, 0x00000005f0800000, 0x00000005f0800000|100%| O|  |TAMS 0x00000005f0000000| PB 0x00000005f0800000| Untracked 
| 993|0x00000005f0800000, 0x00000005f1000000, 0x00000005f1000000|100%| O|  |TAMS 0x00000005f0800000| PB 0x00000005f1000000| Untracked 
| 994|0x00000005f1000000, 0x00000005f1800000, 0x00000005f1800000|100%| O|  |TAMS 0x00000005f1000000| PB 0x00000005f1800000| Untracked 
| 995|0x00000005f1800000, 0x00000005f2000000, 0x00000005f2000000|100%| O|  |TAMS 0x00000005f1800000| PB 0x00000005f2000000| Untracked 
| 996|0x00000005f2000000, 0x00000005f2800000, 0x00000005f2800000|100%| O|  |TAMS 0x00000005f2000000| PB 0x00000005f2800000| Untracked 
| 997|0x00000005f2800000, 0x00000005f3000000, 0x00000005f3000000|100%| O|  |TAMS 0x00000005f2800000| PB 0x00000005f3000000| Untracked 
| 998|0x00000005f3000000, 0x00000005f3800000, 0x00000005f3800000|100%| O|  |TAMS 0x00000005f3000000| PB 0x00000005f3800000| Untracked 
| 999|0x00000005f3800000, 0x00000005f4000000, 0x00000005f4000000|100%| O|  |TAMS 0x00000005f3800000| PB 0x00000005f4000000| Untracked 
|1000|0x00000005f4000000, 0x00000005f4800000, 0x00000005f4800000|100%| O|  |TAMS 0x00000005f4000000| PB 0x00000005f4800000| Untracked 
|1001|0x00000005f4800000, 0x00000005f5000000, 0x00000005f5000000|100%| O|  |TAMS 0x00000005f4800000| PB 0x00000005f5000000| Untracked 
|1002|0x00000005f5000000, 0x00000005f5800000, 0x00000005f5800000|100%| O|  |TAMS 0x00000005f5000000| PB 0x00000005f5800000| Untracked 
|1003|0x00000005f5800000, 0x00000005f6000000, 0x00000005f6000000|100%| O|  |TAMS 0x00000005f5800000| PB 0x00000005f6000000| Untracked 
|1004|0x00000005f6000000, 0x00000005f6800000, 0x00000005f6800000|100%| O|  |TAMS 0x00000005f6000000| PB 0x00000005f6800000| Untracked 
|1005|0x00000005f6800000, 0x00000005f7000000, 0x00000005f7000000|100%| O|  |TAMS 0x00000005f6800000| PB 0x00000005f7000000| Untracked 
|1006|0x00000005f7000000, 0x00000005f7800000, 0x00000005f7800000|100%| O|  |TAMS 0x00000005f7000000| PB 0x00000005f7800000| Untracked 
|1007|0x00000005f7800000, 0x00000005f8000000, 0x00000005f8000000|100%| O|  |TAMS 0x00000005f7800000| PB 0x00000005f8000000| Untracked 
|1008|0x00000005f8000000, 0x00000005f8800000, 0x00000005f8800000|100%| S|  |TAMS 0x00000005f8000000| PB 0x00000005f8800000| Complete 
|1009|0x00000005f8800000, 0x00000005f9000000, 0x00000005f9000000|100%| S|  |TAMS 0x00000005f8800000| PB 0x00000005f9000000| Complete 
|1010|0x00000005f9000000, 0x00000005f9800000, 0x00000005f9800000|100%| O|  |TAMS 0x00000005f9000000| PB 0x00000005f9800000| Untracked 
|1011|0x00000005f9800000, 0x00000005fa000000, 0x00000005fa000000|100%| O|  |TAMS 0x00000005f9800000| PB 0x00000005fa000000| Untracked 
|1012|0x00000005fa000000, 0x00000005fa800000, 0x00000005fa800000|100%| O|  |TAMS 0x00000005fa000000| PB 0x00000005fa800000| Untracked 
|1013|0x00000005fa800000, 0x00000005fb000000, 0x00000005fb000000|100%| O|  |TAMS 0x00000005fa800000| PB 0x00000005fb000000| Untracked 
|1014|0x00000005fb000000, 0x00000005fb800000, 0x00000005fb800000|100%| O|  |TAMS 0x00000005fb000000| PB 0x00000005fb800000| Untracked 
|1015|0x00000005fb800000, 0x00000005fc000000, 0x00000005fc000000|100%| O|  |TAMS 0x00000005fb800000| PB 0x00000005fc000000| Untracked 
|1016|0x00000005fc000000, 0x00000005fc800000, 0x00000005fc800000|100%| O|  |TAMS 0x00000005fc000000| PB 0x00000005fc800000| Untracked 
|1017|0x00000005fc800000, 0x00000005fd000000, 0x00000005fd000000|100%| O|  |TAMS 0x00000005fc800000| PB 0x00000005fd000000| Untracked 
|1018|0x00000005fd000000, 0x00000005fd800000, 0x00000005fd800000|100%| O|  |TAMS 0x00000005fd000000| PB 0x00000005fd800000| Untracked 
|1019|0x00000005fd800000, 0x00000005fe000000, 0x00000005fe000000|100%| O|  |TAMS 0x00000005fd800000| PB 0x00000005fe000000| Untracked 
|1020|0x00000005fe000000, 0x00000005fe800000, 0x00000005fe800000|100%| O|  |TAMS 0x00000005fe000000| PB 0x00000005fe800000| Untracked 
|1021|0x00000005fe800000, 0x00000005ff000000, 0x00000005ff000000|100%| O|  |TAMS 0x00000005fe800000| PB 0x00000005ff000000| Untracked 
|1022|0x00000005ff000000, 0x00000005ff800000, 0x00000005ff800000|100%| O|  |TAMS 0x00000005ff000000| PB 0x00000005ff800000| Untracked 
|1023|0x00000005ff800000, 0x0000000600000000, 0x0000000600000000|100%| O|  |TAMS 0x00000005ff800000| PB 0x0000000600000000| Untracked 
|1024|0x0000000600000000, 0x0000000600800000, 0x0000000600800000|100%| O|  |TAMS 0x0000000600000000| PB 0x0000000600800000| Untracked 
|1025|0x0000000600800000, 0x0000000601000000, 0x0000000601000000|100%| O|  |TAMS 0x0000000600800000| PB 0x0000000601000000| Untracked 
|1026|0x0000000601000000, 0x0000000601800000, 0x0000000601800000|100%| O|  |TAMS 0x0000000601000000| PB 0x0000000601800000| Untracked 
|1027|0x0000000601800000, 0x0000000602000000, 0x0000000602000000|100%| O|  |TAMS 0x0000000601800000| PB 0x0000000602000000| Untracked 
|1028|0x0000000602000000, 0x0000000602800000, 0x0000000602800000|100%| O|  |TAMS 0x0000000602000000| PB 0x0000000602800000| Untracked 
|1029|0x0000000602800000, 0x0000000603000000, 0x0000000603000000|100%| O|  |TAMS 0x0000000602800000| PB 0x0000000603000000| Untracked 
|1030|0x0000000603000000, 0x0000000603800000, 0x0000000603800000|100%| O|  |TAMS 0x0000000603000000| PB 0x0000000603800000| Untracked 
|1031|0x0000000603800000, 0x0000000604000000, 0x0000000604000000|100%| O|  |TAMS 0x0000000603800000| PB 0x0000000604000000| Untracked 
|1032|0x0000000604000000, 0x0000000604800000, 0x0000000604800000|100%| O|  |TAMS 0x0000000604000000| PB 0x0000000604800000| Untracked 
|1033|0x0000000604800000, 0x0000000605000000, 0x0000000605000000|100%| O|  |TAMS 0x0000000604800000| PB 0x0000000605000000| Untracked 
|1034|0x0000000605000000, 0x0000000605800000, 0x0000000605800000|100%| O|  |TAMS 0x0000000605000000| PB 0x0000000605800000| Untracked 
|1035|0x0000000605800000, 0x0000000606000000, 0x0000000606000000|100%| O|  |TAMS 0x0000000605800000| PB 0x0000000606000000| Untracked 
|1036|0x0000000606000000, 0x0000000606800000, 0x0000000606800000|100%| O|  |TAMS 0x0000000606000000| PB 0x0000000606800000| Untracked 
|1037|0x0000000606800000, 0x0000000607000000, 0x0000000607000000|100%| O|  |TAMS 0x0000000606800000| PB 0x0000000607000000| Untracked 
|1038|0x0000000607000000, 0x0000000607800000, 0x0000000607800000|100%| O|  |TAMS 0x0000000607000000| PB 0x0000000607800000| Untracked 
|1039|0x0000000607800000, 0x0000000608000000, 0x0000000608000000|100%| O|  |TAMS 0x0000000607800000| PB 0x0000000608000000| Untracked 
|1040|0x0000000608000000, 0x0000000608800000, 0x0000000608800000|100%| O|  |TAMS 0x0000000608000000| PB 0x0000000608800000| Untracked 
|1041|0x0000000608800000, 0x0000000609000000, 0x0000000609000000|100%| O|  |TAMS 0x0000000608800000| PB 0x0000000609000000| Untracked 
|1042|0x0000000609000000, 0x0000000609800000, 0x0000000609800000|100%| O|  |TAMS 0x0000000609000000| PB 0x0000000609800000| Untracked 
|1043|0x0000000609800000, 0x000000060a000000, 0x000000060a000000|100%| O|  |TAMS 0x0000000609800000| PB 0x000000060a000000| Untracked 
|1044|0x000000060a000000, 0x000000060a800000, 0x000000060a800000|100%| O|  |TAMS 0x000000060a000000| PB 0x000000060a800000| Untracked 
|1045|0x000000060a800000, 0x000000060b000000, 0x000000060b000000|100%| O|  |TAMS 0x000000060a800000| PB 0x000000060b000000| Untracked 
|1046|0x000000060b000000, 0x000000060b800000, 0x000000060b800000|100%| O|  |TAMS 0x000000060b000000| PB 0x000000060b800000| Untracked 
|1047|0x000000060b800000, 0x000000060c000000, 0x000000060c000000|100%| O|  |TAMS 0x000000060b800000| PB 0x000000060c000000| Untracked 
|1048|0x000000060c000000, 0x000000060c800000, 0x000000060c800000|100%| O|  |TAMS 0x000000060c000000| PB 0x000000060c800000| Untracked 
|1049|0x000000060c800000, 0x000000060d000000, 0x000000060d000000|100%| O|  |TAMS 0x000000060c800000| PB 0x000000060d000000| Untracked 
|1050|0x000000060d000000, 0x000000060d800000, 0x000000060d800000|100%| O|  |TAMS 0x000000060d000000| PB 0x000000060d800000| Untracked 
|1051|0x000000060d800000, 0x000000060e000000, 0x000000060e000000|100%| O|  |TAMS 0x000000060d800000| PB 0x000000060e000000| Untracked 
|1052|0x000000060e000000, 0x000000060e800000, 0x000000060e800000|100%| O|  |TAMS 0x000000060e000000| PB 0x000000060e800000| Untracked 
|1053|0x000000060e800000, 0x000000060f000000, 0x000000060f000000|100%| O|  |TAMS 0x000000060e800000| PB 0x000000060f000000| Untracked 
|1054|0x000000060f000000, 0x000000060f800000, 0x000000060f800000|100%| O|  |TAMS 0x000000060f000000| PB 0x000000060f800000| Untracked 
|1055|0x000000060f800000, 0x0000000610000000, 0x0000000610000000|100%| O|  |TAMS 0x000000060f800000| PB 0x0000000610000000| Untracked 
|1056|0x0000000610000000, 0x0000000610800000, 0x0000000610800000|100%| O|  |TAMS 0x0000000610000000| PB 0x0000000610800000| Untracked 
|1057|0x0000000610800000, 0x0000000611000000, 0x0000000611000000|100%| O|  |TAMS 0x0000000610800000| PB 0x0000000611000000| Untracked 
|1058|0x0000000611000000, 0x0000000611800000, 0x0000000611800000|100%| O|  |TAMS 0x0000000611000000| PB 0x0000000611800000| Untracked 
|1059|0x0000000611800000, 0x0000000612000000, 0x0000000612000000|100%| O|  |TAMS 0x0000000611800000| PB 0x0000000612000000| Untracked 
|1060|0x0000000612000000, 0x0000000612800000, 0x0000000612800000|100%| O|  |TAMS 0x0000000612000000| PB 0x0000000612800000| Untracked 
|1061|0x0000000612800000, 0x0000000613000000, 0x0000000613000000|100%| O|  |TAMS 0x0000000612800000| PB 0x0000000613000000| Untracked 
|1062|0x0000000613000000, 0x0000000613800000, 0x0000000613800000|100%| O|  |TAMS 0x0000000613000000| PB 0x0000000613800000| Untracked 
|1063|0x0000000613800000, 0x0000000614000000, 0x0000000614000000|100%| O|  |TAMS 0x0000000613800000| PB 0x0000000614000000| Untracked 
|1064|0x0000000614000000, 0x0000000614800000, 0x0000000614800000|100%| O|  |TAMS 0x0000000614000000| PB 0x0000000614800000| Untracked 
|1065|0x0000000614800000, 0x0000000615000000, 0x0000000615000000|100%| O|  |TAMS 0x0000000614800000| PB 0x0000000615000000| Untracked 
|1066|0x0000000615000000, 0x0000000615800000, 0x0000000615800000|100%| O|  |TAMS 0x0000000615000000| PB 0x0000000615800000| Untracked 
|1067|0x0000000615800000, 0x0000000616000000, 0x0000000616000000|100%| O|  |TAMS 0x0000000615800000| PB 0x0000000616000000| Untracked 
|1068|0x0000000616000000, 0x0000000616800000, 0x0000000616800000|100%| O|  |TAMS 0x0000000616000000| PB 0x0000000616800000| Untracked 
|1069|0x0000000616800000, 0x0000000617000000, 0x0000000617000000|100%| O|  |TAMS 0x0000000616800000| PB 0x0000000617000000| Untracked 
|1070|0x0000000617000000, 0x0000000617800000, 0x0000000617800000|100%| O|  |TAMS 0x0000000617000000| PB 0x0000000617800000| Untracked 
|1071|0x0000000617800000, 0x0000000618000000, 0x0000000618000000|100%| O|  |TAMS 0x0000000617800000| PB 0x0000000618000000| Untracked 
|1072|0x0000000618000000, 0x0000000618800000, 0x0000000618800000|100%| O|  |TAMS 0x0000000618000000| PB 0x0000000618800000| Untracked 
|1073|0x0000000618800000, 0x0000000619000000, 0x0000000619000000|100%| O|  |TAMS 0x0000000618800000| PB 0x0000000619000000| Untracked 
|1074|0x0000000619000000, 0x0000000619800000, 0x0000000619800000|100%| O|  |TAMS 0x0000000619000000| PB 0x0000000619800000| Untracked 
|1075|0x0000000619800000, 0x000000061a000000, 0x000000061a000000|100%| O|  |TAMS 0x0000000619800000| PB 0x000000061a000000| Untracked 
|1076|0x000000061a000000, 0x000000061a800000, 0x000000061a800000|100%| O|  |TAMS 0x000000061a000000| PB 0x000000061a800000| Untracked 
|1077|0x000000061a800000, 0x000000061b000000, 0x000000061b000000|100%| O|  |TAMS 0x000000061a800000| PB 0x000000061b000000| Untracked 
|1078|0x000000061b000000, 0x000000061b800000, 0x000000061b800000|100%| O|  |TAMS 0x000000061b000000| PB 0x000000061b800000| Untracked 
|1079|0x000000061b800000, 0x000000061c000000, 0x000000061c000000|100%| O|  |TAMS 0x000000061b800000| PB 0x000000061c000000| Untracked 
|1080|0x000000061c000000, 0x000000061c800000, 0x000000061c800000|100%| O|  |TAMS 0x000000061c000000| PB 0x000000061c800000| Untracked 
|1081|0x000000061c800000, 0x000000061d000000, 0x000000061d000000|100%| O|  |TAMS 0x000000061c800000| PB 0x000000061d000000| Untracked 
|1082|0x000000061d000000, 0x000000061d800000, 0x000000061d800000|100%| O|  |TAMS 0x000000061d000000| PB 0x000000061d800000| Untracked 
|1083|0x000000061d800000, 0x000000061e000000, 0x000000061e000000|100%| O|  |TAMS 0x000000061d800000| PB 0x000000061e000000| Untracked 
|1084|0x000000061e000000, 0x000000061e800000, 0x000000061e800000|100%| O|  |TAMS 0x000000061e000000| PB 0x000000061e800000| Untracked 
|1085|0x000000061e800000, 0x000000061f000000, 0x000000061f000000|100%| O|  |TAMS 0x000000061e800000| PB 0x000000061f000000| Untracked 
|1086|0x000000061f000000, 0x000000061f800000, 0x000000061f800000|100%| O|  |TAMS 0x000000061f000000| PB 0x000000061f800000| Untracked 
|1087|0x000000061f800000, 0x0000000620000000, 0x0000000620000000|100%| O|  |TAMS 0x000000061f800000| PB 0x0000000620000000| Untracked 
|1088|0x0000000620000000, 0x0000000620800000, 0x0000000620800000|100%| O|  |TAMS 0x0000000620000000| PB 0x0000000620800000| Untracked 
|1089|0x0000000620800000, 0x0000000621000000, 0x0000000621000000|100%| O|  |TAMS 0x0000000620800000| PB 0x0000000621000000| Untracked 
|1090|0x0000000621000000, 0x0000000621800000, 0x0000000621800000|100%| O|  |TAMS 0x0000000621000000| PB 0x0000000621800000| Untracked 
|1091|0x0000000621800000, 0x0000000622000000, 0x0000000622000000|100%| O|  |TAMS 0x0000000621800000| PB 0x0000000622000000| Untracked 
|1092|0x0000000622000000, 0x0000000622800000, 0x0000000622800000|100%| O|  |TAMS 0x0000000622000000| PB 0x0000000622800000| Untracked 
|1093|0x0000000622800000, 0x0000000623000000, 0x0000000623000000|100%| O|  |TAMS 0x0000000622800000| PB 0x0000000623000000| Untracked 
|1094|0x0000000623000000, 0x0000000623800000, 0x0000000623800000|100%| O|  |TAMS 0x0000000623000000| PB 0x0000000623800000| Untracked 
|1095|0x0000000623800000, 0x0000000624000000, 0x0000000624000000|100%| O|  |TAMS 0x0000000623800000| PB 0x0000000624000000| Untracked 
|1096|0x0000000624000000, 0x0000000624800000, 0x0000000624800000|100%| O|  |TAMS 0x0000000624000000| PB 0x0000000624800000| Untracked 
|1097|0x0000000624800000, 0x0000000625000000, 0x0000000625000000|100%| O|  |TAMS 0x0000000624800000| PB 0x0000000625000000| Untracked 
|1098|0x0000000625000000, 0x0000000625800000, 0x0000000625800000|100%| O|  |TAMS 0x0000000625000000| PB 0x0000000625800000| Untracked 
|1099|0x0000000625800000, 0x0000000626000000, 0x0000000626000000|100%| O|  |TAMS 0x0000000625800000| PB 0x0000000626000000| Untracked 
|1100|0x0000000626000000, 0x0000000626800000, 0x0000000626800000|100%| O|  |TAMS 0x0000000626000000| PB 0x0000000626800000| Untracked 
|1101|0x0000000626800000, 0x0000000627000000, 0x0000000627000000|100%| O|  |TAMS 0x0000000626800000| PB 0x0000000627000000| Untracked 
|1102|0x0000000627000000, 0x0000000627800000, 0x0000000627800000|100%| O|  |TAMS 0x0000000627000000| PB 0x0000000627800000| Untracked 
|1103|0x0000000627800000, 0x0000000628000000, 0x0000000628000000|100%| O|  |TAMS 0x0000000627800000| PB 0x0000000628000000| Untracked 
|1104|0x0000000628000000, 0x0000000628800000, 0x0000000628800000|100%| O|  |TAMS 0x0000000628000000| PB 0x0000000628800000| Untracked 
|1105|0x0000000628800000, 0x0000000629000000, 0x0000000629000000|100%| O|  |TAMS 0x0000000628800000| PB 0x0000000629000000| Untracked 
|1106|0x0000000629000000, 0x0000000629800000, 0x0000000629800000|100%| O|  |TAMS 0x0000000629000000| PB 0x0000000629800000| Untracked 
|1107|0x0000000629800000, 0x000000062a000000, 0x000000062a000000|100%| O|  |TAMS 0x0000000629800000| PB 0x000000062a000000| Untracked 
|1108|0x000000062a000000, 0x000000062a800000, 0x000000062a800000|100%| O|  |TAMS 0x000000062a000000| PB 0x000000062a800000| Untracked 
|1109|0x000000062a800000, 0x000000062b000000, 0x000000062b000000|100%| O|  |TAMS 0x000000062a800000| PB 0x000000062b000000| Untracked 
|1110|0x000000062b000000, 0x000000062b800000, 0x000000062b800000|100%| O|  |TAMS 0x000000062b000000| PB 0x000000062b800000| Untracked 
|1111|0x000000062b800000, 0x000000062c000000, 0x000000062c000000|100%| O|  |TAMS 0x000000062b800000| PB 0x000000062c000000| Untracked 
|1112|0x000000062c000000, 0x000000062c800000, 0x000000062c800000|100%| O|  |TAMS 0x000000062c000000| PB 0x000000062c800000| Untracked 
|1113|0x000000062c800000, 0x000000062d000000, 0x000000062d000000|100%| O|  |TAMS 0x000000062c800000| PB 0x000000062d000000| Untracked 
|1114|0x000000062d000000, 0x000000062d800000, 0x000000062d800000|100%| O|  |TAMS 0x000000062d000000| PB 0x000000062d800000| Untracked 
|1115|0x000000062d800000, 0x000000062e000000, 0x000000062e000000|100%| O|  |TAMS 0x000000062d800000| PB 0x000000062e000000| Untracked 
|1116|0x000000062e000000, 0x000000062e800000, 0x000000062e800000|100%| O|  |TAMS 0x000000062e000000| PB 0x000000062e800000| Untracked 
|1117|0x000000062e800000, 0x000000062f000000, 0x000000062f000000|100%| O|  |TAMS 0x000000062e800000| PB 0x000000062f000000| Untracked 
|1118|0x000000062f000000, 0x000000062f800000, 0x000000062f800000|100%| O|  |TAMS 0x000000062f000000| PB 0x000000062f800000| Untracked 
|1119|0x000000062f800000, 0x0000000630000000, 0x0000000630000000|100%| O|  |TAMS 0x000000062f800000| PB 0x0000000630000000| Untracked 
|1120|0x0000000630000000, 0x0000000630800000, 0x0000000630800000|100%| O|  |TAMS 0x0000000630000000| PB 0x0000000630800000| Untracked 
|1121|0x0000000630800000, 0x0000000631000000, 0x0000000631000000|100%| O|  |TAMS 0x0000000630800000| PB 0x0000000631000000| Untracked 
|1122|0x0000000631000000, 0x0000000631800000, 0x0000000631800000|100%| O|  |TAMS 0x0000000631000000| PB 0x0000000631800000| Untracked 
|1123|0x0000000631800000, 0x0000000632000000, 0x0000000632000000|100%| O|  |TAMS 0x0000000631800000| PB 0x0000000632000000| Untracked 
|1124|0x0000000632000000, 0x0000000632800000, 0x0000000632800000|100%| O|  |TAMS 0x0000000632000000| PB 0x0000000632800000| Untracked 
|1125|0x0000000632800000, 0x0000000633000000, 0x0000000633000000|100%| O|  |TAMS 0x0000000632800000| PB 0x0000000633000000| Untracked 
|1126|0x0000000633000000, 0x0000000633800000, 0x0000000633800000|100%| O|  |TAMS 0x0000000633000000| PB 0x0000000633800000| Untracked 
|1127|0x0000000633800000, 0x0000000634000000, 0x0000000634000000|100%| O|  |TAMS 0x0000000633800000| PB 0x0000000634000000| Untracked 
|1128|0x0000000634000000, 0x0000000634800000, 0x0000000634800000|100%| O|  |TAMS 0x0000000634000000| PB 0x0000000634800000| Untracked 
|1129|0x0000000634800000, 0x0000000635000000, 0x0000000635000000|100%| O|  |TAMS 0x0000000634800000| PB 0x0000000635000000| Untracked 
|1130|0x0000000635000000, 0x0000000635800000, 0x0000000635800000|100%| O|  |TAMS 0x0000000635000000| PB 0x0000000635800000| Untracked 
|1131|0x0000000635800000, 0x0000000636000000, 0x0000000636000000|100%| O|  |TAMS 0x0000000635800000| PB 0x0000000636000000| Untracked 
|1132|0x0000000636000000, 0x0000000636800000, 0x0000000636800000|100%| O|  |TAMS 0x0000000636000000| PB 0x0000000636800000| Untracked 
|1133|0x0000000636800000, 0x0000000637000000, 0x0000000637000000|100%| O|  |TAMS 0x0000000636800000| PB 0x0000000637000000| Untracked 
|1134|0x0000000637000000, 0x0000000637800000, 0x0000000637800000|100%| O|  |TAMS 0x0000000637000000| PB 0x0000000637800000| Untracked 
|1135|0x0000000637800000, 0x0000000638000000, 0x0000000638000000|100%| O|  |TAMS 0x0000000637800000| PB 0x0000000638000000| Untracked 
|1136|0x0000000638000000, 0x0000000638800000, 0x0000000638800000|100%| O|  |TAMS 0x0000000638000000| PB 0x0000000638800000| Untracked 
|1137|0x0000000638800000, 0x0000000639000000, 0x0000000639000000|100%| O|  |TAMS 0x0000000638800000| PB 0x0000000639000000| Untracked 
|1138|0x0000000639000000, 0x0000000639800000, 0x0000000639800000|100%| O|  |TAMS 0x0000000639000000| PB 0x0000000639800000| Untracked 
|1139|0x0000000639800000, 0x000000063a000000, 0x000000063a000000|100%| O|  |TAMS 0x0000000639800000| PB 0x000000063a000000| Untracked 
|1140|0x000000063a000000, 0x000000063a800000, 0x000000063a800000|100%| O|  |TAMS 0x000000063a000000| PB 0x000000063a800000| Untracked 
|1141|0x000000063a800000, 0x000000063b000000, 0x000000063b000000|100%| O|  |TAMS 0x000000063a800000| PB 0x000000063b000000| Untracked 
|1142|0x000000063b000000, 0x000000063b800000, 0x000000063b800000|100%| O|  |TAMS 0x000000063b000000| PB 0x000000063b800000| Untracked 
|1143|0x000000063b800000, 0x000000063c000000, 0x000000063c000000|100%| O|  |TAMS 0x000000063b800000| PB 0x000000063c000000| Untracked 
|1144|0x000000063c000000, 0x000000063c800000, 0x000000063c800000|100%| O|  |TAMS 0x000000063c000000| PB 0x000000063c800000| Untracked 
|1145|0x000000063c800000, 0x000000063d000000, 0x000000063d000000|100%| O|  |TAMS 0x000000063c800000| PB 0x000000063d000000| Untracked 
|1146|0x000000063d000000, 0x000000063d800000, 0x000000063d800000|100%| O|  |TAMS 0x000000063d000000| PB 0x000000063d800000| Untracked 
|1147|0x000000063d800000, 0x000000063e000000, 0x000000063e000000|100%| O|  |TAMS 0x000000063d800000| PB 0x000000063e000000| Untracked 
|1148|0x000000063e000000, 0x000000063e800000, 0x000000063e800000|100%| O|  |TAMS 0x000000063e000000| PB 0x000000063e800000| Untracked 
|1149|0x000000063e800000, 0x000000063f000000, 0x000000063f000000|100%| O|  |TAMS 0x000000063e800000| PB 0x000000063f000000| Untracked 
|1150|0x000000063f000000, 0x000000063f800000, 0x000000063f800000|100%| O|  |TAMS 0x000000063f000000| PB 0x000000063f800000| Untracked 
|1151|0x000000063f800000, 0x0000000640000000, 0x0000000640000000|100%| O|  |TAMS 0x000000063f800000| PB 0x0000000640000000| Untracked 
|1152|0x0000000640000000, 0x0000000640800000, 0x0000000640800000|100%| O|  |TAMS 0x0000000640000000| PB 0x0000000640800000| Untracked 
|1153|0x0000000640800000, 0x0000000641000000, 0x0000000641000000|100%| O|  |TAMS 0x0000000640800000| PB 0x0000000641000000| Untracked 
|1154|0x0000000641000000, 0x0000000641800000, 0x0000000641800000|100%| O|  |TAMS 0x0000000641000000| PB 0x0000000641800000| Untracked 
|1155|0x0000000641800000, 0x0000000642000000, 0x0000000642000000|100%| O|  |TAMS 0x0000000641800000| PB 0x0000000642000000| Untracked 
|1156|0x0000000642000000, 0x0000000642800000, 0x0000000642800000|100%| O|  |TAMS 0x0000000642000000| PB 0x0000000642800000| Untracked 
|1157|0x0000000642800000, 0x0000000643000000, 0x0000000643000000|100%| O|  |TAMS 0x0000000642800000| PB 0x0000000643000000| Untracked 
|1158|0x0000000643000000, 0x0000000643800000, 0x0000000643800000|100%| O|  |TAMS 0x0000000643000000| PB 0x0000000643800000| Untracked 
|1159|0x0000000643800000, 0x0000000644000000, 0x0000000644000000|100%| O|  |TAMS 0x0000000643800000| PB 0x0000000644000000| Untracked 
|1160|0x0000000644000000, 0x0000000644800000, 0x0000000644800000|100%| O|  |TAMS 0x0000000644000000| PB 0x0000000644800000| Untracked 
|1161|0x0000000644800000, 0x0000000645000000, 0x0000000645000000|100%| O|  |TAMS 0x0000000644800000| PB 0x0000000645000000| Untracked 
|1162|0x0000000645000000, 0x0000000645800000, 0x0000000645800000|100%| O|  |TAMS 0x0000000645000000| PB 0x0000000645800000| Untracked 
|1163|0x0000000645800000, 0x0000000646000000, 0x0000000646000000|100%| O|  |TAMS 0x0000000645800000| PB 0x0000000646000000| Untracked 
|1164|0x0000000646000000, 0x0000000646800000, 0x0000000646800000|100%| O|  |TAMS 0x0000000646000000| PB 0x0000000646800000| Untracked 
|1165|0x0000000646800000, 0x0000000647000000, 0x0000000647000000|100%| O|  |TAMS 0x0000000646800000| PB 0x0000000647000000| Untracked 
|1166|0x0000000647000000, 0x0000000647800000, 0x0000000647800000|100%| O|  |TAMS 0x0000000647000000| PB 0x0000000647800000| Untracked 
|1167|0x0000000647800000, 0x0000000648000000, 0x0000000648000000|100%| O|  |TAMS 0x0000000647800000| PB 0x0000000648000000| Untracked 
|1168|0x0000000648000000, 0x0000000648800000, 0x0000000648800000|100%| O|  |TAMS 0x0000000648000000| PB 0x0000000648800000| Untracked 
|1169|0x0000000648800000, 0x0000000649000000, 0x0000000649000000|100%| O|  |TAMS 0x0000000648800000| PB 0x0000000649000000| Untracked 
|1170|0x0000000649000000, 0x0000000649800000, 0x0000000649800000|100%| O|  |TAMS 0x0000000649000000| PB 0x0000000649800000| Untracked 
|1171|0x0000000649800000, 0x000000064a000000, 0x000000064a000000|100%| O|  |TAMS 0x0000000649800000| PB 0x000000064a000000| Untracked 
|1172|0x000000064a000000, 0x000000064a800000, 0x000000064a800000|100%| O|  |TAMS 0x000000064a000000| PB 0x000000064a800000| Untracked 
|1173|0x000000064a800000, 0x000000064b000000, 0x000000064b000000|100%| O|  |TAMS 0x000000064a800000| PB 0x000000064b000000| Untracked 
|1174|0x000000064b000000, 0x000000064b800000, 0x000000064b800000|100%| O|  |TAMS 0x000000064b000000| PB 0x000000064b800000| Untracked 
|1175|0x000000064b800000, 0x000000064c000000, 0x000000064c000000|100%| O|  |TAMS 0x000000064b800000| PB 0x000000064c000000| Untracked 
|1176|0x000000064c000000, 0x000000064c800000, 0x000000064c800000|100%| O|  |TAMS 0x000000064c000000| PB 0x000000064c800000| Untracked 
|1177|0x000000064c800000, 0x000000064d000000, 0x000000064d000000|100%| O|  |TAMS 0x000000064c800000| PB 0x000000064d000000| Untracked 
|1178|0x000000064d000000, 0x000000064d800000, 0x000000064d800000|100%| O|  |TAMS 0x000000064d000000| PB 0x000000064d800000| Untracked 
|1179|0x000000064d800000, 0x000000064e000000, 0x000000064e000000|100%| O|  |TAMS 0x000000064d800000| PB 0x000000064e000000| Untracked 
|1180|0x000000064e000000, 0x000000064e800000, 0x000000064e800000|100%| O|  |TAMS 0x000000064e000000| PB 0x000000064e800000| Untracked 
|1181|0x000000064e800000, 0x000000064f000000, 0x000000064f000000|100%| O|  |TAMS 0x000000064e800000| PB 0x000000064f000000| Untracked 
|1182|0x000000064f000000, 0x000000064f800000, 0x000000064f800000|100%| O|  |TAMS 0x000000064f000000| PB 0x000000064f800000| Untracked 
|1183|0x000000064f800000, 0x0000000650000000, 0x0000000650000000|100%| O|  |TAMS 0x000000064f800000| PB 0x0000000650000000| Untracked 
|1184|0x0000000650000000, 0x0000000650800000, 0x0000000650800000|100%| O|  |TAMS 0x0000000650000000| PB 0x0000000650800000| Untracked 
|1185|0x0000000650800000, 0x0000000651000000, 0x0000000651000000|100%| O|  |TAMS 0x0000000650800000| PB 0x0000000651000000| Untracked 
|1186|0x0000000651000000, 0x0000000651800000, 0x0000000651800000|100%| O|  |TAMS 0x0000000651000000| PB 0x0000000651800000| Untracked 
|1187|0x0000000651800000, 0x0000000652000000, 0x0000000652000000|100%| O|  |TAMS 0x0000000651800000| PB 0x0000000652000000| Untracked 
|1188|0x0000000652000000, 0x0000000652800000, 0x0000000652800000|100%| O|  |TAMS 0x0000000652000000| PB 0x0000000652800000| Untracked 
|1189|0x0000000652800000, 0x0000000653000000, 0x0000000653000000|100%| O|  |TAMS 0x0000000652800000| PB 0x0000000653000000| Untracked 
|1190|0x0000000653000000, 0x0000000653800000, 0x0000000653800000|100%| O|  |TAMS 0x0000000653000000| PB 0x0000000653800000| Untracked 
|1191|0x0000000653800000, 0x0000000654000000, 0x0000000654000000|100%| O|  |TAMS 0x0000000653800000| PB 0x0000000654000000| Untracked 
|1192|0x0000000654000000, 0x0000000654800000, 0x0000000654800000|100%| O|  |TAMS 0x0000000654000000| PB 0x0000000654800000| Untracked 
|1193|0x0000000654800000, 0x0000000655000000, 0x0000000655000000|100%| O|  |TAMS 0x0000000654800000| PB 0x0000000655000000| Untracked 
|1194|0x0000000655000000, 0x0000000655800000, 0x0000000655800000|100%| O|  |TAMS 0x0000000655000000| PB 0x0000000655800000| Untracked 
|1195|0x0000000655800000, 0x0000000656000000, 0x0000000656000000|100%| O|  |TAMS 0x0000000655800000| PB 0x0000000656000000| Untracked 
|1196|0x0000000656000000, 0x0000000656800000, 0x0000000656800000|100%| O|  |TAMS 0x0000000656000000| PB 0x0000000656800000| Untracked 
|1197|0x0000000656800000, 0x0000000657000000, 0x0000000657000000|100%| O|  |TAMS 0x0000000656800000| PB 0x0000000657000000| Untracked 
|1198|0x0000000657000000, 0x0000000657800000, 0x0000000657800000|100%| O|  |TAMS 0x0000000657000000| PB 0x0000000657800000| Untracked 
|1199|0x0000000657800000, 0x0000000658000000, 0x0000000658000000|100%| O|  |TAMS 0x0000000657800000| PB 0x0000000658000000| Untracked 
|1200|0x0000000658000000, 0x0000000658800000, 0x0000000658800000|100%| O|  |TAMS 0x0000000658000000| PB 0x0000000658800000| Untracked 
|1201|0x0000000658800000, 0x0000000659000000, 0x0000000659000000|100%| O|  |TAMS 0x0000000658800000| PB 0x0000000659000000| Untracked 
|1202|0x0000000659000000, 0x0000000659800000, 0x0000000659800000|100%| O|  |TAMS 0x0000000659000000| PB 0x0000000659800000| Untracked 
|1203|0x0000000659800000, 0x000000065a000000, 0x000000065a000000|100%| O|  |TAMS 0x0000000659800000| PB 0x000000065a000000| Untracked 
|1204|0x000000065a000000, 0x000000065a800000, 0x000000065a800000|100%| O|  |TAMS 0x000000065a000000| PB 0x000000065a800000| Untracked 
|1205|0x000000065a800000, 0x000000065b000000, 0x000000065b000000|100%| O|  |TAMS 0x000000065a800000| PB 0x000000065b000000| Untracked 
|1206|0x000000065b000000, 0x000000065b800000, 0x000000065b800000|100%| O|  |TAMS 0x000000065b000000| PB 0x000000065b800000| Untracked 
|1207|0x000000065b800000, 0x000000065c000000, 0x000000065c000000|100%| O|  |TAMS 0x000000065b800000| PB 0x000000065c000000| Untracked 
|1208|0x000000065c000000, 0x000000065c800000, 0x000000065c800000|100%| O|  |TAMS 0x000000065c000000| PB 0x000000065c800000| Untracked 
|1209|0x000000065c800000, 0x000000065d000000, 0x000000065d000000|100%| O|  |TAMS 0x000000065c800000| PB 0x000000065d000000| Untracked 
|1210|0x000000065d000000, 0x000000065d800000, 0x000000065d800000|100%| O|  |TAMS 0x000000065d000000| PB 0x000000065d800000| Untracked 
|1211|0x000000065d800000, 0x000000065e000000, 0x000000065e000000|100%| O|  |TAMS 0x000000065d800000| PB 0x000000065e000000| Untracked 
|1212|0x000000065e000000, 0x000000065e800000, 0x000000065e800000|100%| O|  |TAMS 0x000000065e000000| PB 0x000000065e800000| Untracked 
|1213|0x000000065e800000, 0x000000065f000000, 0x000000065f000000|100%| O|  |TAMS 0x000000065e800000| PB 0x000000065f000000| Untracked 
|1214|0x000000065f000000, 0x000000065f800000, 0x000000065f800000|100%| O|  |TAMS 0x000000065f000000| PB 0x000000065f800000| Untracked 
|1215|0x000000065f800000, 0x0000000660000000, 0x0000000660000000|100%| O|  |TAMS 0x000000065f800000| PB 0x0000000660000000| Untracked 
|1216|0x0000000660000000, 0x0000000660800000, 0x0000000660800000|100%| O|  |TAMS 0x0000000660000000| PB 0x0000000660800000| Untracked 
|1217|0x0000000660800000, 0x0000000661000000, 0x0000000661000000|100%| O|  |TAMS 0x0000000660800000| PB 0x0000000661000000| Untracked 
|1218|0x0000000661000000, 0x0000000661800000, 0x0000000661800000|100%| O|  |TAMS 0x0000000661000000| PB 0x0000000661800000| Untracked 
|1219|0x0000000661800000, 0x0000000662000000, 0x0000000662000000|100%| O|  |TAMS 0x0000000661800000| PB 0x0000000662000000| Untracked 
|1220|0x0000000662000000, 0x0000000662800000, 0x0000000662800000|100%| O|  |TAMS 0x0000000662000000| PB 0x0000000662800000| Untracked 
|1221|0x0000000662800000, 0x0000000663000000, 0x0000000663000000|100%| O|  |TAMS 0x0000000662800000| PB 0x0000000663000000| Untracked 
|1222|0x0000000663000000, 0x0000000663800000, 0x0000000663800000|100%| O|  |TAMS 0x0000000663000000| PB 0x0000000663800000| Untracked 
|1223|0x0000000663800000, 0x0000000664000000, 0x0000000664000000|100%| O|  |TAMS 0x0000000663800000| PB 0x0000000664000000| Untracked 
|1224|0x0000000664000000, 0x0000000664800000, 0x0000000664800000|100%| O|  |TAMS 0x0000000664000000| PB 0x0000000664800000| Untracked 
|1225|0x0000000664800000, 0x0000000665000000, 0x0000000665000000|100%| O|  |TAMS 0x0000000664800000| PB 0x0000000665000000| Untracked 
|1226|0x0000000665000000, 0x0000000665800000, 0x0000000665800000|100%| O|  |TAMS 0x0000000665000000| PB 0x0000000665800000| Untracked 
|1227|0x0000000665800000, 0x0000000666000000, 0x0000000666000000|100%| O|  |TAMS 0x0000000665800000| PB 0x0000000666000000| Untracked 
|1228|0x0000000666000000, 0x0000000666800000, 0x0000000666800000|100%| O|  |TAMS 0x0000000666000000| PB 0x0000000666800000| Untracked 
|1229|0x0000000666800000, 0x0000000667000000, 0x0000000667000000|100%| O|  |TAMS 0x0000000666800000| PB 0x0000000667000000| Untracked 
|1230|0x0000000667000000, 0x0000000667800000, 0x0000000667800000|100%| O|  |TAMS 0x0000000667000000| PB 0x0000000667800000| Untracked 
|1231|0x0000000667800000, 0x0000000668000000, 0x0000000668000000|100%| O|  |TAMS 0x0000000667800000| PB 0x0000000668000000| Untracked 
|1232|0x0000000668000000, 0x0000000668800000, 0x0000000668800000|100%| O|  |TAMS 0x0000000668000000| PB 0x0000000668800000| Untracked 
|1233|0x0000000668800000, 0x0000000669000000, 0x0000000669000000|100%| O|  |TAMS 0x0000000668800000| PB 0x0000000669000000| Untracked 
|1234|0x0000000669000000, 0x0000000669800000, 0x0000000669800000|100%| O|  |TAMS 0x0000000669000000| PB 0x0000000669800000| Untracked 
|1235|0x0000000669800000, 0x000000066a000000, 0x000000066a000000|100%| O|  |TAMS 0x0000000669800000| PB 0x000000066a000000| Untracked 
|1236|0x000000066a000000, 0x000000066a800000, 0x000000066a800000|100%| O|  |TAMS 0x000000066a000000| PB 0x000000066a800000| Untracked 
|1237|0x000000066a800000, 0x000000066b000000, 0x000000066b000000|100%| O|  |TAMS 0x000000066a800000| PB 0x000000066b000000| Untracked 
|1238|0x000000066b000000, 0x000000066b800000, 0x000000066b800000|100%| O|  |TAMS 0x000000066b000000| PB 0x000000066b800000| Untracked 
|1239|0x000000066b800000, 0x000000066c000000, 0x000000066c000000|100%| O|  |TAMS 0x000000066b800000| PB 0x000000066c000000| Untracked 
|1240|0x000000066c000000, 0x000000066c800000, 0x000000066c800000|100%| O|  |TAMS 0x000000066c000000| PB 0x000000066c800000| Untracked 
|1241|0x000000066c800000, 0x000000066d000000, 0x000000066d000000|100%| O|  |TAMS 0x000000066c800000| PB 0x000000066d000000| Untracked 
|1242|0x000000066d000000, 0x000000066d800000, 0x000000066d800000|100%| O|  |TAMS 0x000000066d000000| PB 0x000000066d800000| Untracked 
|1243|0x000000066d800000, 0x000000066e000000, 0x000000066e000000|100%| O|  |TAMS 0x000000066d800000| PB 0x000000066e000000| Untracked 
|1244|0x000000066e000000, 0x000000066e800000, 0x000000066e800000|100%| O|  |TAMS 0x000000066e000000| PB 0x000000066e800000| Untracked 
|1245|0x000000066e800000, 0x000000066f000000, 0x000000066f000000|100%| O|  |TAMS 0x000000066e800000| PB 0x000000066f000000| Untracked 
|1246|0x000000066f000000, 0x000000066f800000, 0x000000066f800000|100%| O|  |TAMS 0x000000066f000000| PB 0x000000066f800000| Untracked 
|1247|0x000000066f800000, 0x0000000670000000, 0x0000000670000000|100%| O|  |TAMS 0x000000066f800000| PB 0x0000000670000000| Untracked 
|1248|0x0000000670000000, 0x0000000670800000, 0x0000000670800000|100%| O|  |TAMS 0x0000000670000000| PB 0x0000000670800000| Untracked 
|1249|0x0000000670800000, 0x0000000671000000, 0x0000000671000000|100%| O|  |TAMS 0x0000000670800000| PB 0x0000000671000000| Untracked 
|1250|0x0000000671000000, 0x0000000671800000, 0x0000000671800000|100%| O|  |TAMS 0x0000000671000000| PB 0x0000000671800000| Untracked 
|1251|0x0000000671800000, 0x0000000672000000, 0x0000000672000000|100%| O|  |TAMS 0x0000000671800000| PB 0x0000000672000000| Untracked 
|1252|0x0000000672000000, 0x0000000672800000, 0x0000000672800000|100%| O|  |TAMS 0x0000000672000000| PB 0x0000000672800000| Untracked 
|1253|0x0000000672800000, 0x0000000673000000, 0x0000000673000000|100%| O|  |TAMS 0x0000000672800000| PB 0x0000000673000000| Untracked 
|1254|0x0000000673000000, 0x0000000673800000, 0x0000000673800000|100%| O|  |TAMS 0x0000000673000000| PB 0x0000000673800000| Untracked 
|1255|0x0000000673800000, 0x0000000674000000, 0x0000000674000000|100%| O|  |TAMS 0x0000000673800000| PB 0x0000000674000000| Untracked 
|1256|0x0000000674000000, 0x0000000674800000, 0x0000000674800000|100%| O|  |TAMS 0x0000000674000000| PB 0x0000000674800000| Untracked 
|1257|0x0000000674800000, 0x0000000675000000, 0x0000000675000000|100%| O|  |TAMS 0x0000000674800000| PB 0x0000000675000000| Untracked 
|1258|0x0000000675000000, 0x0000000675800000, 0x0000000675800000|100%| O|  |TAMS 0x0000000675000000| PB 0x0000000675800000| Untracked 
|1259|0x0000000675800000, 0x0000000676000000, 0x0000000676000000|100%| O|  |TAMS 0x0000000675800000| PB 0x0000000676000000| Untracked 
|1260|0x0000000676000000, 0x0000000676800000, 0x0000000676800000|100%| O|  |TAMS 0x0000000676000000| PB 0x0000000676800000| Untracked 
|1261|0x0000000676800000, 0x0000000677000000, 0x0000000677000000|100%| O|  |TAMS 0x0000000676800000| PB 0x0000000677000000| Untracked 
|1262|0x0000000677000000, 0x0000000677800000, 0x0000000677800000|100%| O|  |TAMS 0x0000000677000000| PB 0x0000000677800000| Untracked 
|1263|0x0000000677800000, 0x0000000678000000, 0x0000000678000000|100%| O|  |TAMS 0x0000000677800000| PB 0x0000000678000000| Untracked 
|1264|0x0000000678000000, 0x0000000678800000, 0x0000000678800000|100%| O|  |TAMS 0x0000000678000000| PB 0x0000000678800000| Untracked 
|1265|0x0000000678800000, 0x0000000679000000, 0x0000000679000000|100%| O|  |TAMS 0x0000000678800000| PB 0x0000000679000000| Untracked 
|1266|0x0000000679000000, 0x0000000679800000, 0x0000000679800000|100%| O|  |TAMS 0x0000000679000000| PB 0x0000000679800000| Untracked 
|1267|0x0000000679800000, 0x000000067a000000, 0x000000067a000000|100%| O|  |TAMS 0x0000000679800000| PB 0x000000067a000000| Untracked 
|1268|0x000000067a000000, 0x000000067a800000, 0x000000067a800000|100%| O|  |TAMS 0x000000067a000000| PB 0x000000067a800000| Untracked 
|1269|0x000000067a800000, 0x000000067b000000, 0x000000067b000000|100%| O|  |TAMS 0x000000067a800000| PB 0x000000067b000000| Untracked 
|1270|0x000000067b000000, 0x000000067b800000, 0x000000067b800000|100%| O|  |TAMS 0x000000067b000000| PB 0x000000067b800000| Untracked 
|1271|0x000000067b800000, 0x000000067c000000, 0x000000067c000000|100%| O|  |TAMS 0x000000067b800000| PB 0x000000067c000000| Untracked 
|1272|0x000000067c000000, 0x000000067c800000, 0x000000067c800000|100%| O|  |TAMS 0x000000067c000000| PB 0x000000067c800000| Untracked 
|1273|0x000000067c800000, 0x000000067d000000, 0x000000067d000000|100%| O|  |TAMS 0x000000067c800000| PB 0x000000067d000000| Untracked 
|1274|0x000000067d000000, 0x000000067d800000, 0x000000067d800000|100%| O|  |TAMS 0x000000067d000000| PB 0x000000067d800000| Untracked 
|1275|0x000000067d800000, 0x000000067e000000, 0x000000067e000000|100%| O|  |TAMS 0x000000067d800000| PB 0x000000067e000000| Untracked 
|1276|0x000000067e000000, 0x000000067e800000, 0x000000067e800000|100%| O|  |TAMS 0x000000067e000000| PB 0x000000067e800000| Untracked 
|1277|0x000000067e800000, 0x000000067f000000, 0x000000067f000000|100%| O|  |TAMS 0x000000067e800000| PB 0x000000067f000000| Untracked 
|1278|0x000000067f000000, 0x000000067f800000, 0x000000067f800000|100%| O|  |TAMS 0x000000067f000000| PB 0x000000067f800000| Untracked 
|1279|0x000000067f800000, 0x0000000680000000, 0x0000000680000000|100%| O|  |TAMS 0x000000067f800000| PB 0x0000000680000000| Untracked 
|1280|0x0000000680000000, 0x0000000680800000, 0x0000000680800000|100%| O|  |TAMS 0x0000000680000000| PB 0x0000000680800000| Untracked 
|1281|0x0000000680800000, 0x0000000681000000, 0x0000000681000000|100%| O|  |TAMS 0x0000000680800000| PB 0x0000000681000000| Untracked 
|1282|0x0000000681000000, 0x0000000681800000, 0x0000000681800000|100%| O|  |TAMS 0x0000000681000000| PB 0x0000000681800000| Untracked 
|1283|0x0000000681800000, 0x0000000682000000, 0x0000000682000000|100%| O|  |TAMS 0x0000000681800000| PB 0x0000000682000000| Untracked 
|1284|0x0000000682000000, 0x0000000682800000, 0x0000000682800000|100%| O|  |TAMS 0x0000000682000000| PB 0x0000000682800000| Untracked 
|1285|0x0000000682800000, 0x0000000683000000, 0x0000000683000000|100%| O|  |TAMS 0x0000000682800000| PB 0x0000000683000000| Untracked 
|1286|0x0000000683000000, 0x0000000683800000, 0x0000000683800000|100%| O|  |TAMS 0x0000000683000000| PB 0x0000000683800000| Untracked 
|1287|0x0000000683800000, 0x0000000684000000, 0x0000000684000000|100%| O|  |TAMS 0x0000000683800000| PB 0x0000000684000000| Untracked 
|1288|0x0000000684000000, 0x0000000684800000, 0x0000000684800000|100%| O|  |TAMS 0x0000000684000000| PB 0x0000000684800000| Untracked 
|1289|0x0000000684800000, 0x0000000685000000, 0x0000000685000000|100%| O|  |TAMS 0x0000000684800000| PB 0x0000000685000000| Untracked 
|1290|0x0000000685000000, 0x0000000685800000, 0x0000000685800000|100%| O|  |TAMS 0x0000000685000000| PB 0x0000000685800000| Untracked 
|1291|0x0000000685800000, 0x0000000686000000, 0x0000000686000000|100%| O|  |TAMS 0x0000000685800000| PB 0x0000000686000000| Untracked 
|1292|0x0000000686000000, 0x0000000686800000, 0x0000000686800000|100%| O|  |TAMS 0x0000000686000000| PB 0x0000000686800000| Untracked 
|1293|0x0000000686800000, 0x0000000687000000, 0x0000000687000000|100%| O|  |TAMS 0x0000000686800000| PB 0x0000000687000000| Untracked 
|1294|0x0000000687000000, 0x0000000687800000, 0x0000000687800000|100%| O|  |TAMS 0x0000000687000000| PB 0x0000000687800000| Untracked 
|1295|0x0000000687800000, 0x0000000688000000, 0x0000000688000000|100%| O|  |TAMS 0x0000000687800000| PB 0x0000000688000000| Untracked 
|1296|0x0000000688000000, 0x0000000688800000, 0x0000000688800000|100%| O|  |TAMS 0x0000000688000000| PB 0x0000000688800000| Untracked 
|1297|0x0000000688800000, 0x0000000689000000, 0x0000000689000000|100%| O|  |TAMS 0x0000000688800000| PB 0x0000000689000000| Untracked 
|1298|0x0000000689000000, 0x0000000689800000, 0x0000000689800000|100%| O|  |TAMS 0x0000000689000000| PB 0x0000000689800000| Untracked 
|1299|0x0000000689800000, 0x000000068a000000, 0x000000068a000000|100%| O|  |TAMS 0x0000000689800000| PB 0x000000068a000000| Untracked 
|1300|0x000000068a000000, 0x000000068a800000, 0x000000068a800000|100%| O|  |TAMS 0x000000068a000000| PB 0x000000068a800000| Untracked 
|1301|0x000000068a800000, 0x000000068b000000, 0x000000068b000000|100%| O|  |TAMS 0x000000068a800000| PB 0x000000068b000000| Untracked 
|1302|0x000000068b000000, 0x000000068b800000, 0x000000068b800000|100%| O|  |TAMS 0x000000068b000000| PB 0x000000068b800000| Untracked 
|1303|0x000000068b800000, 0x000000068c000000, 0x000000068c000000|100%| O|  |TAMS 0x000000068b800000| PB 0x000000068c000000| Untracked 
|1304|0x000000068c000000, 0x000000068c800000, 0x000000068c800000|100%| O|  |TAMS 0x000000068c000000| PB 0x000000068c800000| Untracked 
|1305|0x000000068c800000, 0x000000068d000000, 0x000000068d000000|100%| O|  |TAMS 0x000000068c800000| PB 0x000000068d000000| Untracked 
|1306|0x000000068d000000, 0x000000068d800000, 0x000000068d800000|100%| O|  |TAMS 0x000000068d000000| PB 0x000000068d800000| Untracked 
|1307|0x000000068d800000, 0x000000068e000000, 0x000000068e000000|100%| O|  |TAMS 0x000000068d800000| PB 0x000000068e000000| Untracked 
|1308|0x000000068e000000, 0x000000068e800000, 0x000000068e800000|100%| O|  |TAMS 0x000000068e000000| PB 0x000000068e800000| Untracked 
|1309|0x000000068e800000, 0x000000068f000000, 0x000000068f000000|100%| O|  |TAMS 0x000000068e800000| PB 0x000000068f000000| Untracked 
|1310|0x000000068f000000, 0x000000068f800000, 0x000000068f800000|100%| O|  |TAMS 0x000000068f000000| PB 0x000000068f800000| Untracked 
|1311|0x000000068f800000, 0x0000000690000000, 0x0000000690000000|100%| O|  |TAMS 0x000000068f800000| PB 0x0000000690000000| Untracked 
|1312|0x0000000690000000, 0x0000000690800000, 0x0000000690800000|100%| O|  |TAMS 0x0000000690000000| PB 0x0000000690800000| Untracked 
|1313|0x0000000690800000, 0x0000000691000000, 0x0000000691000000|100%| O|  |TAMS 0x0000000690800000| PB 0x0000000691000000| Untracked 
|1314|0x0000000691000000, 0x0000000691800000, 0x0000000691800000|100%| O|  |TAMS 0x0000000691000000| PB 0x0000000691800000| Untracked 
|1315|0x0000000691800000, 0x0000000692000000, 0x0000000692000000|100%| O|  |TAMS 0x0000000691800000| PB 0x0000000692000000| Untracked 
|1316|0x0000000692000000, 0x0000000692800000, 0x0000000692800000|100%| O|  |TAMS 0x0000000692000000| PB 0x0000000692800000| Untracked 
|1317|0x0000000692800000, 0x0000000693000000, 0x0000000693000000|100%| O|  |TAMS 0x0000000692800000| PB 0x0000000693000000| Untracked 
|1318|0x0000000693000000, 0x0000000693800000, 0x0000000693800000|100%| O|  |TAMS 0x0000000693000000| PB 0x0000000693800000| Untracked 
|1319|0x0000000693800000, 0x0000000694000000, 0x0000000694000000|100%| O|  |TAMS 0x0000000693800000| PB 0x0000000694000000| Untracked 
|1320|0x0000000694000000, 0x0000000694800000, 0x0000000694800000|100%| O|  |TAMS 0x0000000694000000| PB 0x0000000694800000| Untracked 
|1321|0x0000000694800000, 0x0000000695000000, 0x0000000695000000|100%| O|  |TAMS 0x0000000694800000| PB 0x0000000695000000| Untracked 
|1322|0x0000000695000000, 0x0000000695800000, 0x0000000695800000|100%| O|  |TAMS 0x0000000695000000| PB 0x0000000695800000| Untracked 
|1323|0x0000000695800000, 0x0000000696000000, 0x0000000696000000|100%| O|  |TAMS 0x0000000695800000| PB 0x0000000696000000| Untracked 
|1324|0x0000000696000000, 0x0000000696800000, 0x0000000696800000|100%| O|  |TAMS 0x0000000696000000| PB 0x0000000696800000| Untracked 
|1325|0x0000000696800000, 0x0000000697000000, 0x0000000697000000|100%| O|  |TAMS 0x0000000696800000| PB 0x0000000697000000| Untracked 
|1326|0x0000000697000000, 0x0000000697800000, 0x0000000697800000|100%| O|  |TAMS 0x0000000697000000| PB 0x0000000697800000| Untracked 
|1327|0x0000000697800000, 0x0000000698000000, 0x0000000698000000|100%| O|  |TAMS 0x0000000697800000| PB 0x0000000698000000| Untracked 
|1328|0x0000000698000000, 0x0000000698800000, 0x0000000698800000|100%| O|  |TAMS 0x0000000698000000| PB 0x0000000698800000| Untracked 
|1329|0x0000000698800000, 0x0000000699000000, 0x0000000699000000|100%| O|  |TAMS 0x0000000698800000| PB 0x0000000699000000| Untracked 
|1330|0x0000000699000000, 0x0000000699800000, 0x0000000699800000|100%| O|  |TAMS 0x0000000699000000| PB 0x0000000699800000| Untracked 
|1331|0x0000000699800000, 0x000000069a000000, 0x000000069a000000|100%| O|  |TAMS 0x0000000699800000| PB 0x000000069a000000| Untracked 
|1332|0x000000069a000000, 0x000000069a800000, 0x000000069a800000|100%| O|  |TAMS 0x000000069a000000| PB 0x000000069a800000| Untracked 
|1333|0x000000069a800000, 0x000000069b000000, 0x000000069b000000|100%| O|  |TAMS 0x000000069a800000| PB 0x000000069b000000| Untracked 
|1334|0x000000069b000000, 0x000000069b800000, 0x000000069b800000|100%| O|  |TAMS 0x000000069b000000| PB 0x000000069b800000| Untracked 
|1335|0x000000069b800000, 0x000000069c000000, 0x000000069c000000|100%| O|  |TAMS 0x000000069b800000| PB 0x000000069c000000| Untracked 
|1336|0x000000069c000000, 0x000000069c800000, 0x000000069c800000|100%| O|  |TAMS 0x000000069c000000| PB 0x000000069c800000| Untracked 
|1337|0x000000069c800000, 0x000000069d000000, 0x000000069d000000|100%| O|  |TAMS 0x000000069c800000| PB 0x000000069d000000| Untracked 
|1338|0x000000069d000000, 0x000000069d800000, 0x000000069d800000|100%| O|  |TAMS 0x000000069d000000| PB 0x000000069d800000| Untracked 
|1339|0x000000069d800000, 0x000000069e000000, 0x000000069e000000|100%| O|  |TAMS 0x000000069d800000| PB 0x000000069e000000| Untracked 
|1340|0x000000069e000000, 0x000000069e800000, 0x000000069e800000|100%| O|  |TAMS 0x000000069e000000| PB 0x000000069e800000| Untracked 
|1341|0x000000069e800000, 0x000000069f000000, 0x000000069f000000|100%| O|  |TAMS 0x000000069e800000| PB 0x000000069f000000| Untracked 
|1342|0x000000069f000000, 0x000000069f800000, 0x000000069f800000|100%| O|  |TAMS 0x000000069f000000| PB 0x000000069f800000| Untracked 
|1343|0x000000069f800000, 0x00000006a0000000, 0x00000006a0000000|100%| O|  |TAMS 0x000000069f800000| PB 0x00000006a0000000| Untracked 
|1344|0x00000006a0000000, 0x00000006a0800000, 0x00000006a0800000|100%| O|  |TAMS 0x00000006a0000000| PB 0x00000006a0800000| Untracked 
|1345|0x00000006a0800000, 0x00000006a1000000, 0x00000006a1000000|100%| O|  |TAMS 0x00000006a0800000| PB 0x00000006a1000000| Untracked 
|1346|0x00000006a1000000, 0x00000006a1800000, 0x00000006a1800000|100%| O|  |TAMS 0x00000006a1000000| PB 0x00000006a1800000| Untracked 
|1347|0x00000006a1800000, 0x00000006a2000000, 0x00000006a2000000|100%| O|  |TAMS 0x00000006a1800000| PB 0x00000006a2000000| Untracked 
|1348|0x00000006a2000000, 0x00000006a2800000, 0x00000006a2800000|100%| O|  |TAMS 0x00000006a2000000| PB 0x00000006a2800000| Untracked 
|1349|0x00000006a2800000, 0x00000006a3000000, 0x00000006a3000000|100%| O|  |TAMS 0x00000006a2800000| PB 0x00000006a3000000| Untracked 
|1350|0x00000006a3000000, 0x00000006a3800000, 0x00000006a3800000|100%| O|  |TAMS 0x00000006a3000000| PB 0x00000006a3800000| Untracked 
|1351|0x00000006a3800000, 0x00000006a4000000, 0x00000006a4000000|100%| O|  |TAMS 0x00000006a3800000| PB 0x00000006a4000000| Untracked 
|1352|0x00000006a4000000, 0x00000006a4800000, 0x00000006a4800000|100%| O|  |TAMS 0x00000006a4000000| PB 0x00000006a4800000| Untracked 
|1353|0x00000006a4800000, 0x00000006a5000000, 0x00000006a5000000|100%| O|  |TAMS 0x00000006a4800000| PB 0x00000006a5000000| Untracked 
|1354|0x00000006a5000000, 0x00000006a5800000, 0x00000006a5800000|100%| O|  |TAMS 0x00000006a5000000| PB 0x00000006a5800000| Untracked 
|1355|0x00000006a5800000, 0x00000006a6000000, 0x00000006a6000000|100%| O|  |TAMS 0x00000006a5800000| PB 0x00000006a6000000| Untracked 
|1356|0x00000006a6000000, 0x00000006a6800000, 0x00000006a6800000|100%| O|  |TAMS 0x00000006a6000000| PB 0x00000006a6800000| Untracked 
|1357|0x00000006a6800000, 0x00000006a7000000, 0x00000006a7000000|100%| O|  |TAMS 0x00000006a6800000| PB 0x00000006a7000000| Untracked 
|1358|0x00000006a7000000, 0x00000006a7800000, 0x00000006a7800000|100%| O|  |TAMS 0x00000006a7000000| PB 0x00000006a7800000| Untracked 
|1359|0x00000006a7800000, 0x00000006a8000000, 0x00000006a8000000|100%| O|  |TAMS 0x00000006a7800000| PB 0x00000006a8000000| Untracked 
|1360|0x00000006a8000000, 0x00000006a8800000, 0x00000006a8800000|100%| O|  |TAMS 0x00000006a8000000| PB 0x00000006a8800000| Untracked 
|1361|0x00000006a8800000, 0x00000006a9000000, 0x00000006a9000000|100%| O|  |TAMS 0x00000006a8800000| PB 0x00000006a9000000| Untracked 
|1362|0x00000006a9000000, 0x00000006a9800000, 0x00000006a9800000|100%| O|  |TAMS 0x00000006a9000000| PB 0x00000006a9800000| Untracked 
|1363|0x00000006a9800000, 0x00000006aa000000, 0x00000006aa000000|100%| O|  |TAMS 0x00000006a9800000| PB 0x00000006aa000000| Untracked 
|1364|0x00000006aa000000, 0x00000006aa800000, 0x00000006aa800000|100%| O|  |TAMS 0x00000006aa000000| PB 0x00000006aa800000| Untracked 
|1365|0x00000006aa800000, 0x00000006ab000000, 0x00000006ab000000|100%| O|  |TAMS 0x00000006aa800000| PB 0x00000006ab000000| Untracked 
|1366|0x00000006ab000000, 0x00000006ab800000, 0x00000006ab800000|100%| O|  |TAMS 0x00000006ab000000| PB 0x00000006ab800000| Untracked 
|1367|0x00000006ab800000, 0x00000006ac000000, 0x00000006ac000000|100%| O|  |TAMS 0x00000006ab800000| PB 0x00000006ac000000| Untracked 
|1368|0x00000006ac000000, 0x00000006ac800000, 0x00000006ac800000|100%| O|  |TAMS 0x00000006ac000000| PB 0x00000006ac800000| Untracked 
|1369|0x00000006ac800000, 0x00000006ad000000, 0x00000006ad000000|100%| O|  |TAMS 0x00000006ac800000| PB 0x00000006ad000000| Untracked 
|1370|0x00000006ad000000, 0x00000006ad800000, 0x00000006ad800000|100%| O|  |TAMS 0x00000006ad000000| PB 0x00000006ad800000| Untracked 
|1371|0x00000006ad800000, 0x00000006ae000000, 0x00000006ae000000|100%| O|  |TAMS 0x00000006ad800000| PB 0x00000006ae000000| Untracked 
|1372|0x00000006ae000000, 0x00000006ae800000, 0x00000006ae800000|100%| O|  |TAMS 0x00000006ae000000| PB 0x00000006ae800000| Untracked 
|1373|0x00000006ae800000, 0x00000006af000000, 0x00000006af000000|100%| O|  |TAMS 0x00000006ae800000| PB 0x00000006af000000| Untracked 
|1374|0x00000006af000000, 0x00000006af800000, 0x00000006af800000|100%| O|  |TAMS 0x00000006af000000| PB 0x00000006af800000| Untracked 
|1375|0x00000006af800000, 0x00000006b0000000, 0x00000006b0000000|100%| O|  |TAMS 0x00000006af800000| PB 0x00000006b0000000| Untracked 
|1376|0x00000006b0000000, 0x00000006b0800000, 0x00000006b0800000|100%| O|  |TAMS 0x00000006b0000000| PB 0x00000006b0800000| Untracked 
|1377|0x00000006b0800000, 0x00000006b1000000, 0x00000006b1000000|100%| O|  |TAMS 0x00000006b0800000| PB 0x00000006b1000000| Untracked 
|1378|0x00000006b1000000, 0x00000006b1800000, 0x00000006b1800000|100%| O|  |TAMS 0x00000006b1000000| PB 0x00000006b1800000| Untracked 
|1379|0x00000006b1800000, 0x00000006b2000000, 0x00000006b2000000|100%| O|  |TAMS 0x00000006b1800000| PB 0x00000006b2000000| Untracked 
|1380|0x00000006b2000000, 0x00000006b2800000, 0x00000006b2800000|100%| O|  |TAMS 0x00000006b2000000| PB 0x00000006b2800000| Untracked 
|1381|0x00000006b2800000, 0x00000006b3000000, 0x00000006b3000000|100%| O|  |TAMS 0x00000006b2800000| PB 0x00000006b3000000| Untracked 
|1382|0x00000006b3000000, 0x00000006b3800000, 0x00000006b3800000|100%| O|  |TAMS 0x00000006b3000000| PB 0x00000006b3800000| Untracked 
|1383|0x00000006b3800000, 0x00000006b4000000, 0x00000006b4000000|100%| O|  |TAMS 0x00000006b3800000| PB 0x00000006b4000000| Untracked 
|1384|0x00000006b4000000, 0x00000006b4800000, 0x00000006b4800000|100%| O|  |TAMS 0x00000006b4000000| PB 0x00000006b4800000| Untracked 
|1385|0x00000006b4800000, 0x00000006b5000000, 0x00000006b5000000|100%| O|  |TAMS 0x00000006b4800000| PB 0x00000006b5000000| Untracked 
|1386|0x00000006b5000000, 0x00000006b5800000, 0x00000006b5800000|100%| O|  |TAMS 0x00000006b5000000| PB 0x00000006b5800000| Untracked 
|1387|0x00000006b5800000, 0x00000006b6000000, 0x00000006b6000000|100%| O|  |TAMS 0x00000006b5800000| PB 0x00000006b6000000| Untracked 
|1388|0x00000006b6000000, 0x00000006b6800000, 0x00000006b6800000|100%| O|  |TAMS 0x00000006b6000000| PB 0x00000006b6800000| Untracked 
|1389|0x00000006b6800000, 0x00000006b7000000, 0x00000006b7000000|100%| O|  |TAMS 0x00000006b6800000| PB 0x00000006b7000000| Untracked 
|1390|0x00000006b7000000, 0x00000006b7800000, 0x00000006b7800000|100%| O|  |TAMS 0x00000006b7000000| PB 0x00000006b7800000| Untracked 
|1391|0x00000006b7800000, 0x00000006b8000000, 0x00000006b8000000|100%| O|  |TAMS 0x00000006b7800000| PB 0x00000006b8000000| Untracked 
|1392|0x00000006b8000000, 0x00000006b8800000, 0x00000006b8800000|100%| O|  |TAMS 0x00000006b8000000| PB 0x00000006b8800000| Untracked 
|1393|0x00000006b8800000, 0x00000006b9000000, 0x00000006b9000000|100%| O|  |TAMS 0x00000006b8800000| PB 0x00000006b9000000| Untracked 
|1394|0x00000006b9000000, 0x00000006b9800000, 0x00000006b9800000|100%| O|  |TAMS 0x00000006b9000000| PB 0x00000006b9800000| Untracked 
|1395|0x00000006b9800000, 0x00000006ba000000, 0x00000006ba000000|100%| O|  |TAMS 0x00000006b9800000| PB 0x00000006ba000000| Untracked 
|1396|0x00000006ba000000, 0x00000006ba800000, 0x00000006ba800000|100%| O|  |TAMS 0x00000006ba000000| PB 0x00000006ba800000| Untracked 
|1397|0x00000006ba800000, 0x00000006bb000000, 0x00000006bb000000|100%| O|  |TAMS 0x00000006ba800000| PB 0x00000006bb000000| Untracked 
|1398|0x00000006bb000000, 0x00000006bb800000, 0x00000006bb800000|100%| O|  |TAMS 0x00000006bb000000| PB 0x00000006bb800000| Untracked 
|1399|0x00000006bb800000, 0x00000006bc000000, 0x00000006bc000000|100%| O|  |TAMS 0x00000006bb800000| PB 0x00000006bc000000| Untracked 
|1400|0x00000006bc000000, 0x00000006bc800000, 0x00000006bc800000|100%| O|  |TAMS 0x00000006bc000000| PB 0x00000006bc800000| Untracked 
|1401|0x00000006bc800000, 0x00000006bd000000, 0x00000006bd000000|100%| O|  |TAMS 0x00000006bc800000| PB 0x00000006bd000000| Untracked 
|1402|0x00000006bd000000, 0x00000006bd800000, 0x00000006bd800000|100%| O|  |TAMS 0x00000006bd000000| PB 0x00000006bd800000| Untracked 
|1403|0x00000006bd800000, 0x00000006be000000, 0x00000006be000000|100%| O|  |TAMS 0x00000006bd800000| PB 0x00000006be000000| Untracked 
|1404|0x00000006be000000, 0x00000006be800000, 0x00000006be800000|100%| O|  |TAMS 0x00000006be000000| PB 0x00000006be800000| Untracked 
|1405|0x00000006be800000, 0x00000006bf000000, 0x00000006bf000000|100%| O|  |TAMS 0x00000006be800000| PB 0x00000006bf000000| Untracked 
|1406|0x00000006bf000000, 0x00000006bf800000, 0x00000006bf800000|100%| O|  |TAMS 0x00000006bf000000| PB 0x00000006bf800000| Untracked 
|1407|0x00000006bf800000, 0x00000006c0000000, 0x00000006c0000000|100%| O|  |TAMS 0x00000006bf800000| PB 0x00000006c0000000| Untracked 
|1408|0x00000006c0000000, 0x00000006c0800000, 0x00000006c0800000|100%| O|  |TAMS 0x00000006c0000000| PB 0x00000006c0800000| Untracked 
|1409|0x00000006c0800000, 0x00000006c1000000, 0x00000006c1000000|100%| O|  |TAMS 0x00000006c0800000| PB 0x00000006c1000000| Untracked 
|1410|0x00000006c1000000, 0x00000006c1800000, 0x00000006c1800000|100%| O|  |TAMS 0x00000006c1000000| PB 0x00000006c1800000| Untracked 
|1411|0x00000006c1800000, 0x00000006c2000000, 0x00000006c2000000|100%| O|  |TAMS 0x00000006c1800000| PB 0x00000006c2000000| Untracked 
|1412|0x00000006c2000000, 0x00000006c2800000, 0x00000006c2800000|100%| O|  |TAMS 0x00000006c2000000| PB 0x00000006c2800000| Untracked 
|1413|0x00000006c2800000, 0x00000006c3000000, 0x00000006c3000000|100%| O|  |TAMS 0x00000006c2800000| PB 0x00000006c3000000| Untracked 
|1414|0x00000006c3000000, 0x00000006c3800000, 0x00000006c3800000|100%| O|  |TAMS 0x00000006c3000000| PB 0x00000006c3800000| Untracked 
|1415|0x00000006c3800000, 0x00000006c4000000, 0x00000006c4000000|100%| O|  |TAMS 0x00000006c3800000| PB 0x00000006c4000000| Untracked 
|1416|0x00000006c4000000, 0x00000006c4800000, 0x00000006c4800000|100%| O|  |TAMS 0x00000006c4000000| PB 0x00000006c4800000| Untracked 
|1417|0x00000006c4800000, 0x00000006c5000000, 0x00000006c5000000|100%| O|  |TAMS 0x00000006c4800000| PB 0x00000006c5000000| Untracked 
|1418|0x00000006c5000000, 0x00000006c5800000, 0x00000006c5800000|100%| O|  |TAMS 0x00000006c5000000| PB 0x00000006c5800000| Untracked 
|1419|0x00000006c5800000, 0x00000006c6000000, 0x00000006c6000000|100%| O|  |TAMS 0x00000006c5800000| PB 0x00000006c6000000| Untracked 
|1420|0x00000006c6000000, 0x00000006c6800000, 0x00000006c6800000|100%| O|  |TAMS 0x00000006c6000000| PB 0x00000006c6800000| Untracked 
|1421|0x00000006c6800000, 0x00000006c7000000, 0x00000006c7000000|100%| O|  |TAMS 0x00000006c6800000| PB 0x00000006c7000000| Untracked 
|1422|0x00000006c7000000, 0x00000006c7800000, 0x00000006c7800000|100%| O|  |TAMS 0x00000006c7000000| PB 0x00000006c7800000| Untracked 
|1423|0x00000006c7800000, 0x00000006c8000000, 0x00000006c8000000|100%| O|  |TAMS 0x00000006c7800000| PB 0x00000006c8000000| Untracked 
|1424|0x00000006c8000000, 0x00000006c8800000, 0x00000006c8800000|100%| O|  |TAMS 0x00000006c8000000| PB 0x00000006c8800000| Untracked 
|1425|0x00000006c8800000, 0x00000006c9000000, 0x00000006c9000000|100%| O|  |TAMS 0x00000006c8800000| PB 0x00000006c9000000| Untracked 
|1426|0x00000006c9000000, 0x00000006c9800000, 0x00000006c9800000|100%| O|  |TAMS 0x00000006c9000000| PB 0x00000006c9800000| Untracked 
|1427|0x00000006c9800000, 0x00000006ca000000, 0x00000006ca000000|100%| O|  |TAMS 0x00000006c9800000| PB 0x00000006ca000000| Untracked 
|1428|0x00000006ca000000, 0x00000006ca800000, 0x00000006ca800000|100%| O|  |TAMS 0x00000006ca000000| PB 0x00000006ca800000| Untracked 
|1429|0x00000006ca800000, 0x00000006cb000000, 0x00000006cb000000|100%| O|  |TAMS 0x00000006ca800000| PB 0x00000006cb000000| Untracked 
|1430|0x00000006cb000000, 0x00000006cb800000, 0x00000006cb800000|100%| O|  |TAMS 0x00000006cb000000| PB 0x00000006cb800000| Untracked 
|1431|0x00000006cb800000, 0x00000006cc000000, 0x00000006cc000000|100%| O|  |TAMS 0x00000006cb800000| PB 0x00000006cc000000| Untracked 
|1432|0x00000006cc000000, 0x00000006cc800000, 0x00000006cc800000|100%| O|  |TAMS 0x00000006cc000000| PB 0x00000006cc800000| Untracked 
|1433|0x00000006cc800000, 0x00000006cd000000, 0x00000006cd000000|100%| O|  |TAMS 0x00000006cc800000| PB 0x00000006cd000000| Untracked 
|1434|0x00000006cd000000, 0x00000006cd800000, 0x00000006cd800000|100%| O|  |TAMS 0x00000006cd000000| PB 0x00000006cd800000| Untracked 
|1435|0x00000006cd800000, 0x00000006ce000000, 0x00000006ce000000|100%| O|  |TAMS 0x00000006cd800000| PB 0x00000006ce000000| Untracked 
|1436|0x00000006ce000000, 0x00000006ce800000, 0x00000006ce800000|100%| O|  |TAMS 0x00000006ce000000| PB 0x00000006ce800000| Untracked 
|1437|0x00000006ce800000, 0x00000006cf000000, 0x00000006cf000000|100%| O|  |TAMS 0x00000006ce800000| PB 0x00000006cf000000| Untracked 
|1438|0x00000006cf000000, 0x00000006cf800000, 0x00000006cf800000|100%| O|  |TAMS 0x00000006cf000000| PB 0x00000006cf800000| Untracked 
|1439|0x00000006cf800000, 0x00000006d0000000, 0x00000006d0000000|100%| O|  |TAMS 0x00000006cf800000| PB 0x00000006d0000000| Untracked 
|1440|0x00000006d0000000, 0x00000006d0800000, 0x00000006d0800000|100%| O|  |TAMS 0x00000006d0000000| PB 0x00000006d0800000| Untracked 
|1441|0x00000006d0800000, 0x00000006d1000000, 0x00000006d1000000|100%| O|  |TAMS 0x00000006d0800000| PB 0x00000006d1000000| Untracked 
|1442|0x00000006d1000000, 0x00000006d1800000, 0x00000006d1800000|100%| O|  |TAMS 0x00000006d1000000| PB 0x00000006d1800000| Untracked 
|1443|0x00000006d1800000, 0x00000006d2000000, 0x00000006d2000000|100%| O|  |TAMS 0x00000006d1800000| PB 0x00000006d2000000| Untracked 
|1444|0x00000006d2000000, 0x00000006d2800000, 0x00000006d2800000|100%| O|  |TAMS 0x00000006d2000000| PB 0x00000006d2800000| Untracked 
|1445|0x00000006d2800000, 0x00000006d3000000, 0x00000006d3000000|100%| O|  |TAMS 0x00000006d2800000| PB 0x00000006d3000000| Untracked 
|1446|0x00000006d3000000, 0x00000006d3800000, 0x00000006d3800000|100%| O|  |TAMS 0x00000006d3000000| PB 0x00000006d3800000| Untracked 
|1447|0x00000006d3800000, 0x00000006d4000000, 0x00000006d4000000|100%| O|  |TAMS 0x00000006d3800000| PB 0x00000006d4000000| Untracked 
|1448|0x00000006d4000000, 0x00000006d4800000, 0x00000006d4800000|100%| O|  |TAMS 0x00000006d4000000| PB 0x00000006d4800000| Untracked 
|1449|0x00000006d4800000, 0x00000006d5000000, 0x00000006d5000000|100%| O|  |TAMS 0x00000006d4800000| PB 0x00000006d5000000| Untracked 
|1450|0x00000006d5000000, 0x00000006d5800000, 0x00000006d5800000|100%| O|  |TAMS 0x00000006d5000000| PB 0x00000006d5800000| Untracked 
|1451|0x00000006d5800000, 0x00000006d6000000, 0x00000006d6000000|100%| O|  |TAMS 0x00000006d5800000| PB 0x00000006d6000000| Untracked 
|1452|0x00000006d6000000, 0x00000006d6800000, 0x00000006d6800000|100%| O|  |TAMS 0x00000006d6000000| PB 0x00000006d6800000| Untracked 
|1453|0x00000006d6800000, 0x00000006d7000000, 0x00000006d7000000|100%| O|  |TAMS 0x00000006d6800000| PB 0x00000006d7000000| Untracked 
|1454|0x00000006d7000000, 0x00000006d7800000, 0x00000006d7800000|100%| O|  |TAMS 0x00000006d7000000| PB 0x00000006d7800000| Untracked 
|1455|0x00000006d7800000, 0x00000006d8000000, 0x00000006d8000000|100%| O|  |TAMS 0x00000006d7800000| PB 0x00000006d8000000| Untracked 
|1456|0x00000006d8000000, 0x00000006d8800000, 0x00000006d8800000|100%| O|  |TAMS 0x00000006d8000000| PB 0x00000006d8800000| Untracked 
|1457|0x00000006d8800000, 0x00000006d9000000, 0x00000006d9000000|100%| O|  |TAMS 0x00000006d8800000| PB 0x00000006d9000000| Untracked 
|1458|0x00000006d9000000, 0x00000006d9800000, 0x00000006d9800000|100%| O|  |TAMS 0x00000006d9000000| PB 0x00000006d9800000| Untracked 
|1459|0x00000006d9800000, 0x00000006da000000, 0x00000006da000000|100%| O|  |TAMS 0x00000006d9800000| PB 0x00000006da000000| Untracked 
|1460|0x00000006da000000, 0x00000006da800000, 0x00000006da800000|100%| O|  |TAMS 0x00000006da000000| PB 0x00000006da800000| Untracked 
|1461|0x00000006da800000, 0x00000006db000000, 0x00000006db000000|100%| O|  |TAMS 0x00000006da800000| PB 0x00000006db000000| Untracked 
|1462|0x00000006db000000, 0x00000006db800000, 0x00000006db800000|100%| O|  |TAMS 0x00000006db000000| PB 0x00000006db800000| Untracked 
|1463|0x00000006db800000, 0x00000006dc000000, 0x00000006dc000000|100%| O|  |TAMS 0x00000006db800000| PB 0x00000006dc000000| Untracked 
|1464|0x00000006dc000000, 0x00000006dc800000, 0x00000006dc800000|100%| O|  |TAMS 0x00000006dc000000| PB 0x00000006dc800000| Untracked 
|1465|0x00000006dc800000, 0x00000006dd000000, 0x00000006dd000000|100%| O|  |TAMS 0x00000006dc800000| PB 0x00000006dd000000| Untracked 
|1466|0x00000006dd000000, 0x00000006dd800000, 0x00000006dd800000|100%| O|  |TAMS 0x00000006dd000000| PB 0x00000006dd800000| Untracked 
|1467|0x00000006dd800000, 0x00000006de000000, 0x00000006de000000|100%| O|  |TAMS 0x00000006dd800000| PB 0x00000006de000000| Untracked 
|1468|0x00000006de000000, 0x00000006de800000, 0x00000006de800000|100%| O|  |TAMS 0x00000006de000000| PB 0x00000006de800000| Untracked 
|1469|0x00000006de800000, 0x00000006df000000, 0x00000006df000000|100%| O|  |TAMS 0x00000006de800000| PB 0x00000006df000000| Untracked 
|1470|0x00000006df000000, 0x00000006df800000, 0x00000006df800000|100%| O|  |TAMS 0x00000006df000000| PB 0x00000006df800000| Untracked 
|1471|0x00000006df800000, 0x00000006e0000000, 0x00000006e0000000|100%| O|  |TAMS 0x00000006df800000| PB 0x00000006e0000000| Untracked 
|1472|0x00000006e0000000, 0x00000006e0800000, 0x00000006e0800000|100%| O|  |TAMS 0x00000006e0000000| PB 0x00000006e0800000| Untracked 
|1473|0x00000006e0800000, 0x00000006e1000000, 0x00000006e1000000|100%| O|  |TAMS 0x00000006e0800000| PB 0x00000006e1000000| Untracked 
|1474|0x00000006e1000000, 0x00000006e1800000, 0x00000006e1800000|100%| O|  |TAMS 0x00000006e1000000| PB 0x00000006e1800000| Untracked 
|1475|0x00000006e1800000, 0x00000006e2000000, 0x00000006e2000000|100%| O|  |TAMS 0x00000006e1800000| PB 0x00000006e2000000| Untracked 
|1476|0x00000006e2000000, 0x00000006e2800000, 0x00000006e2800000|100%| O|  |TAMS 0x00000006e2000000| PB 0x00000006e2800000| Untracked 
|1477|0x00000006e2800000, 0x00000006e3000000, 0x00000006e3000000|100%| O|  |TAMS 0x00000006e2800000| PB 0x00000006e3000000| Untracked 
|1478|0x00000006e3000000, 0x00000006e3800000, 0x00000006e3800000|100%| O|  |TAMS 0x00000006e3000000| PB 0x00000006e3800000| Untracked 
|1479|0x00000006e3800000, 0x00000006e4000000, 0x00000006e4000000|100%| O|  |TAMS 0x00000006e3800000| PB 0x00000006e4000000| Untracked 
|1480|0x00000006e4000000, 0x00000006e4800000, 0x00000006e4800000|100%| O|  |TAMS 0x00000006e4000000| PB 0x00000006e4800000| Untracked 
|1481|0x00000006e4800000, 0x00000006e5000000, 0x00000006e5000000|100%| O|  |TAMS 0x00000006e4800000| PB 0x00000006e5000000| Untracked 
|1482|0x00000006e5000000, 0x00000006e5800000, 0x00000006e5800000|100%| O|  |TAMS 0x00000006e5000000| PB 0x00000006e5800000| Untracked 
|1483|0x00000006e5800000, 0x00000006e6000000, 0x00000006e6000000|100%| O|  |TAMS 0x00000006e5800000| PB 0x00000006e6000000| Untracked 
|1484|0x00000006e6000000, 0x00000006e6800000, 0x00000006e6800000|100%| O|  |TAMS 0x00000006e6000000| PB 0x00000006e6800000| Untracked 
|1485|0x00000006e6800000, 0x00000006e7000000, 0x00000006e7000000|100%| O|  |TAMS 0x00000006e6800000| PB 0x00000006e7000000| Untracked 
|1486|0x00000006e7000000, 0x00000006e7800000, 0x00000006e7800000|100%| O|  |TAMS 0x00000006e7000000| PB 0x00000006e7800000| Untracked 
|1487|0x00000006e7800000, 0x00000006e8000000, 0x00000006e8000000|100%| O|  |TAMS 0x00000006e7800000| PB 0x00000006e8000000| Untracked 
|1488|0x00000006e8000000, 0x00000006e8800000, 0x00000006e8800000|100%| O|  |TAMS 0x00000006e8000000| PB 0x00000006e8800000| Untracked 
|1489|0x00000006e8800000, 0x00000006e9000000, 0x00000006e9000000|100%| O|  |TAMS 0x00000006e8800000| PB 0x00000006e9000000| Untracked 
|1490|0x00000006e9000000, 0x00000006e9800000, 0x00000006e9800000|100%| O|  |TAMS 0x00000006e9000000| PB 0x00000006e9800000| Untracked 
|1491|0x00000006e9800000, 0x00000006ea000000, 0x00000006ea000000|100%| O|  |TAMS 0x00000006e9800000| PB 0x00000006ea000000| Untracked 
|1492|0x00000006ea000000, 0x00000006ea800000, 0x00000006ea800000|100%| O|  |TAMS 0x00000006ea000000| PB 0x00000006ea800000| Untracked 
|1493|0x00000006ea800000, 0x00000006eb000000, 0x00000006eb000000|100%| O|  |TAMS 0x00000006ea800000| PB 0x00000006eb000000| Untracked 
|1494|0x00000006eb000000, 0x00000006eb800000, 0x00000006eb800000|100%| O|  |TAMS 0x00000006eb000000| PB 0x00000006eb800000| Untracked 
|1495|0x00000006eb800000, 0x00000006ec000000, 0x00000006ec000000|100%| O|  |TAMS 0x00000006eb800000| PB 0x00000006ec000000| Untracked 
|1496|0x00000006ec000000, 0x00000006ec800000, 0x00000006ec800000|100%| O|  |TAMS 0x00000006ec000000| PB 0x00000006ec800000| Untracked 
|1497|0x00000006ec800000, 0x00000006ed000000, 0x00000006ed000000|100%| O|  |TAMS 0x00000006ec800000| PB 0x00000006ed000000| Untracked 
|1498|0x00000006ed000000, 0x00000006ed800000, 0x00000006ed800000|100%| O|  |TAMS 0x00000006ed000000| PB 0x00000006ed800000| Untracked 
|1499|0x00000006ed800000, 0x00000006ee000000, 0x00000006ee000000|100%| O|  |TAMS 0x00000006ed800000| PB 0x00000006ee000000| Untracked 
|1500|0x00000006ee000000, 0x00000006ee800000, 0x00000006ee800000|100%| O|  |TAMS 0x00000006ee000000| PB 0x00000006ee800000| Untracked 
|1501|0x00000006ee800000, 0x00000006ef000000, 0x00000006ef000000|100%| O|  |TAMS 0x00000006ee800000| PB 0x00000006ef000000| Untracked 
|1502|0x00000006ef000000, 0x00000006ef800000, 0x00000006ef800000|100%| O|  |TAMS 0x00000006ef000000| PB 0x00000006ef800000| Untracked 
|1503|0x00000006ef800000, 0x00000006f0000000, 0x00000006f0000000|100%| O|  |TAMS 0x00000006ef800000| PB 0x00000006f0000000| Untracked 
|1504|0x00000006f0000000, 0x00000006f0800000, 0x00000006f0800000|100%| O|  |TAMS 0x00000006f0000000| PB 0x00000006f0800000| Untracked 
|1505|0x00000006f0800000, 0x00000006f1000000, 0x00000006f1000000|100%| O|  |TAMS 0x00000006f0800000| PB 0x00000006f1000000| Untracked 
|1506|0x00000006f1000000, 0x00000006f1800000, 0x00000006f1800000|100%| O|  |TAMS 0x00000006f1000000| PB 0x00000006f1800000| Untracked 
|1507|0x00000006f1800000, 0x00000006f2000000, 0x00000006f2000000|100%| O|  |TAMS 0x00000006f1800000| PB 0x00000006f2000000| Untracked 
|1508|0x00000006f2000000, 0x00000006f2800000, 0x00000006f2800000|100%| O|  |TAMS 0x00000006f2000000| PB 0x00000006f2800000| Untracked 
|1509|0x00000006f2800000, 0x00000006f3000000, 0x00000006f3000000|100%| O|  |TAMS 0x00000006f2800000| PB 0x00000006f3000000| Untracked 
|1510|0x00000006f3000000, 0x00000006f3800000, 0x00000006f3800000|100%| O|  |TAMS 0x00000006f3000000| PB 0x00000006f3800000| Untracked 
|1511|0x00000006f3800000, 0x00000006f4000000, 0x00000006f4000000|100%| O|  |TAMS 0x00000006f3800000| PB 0x00000006f4000000| Untracked 
|1512|0x00000006f4000000, 0x00000006f4800000, 0x00000006f4800000|100%| O|  |TAMS 0x00000006f4000000| PB 0x00000006f4800000| Untracked 
|1513|0x00000006f4800000, 0x00000006f5000000, 0x00000006f5000000|100%| O|  |TAMS 0x00000006f4800000| PB 0x00000006f5000000| Untracked 
|1514|0x00000006f5000000, 0x00000006f5800000, 0x00000006f5800000|100%| O|  |TAMS 0x00000006f5000000| PB 0x00000006f5800000| Untracked 
|1515|0x00000006f5800000, 0x00000006f6000000, 0x00000006f6000000|100%| O|  |TAMS 0x00000006f5800000| PB 0x00000006f6000000| Untracked 
|1516|0x00000006f6000000, 0x00000006f6800000, 0x00000006f6800000|100%| O|  |TAMS 0x00000006f6000000| PB 0x00000006f6800000| Untracked 
|1517|0x00000006f6800000, 0x00000006f7000000, 0x00000006f7000000|100%| O|  |TAMS 0x00000006f6800000| PB 0x00000006f7000000| Untracked 
|1518|0x00000006f7000000, 0x00000006f7800000, 0x00000006f7800000|100%| O|  |TAMS 0x00000006f7000000| PB 0x00000006f7800000| Untracked 
|1519|0x00000006f7800000, 0x00000006f8000000, 0x00000006f8000000|100%| O|  |TAMS 0x00000006f7800000| PB 0x00000006f8000000| Untracked 
|1520|0x00000006f8000000, 0x00000006f8800000, 0x00000006f8800000|100%| O|  |TAMS 0x00000006f8000000| PB 0x00000006f8800000| Untracked 
|1521|0x00000006f8800000, 0x00000006f9000000, 0x00000006f9000000|100%| O|  |TAMS 0x00000006f8800000| PB 0x00000006f9000000| Untracked 
|1522|0x00000006f9000000, 0x00000006f9800000, 0x00000006f9800000|100%| O|  |TAMS 0x00000006f9000000| PB 0x00000006f9800000| Untracked 
|1523|0x00000006f9800000, 0x00000006fa000000, 0x00000006fa000000|100%| O|  |TAMS 0x00000006f9800000| PB 0x00000006fa000000| Untracked 
|1524|0x00000006fa000000, 0x00000006fa800000, 0x00000006fa800000|100%| O|  |TAMS 0x00000006fa000000| PB 0x00000006fa800000| Untracked 
|1525|0x00000006fa800000, 0x00000006fb000000, 0x00000006fb000000|100%| O|  |TAMS 0x00000006fa800000| PB 0x00000006fb000000| Untracked 
|1526|0x00000006fb000000, 0x00000006fb800000, 0x00000006fb800000|100%| O|  |TAMS 0x00000006fb000000| PB 0x00000006fb800000| Untracked 
|1527|0x00000006fb800000, 0x00000006fc000000, 0x00000006fc000000|100%| O|  |TAMS 0x00000006fb800000| PB 0x00000006fc000000| Untracked 
|1528|0x00000006fc000000, 0x00000006fc800000, 0x00000006fc800000|100%| O|  |TAMS 0x00000006fc000000| PB 0x00000006fc800000| Untracked 
|1529|0x00000006fc800000, 0x00000006fd000000, 0x00000006fd000000|100%| O|  |TAMS 0x00000006fc800000| PB 0x00000006fd000000| Untracked 
|1530|0x00000006fd000000, 0x00000006fd800000, 0x00000006fd800000|100%| O|  |TAMS 0x00000006fd000000| PB 0x00000006fd800000| Untracked 
|1531|0x00000006fd800000, 0x00000006fe000000, 0x00000006fe000000|100%| O|  |TAMS 0x00000006fd800000| PB 0x00000006fe000000| Untracked 
|1532|0x00000006fe000000, 0x00000006fe800000, 0x00000006fe800000|100%| O|  |TAMS 0x00000006fe000000| PB 0x00000006fe800000| Untracked 
|1533|0x00000006fe800000, 0x00000006ff000000, 0x00000006ff000000|100%| O|  |TAMS 0x00000006fe800000| PB 0x00000006ff000000| Untracked 
|1534|0x00000006ff000000, 0x00000006ff800000, 0x00000006ff800000|100%| O|  |TAMS 0x00000006ff000000| PB 0x00000006ff800000| Untracked 
|1535|0x00000006ff800000, 0x0000000700000000, 0x0000000700000000|100%| O|  |TAMS 0x00000006ff800000| PB 0x0000000700000000| Untracked 
|1536|0x0000000700000000, 0x0000000700800000, 0x0000000700800000|100%| O|  |TAMS 0x0000000700000000| PB 0x0000000700800000| Untracked 
|1537|0x0000000700800000, 0x0000000701000000, 0x0000000701000000|100%| O|  |TAMS 0x0000000700800000| PB 0x0000000701000000| Untracked 
|1538|0x0000000701000000, 0x0000000701800000, 0x0000000701800000|100%| O|  |TAMS 0x0000000701000000| PB 0x0000000701800000| Untracked 
|1539|0x0000000701800000, 0x0000000702000000, 0x0000000702000000|100%| O|  |TAMS 0x0000000701800000| PB 0x0000000702000000| Untracked 
|1540|0x0000000702000000, 0x0000000702800000, 0x0000000702800000|100%| O|  |TAMS 0x0000000702000000| PB 0x0000000702800000| Untracked 
|1541|0x0000000702800000, 0x0000000703000000, 0x0000000703000000|100%| O|  |TAMS 0x0000000702800000| PB 0x0000000703000000| Untracked 
|1542|0x0000000703000000, 0x0000000703800000, 0x0000000703800000|100%| O|  |TAMS 0x0000000703000000| PB 0x0000000703800000| Untracked 
|1543|0x0000000703800000, 0x0000000704000000, 0x0000000704000000|100%| O|  |TAMS 0x0000000703800000| PB 0x0000000704000000| Untracked 
|1544|0x0000000704000000, 0x0000000704800000, 0x0000000704800000|100%| O|  |TAMS 0x0000000704000000| PB 0x0000000704800000| Untracked 
|1545|0x0000000704800000, 0x0000000705000000, 0x0000000705000000|100%| O|  |TAMS 0x0000000704800000| PB 0x0000000705000000| Untracked 
|1546|0x0000000705000000, 0x0000000705800000, 0x0000000705800000|100%| O|  |TAMS 0x0000000705000000| PB 0x0000000705800000| Untracked 
|1547|0x0000000705800000, 0x0000000706000000, 0x0000000706000000|100%| O|  |TAMS 0x0000000705800000| PB 0x0000000706000000| Untracked 
|1548|0x0000000706000000, 0x0000000706800000, 0x0000000706800000|100%| O|  |TAMS 0x0000000706000000| PB 0x0000000706800000| Untracked 
|1549|0x0000000706800000, 0x0000000707000000, 0x0000000707000000|100%| O|  |TAMS 0x0000000706800000| PB 0x0000000707000000| Untracked 
|1550|0x0000000707000000, 0x0000000707800000, 0x0000000707800000|100%| O|  |TAMS 0x0000000707000000| PB 0x0000000707800000| Untracked 
|1551|0x0000000707800000, 0x0000000708000000, 0x0000000708000000|100%| O|  |TAMS 0x0000000707800000| PB 0x0000000708000000| Untracked 
|1552|0x0000000708000000, 0x0000000708800000, 0x0000000708800000|100%| O|  |TAMS 0x0000000708000000| PB 0x0000000708800000| Untracked 
|1553|0x0000000708800000, 0x0000000709000000, 0x0000000709000000|100%| O|  |TAMS 0x0000000708800000| PB 0x0000000709000000| Untracked 
|1554|0x0000000709000000, 0x0000000709800000, 0x0000000709800000|100%| O|  |TAMS 0x0000000709000000| PB 0x0000000709800000| Untracked 
|1555|0x0000000709800000, 0x000000070a000000, 0x000000070a000000|100%| O|  |TAMS 0x0000000709800000| PB 0x000000070a000000| Untracked 
|1556|0x000000070a000000, 0x000000070a800000, 0x000000070a800000|100%| O|  |TAMS 0x000000070a000000| PB 0x000000070a800000| Untracked 
|1557|0x000000070a800000, 0x000000070b000000, 0x000000070b000000|100%| O|  |TAMS 0x000000070a800000| PB 0x000000070b000000| Untracked 
|1558|0x000000070b000000, 0x000000070b800000, 0x000000070b800000|100%| O|  |TAMS 0x000000070b000000| PB 0x000000070b800000| Untracked 
|1559|0x000000070b800000, 0x000000070c000000, 0x000000070c000000|100%| O|  |TAMS 0x000000070b800000| PB 0x000000070c000000| Untracked 
|1560|0x000000070c000000, 0x000000070c800000, 0x000000070c800000|100%| O|  |TAMS 0x000000070c000000| PB 0x000000070c800000| Untracked 
|1561|0x000000070c800000, 0x000000070d000000, 0x000000070d000000|100%| O|  |TAMS 0x000000070c800000| PB 0x000000070d000000| Untracked 
|1562|0x000000070d000000, 0x000000070d800000, 0x000000070d800000|100%| O|  |TAMS 0x000000070d000000| PB 0x000000070d800000| Untracked 
|1563|0x000000070d800000, 0x000000070e000000, 0x000000070e000000|100%| O|  |TAMS 0x000000070d800000| PB 0x000000070e000000| Untracked 
|1564|0x000000070e000000, 0x000000070e800000, 0x000000070e800000|100%| O|  |TAMS 0x000000070e000000| PB 0x000000070e800000| Untracked 
|1565|0x000000070e800000, 0x000000070f000000, 0x000000070f000000|100%| O|  |TAMS 0x000000070e800000| PB 0x000000070f000000| Untracked 
|1566|0x000000070f000000, 0x000000070f800000, 0x000000070f800000|100%| O|  |TAMS 0x000000070f000000| PB 0x000000070f800000| Untracked 
|1567|0x000000070f800000, 0x0000000710000000, 0x0000000710000000|100%| O|  |TAMS 0x000000070f800000| PB 0x0000000710000000| Untracked 
|1568|0x0000000710000000, 0x0000000710800000, 0x0000000710800000|100%| O|  |TAMS 0x0000000710000000| PB 0x0000000710800000| Untracked 
|1569|0x0000000710800000, 0x0000000711000000, 0x0000000711000000|100%| O|  |TAMS 0x0000000710800000| PB 0x0000000711000000| Untracked 
|1570|0x0000000711000000, 0x0000000711800000, 0x0000000711800000|100%| O|  |TAMS 0x0000000711000000| PB 0x0000000711800000| Untracked 
|1571|0x0000000711800000, 0x0000000712000000, 0x0000000712000000|100%| O|  |TAMS 0x0000000711800000| PB 0x0000000712000000| Untracked 
|1572|0x0000000712000000, 0x0000000712800000, 0x0000000712800000|100%| O|  |TAMS 0x0000000712000000| PB 0x0000000712800000| Untracked 
|1573|0x0000000712800000, 0x0000000713000000, 0x0000000713000000|100%| O|  |TAMS 0x0000000712800000| PB 0x0000000713000000| Untracked 
|1574|0x0000000713000000, 0x0000000713800000, 0x0000000713800000|100%| O|  |TAMS 0x0000000713000000| PB 0x0000000713800000| Untracked 
|1575|0x0000000713800000, 0x0000000714000000, 0x0000000714000000|100%| O|  |TAMS 0x0000000713800000| PB 0x0000000714000000| Untracked 
|1576|0x0000000714000000, 0x0000000714800000, 0x0000000714800000|100%| O|  |TAMS 0x0000000714000000| PB 0x0000000714800000| Untracked 
|1577|0x0000000714800000, 0x0000000715000000, 0x0000000715000000|100%| O|  |TAMS 0x0000000714800000| PB 0x0000000715000000| Untracked 
|1578|0x0000000715000000, 0x0000000715800000, 0x0000000715800000|100%| O|  |TAMS 0x0000000715000000| PB 0x0000000715800000| Untracked 
|1579|0x0000000715800000, 0x0000000716000000, 0x0000000716000000|100%| O|  |TAMS 0x0000000715800000| PB 0x0000000716000000| Untracked 
|1580|0x0000000716000000, 0x0000000716800000, 0x0000000716800000|100%| O|  |TAMS 0x0000000716000000| PB 0x0000000716800000| Untracked 
|1581|0x0000000716800000, 0x0000000717000000, 0x0000000717000000|100%| O|  |TAMS 0x0000000716800000| PB 0x0000000717000000| Untracked 
|1582|0x0000000717000000, 0x0000000717800000, 0x0000000717800000|100%| O|  |TAMS 0x0000000717000000| PB 0x0000000717800000| Untracked 
|1583|0x0000000717800000, 0x0000000718000000, 0x0000000718000000|100%| O|  |TAMS 0x0000000717800000| PB 0x0000000718000000| Untracked 
|1584|0x0000000718000000, 0x0000000718800000, 0x0000000718800000|100%| O|  |TAMS 0x0000000718000000| PB 0x0000000718800000| Untracked 
|1585|0x0000000718800000, 0x0000000719000000, 0x0000000719000000|100%| O|  |TAMS 0x0000000718800000| PB 0x0000000719000000| Untracked 
|1586|0x0000000719000000, 0x0000000719800000, 0x0000000719800000|100%| O|  |TAMS 0x0000000719000000| PB 0x0000000719800000| Untracked 
|1587|0x0000000719800000, 0x000000071a000000, 0x000000071a000000|100%| O|  |TAMS 0x0000000719800000| PB 0x000000071a000000| Untracked 
|1588|0x000000071a000000, 0x000000071a800000, 0x000000071a800000|100%| O|  |TAMS 0x000000071a000000| PB 0x000000071a800000| Untracked 
|1589|0x000000071a800000, 0x000000071b000000, 0x000000071b000000|100%| O|  |TAMS 0x000000071a800000| PB 0x000000071b000000| Untracked 
|1590|0x000000071b000000, 0x000000071b800000, 0x000000071b800000|100%| O|  |TAMS 0x000000071b000000| PB 0x000000071b800000| Untracked 
|1591|0x000000071b800000, 0x000000071c000000, 0x000000071c000000|100%| O|  |TAMS 0x000000071b800000| PB 0x000000071c000000| Untracked 
|1592|0x000000071c000000, 0x000000071c800000, 0x000000071c800000|100%| O|  |TAMS 0x000000071c000000| PB 0x000000071c800000| Untracked 
|1593|0x000000071c800000, 0x000000071d000000, 0x000000071d000000|100%| O|  |TAMS 0x000000071c800000| PB 0x000000071d000000| Untracked 
|1594|0x000000071d000000, 0x000000071d800000, 0x000000071d800000|100%| O|  |TAMS 0x000000071d000000| PB 0x000000071d800000| Untracked 
|1595|0x000000071d800000, 0x000000071e000000, 0x000000071e000000|100%| O|  |TAMS 0x000000071d800000| PB 0x000000071e000000| Untracked 
|1596|0x000000071e000000, 0x000000071e800000, 0x000000071e800000|100%| O|  |TAMS 0x000000071e000000| PB 0x000000071e800000| Untracked 
|1597|0x000000071e800000, 0x000000071f000000, 0x000000071f000000|100%| O|  |TAMS 0x000000071e800000| PB 0x000000071f000000| Untracked 
|1598|0x000000071f000000, 0x000000071f800000, 0x000000071f800000|100%| O|  |TAMS 0x000000071f000000| PB 0x000000071f800000| Untracked 
|1599|0x000000071f800000, 0x0000000720000000, 0x0000000720000000|100%| O|  |TAMS 0x000000071f800000| PB 0x0000000720000000| Untracked 
|1600|0x0000000720000000, 0x0000000720800000, 0x0000000720800000|100%| O|  |TAMS 0x0000000720000000| PB 0x0000000720800000| Untracked 
|1601|0x0000000720800000, 0x0000000721000000, 0x0000000721000000|100%| O|  |TAMS 0x0000000720800000| PB 0x0000000721000000| Untracked 
|1602|0x0000000721000000, 0x0000000721800000, 0x0000000721800000|100%| O|  |TAMS 0x0000000721000000| PB 0x0000000721800000| Untracked 
|1603|0x0000000721800000, 0x0000000722000000, 0x0000000722000000|100%| O|  |TAMS 0x0000000721800000| PB 0x0000000722000000| Untracked 
|1604|0x0000000722000000, 0x0000000722800000, 0x0000000722800000|100%| O|  |TAMS 0x0000000722000000| PB 0x0000000722800000| Untracked 
|1605|0x0000000722800000, 0x0000000723000000, 0x0000000723000000|100%| O|  |TAMS 0x0000000722800000| PB 0x0000000723000000| Untracked 
|1606|0x0000000723000000, 0x0000000723800000, 0x0000000723800000|100%| O|  |TAMS 0x0000000723000000| PB 0x0000000723800000| Untracked 
|1607|0x0000000723800000, 0x0000000724000000, 0x0000000724000000|100%| O|  |TAMS 0x0000000723800000| PB 0x0000000724000000| Untracked 
|1608|0x0000000724000000, 0x0000000724800000, 0x0000000724800000|100%| O|  |TAMS 0x0000000724000000| PB 0x0000000724800000| Untracked 
|1609|0x0000000724800000, 0x0000000725000000, 0x0000000725000000|100%| O|  |TAMS 0x0000000724800000| PB 0x0000000725000000| Untracked 
|1610|0x0000000725000000, 0x0000000725800000, 0x0000000725800000|100%| O|  |TAMS 0x0000000725000000| PB 0x0000000725800000| Untracked 
|1611|0x0000000725800000, 0x0000000726000000, 0x0000000726000000|100%| O|  |TAMS 0x0000000725800000| PB 0x0000000726000000| Untracked 
|1612|0x0000000726000000, 0x0000000726800000, 0x0000000726800000|100%| O|  |TAMS 0x0000000726000000| PB 0x0000000726800000| Untracked 
|1613|0x0000000726800000, 0x0000000727000000, 0x0000000727000000|100%| O|  |TAMS 0x0000000726800000| PB 0x0000000727000000| Untracked 
|1614|0x0000000727000000, 0x0000000727800000, 0x0000000727800000|100%| O|  |TAMS 0x0000000727000000| PB 0x0000000727800000| Untracked 
|1615|0x0000000727800000, 0x0000000728000000, 0x0000000728000000|100%| O|  |TAMS 0x0000000727800000| PB 0x0000000728000000| Untracked 
|1616|0x0000000728000000, 0x0000000728800000, 0x0000000728800000|100%| O|  |TAMS 0x0000000728000000| PB 0x0000000728800000| Untracked 
|1617|0x0000000728800000, 0x0000000729000000, 0x0000000729000000|100%| O|  |TAMS 0x0000000728800000| PB 0x0000000729000000| Untracked 
|1618|0x0000000729000000, 0x0000000729800000, 0x0000000729800000|100%| O|  |TAMS 0x0000000729000000| PB 0x0000000729800000| Untracked 
|1619|0x0000000729800000, 0x000000072a000000, 0x000000072a000000|100%| O|  |TAMS 0x0000000729800000| PB 0x000000072a000000| Untracked 
|1620|0x000000072a000000, 0x000000072a800000, 0x000000072a800000|100%| O|  |TAMS 0x000000072a000000| PB 0x000000072a800000| Untracked 
|1621|0x000000072a800000, 0x000000072b000000, 0x000000072b000000|100%| O|  |TAMS 0x000000072a800000| PB 0x000000072b000000| Untracked 
|1622|0x000000072b000000, 0x000000072b800000, 0x000000072b800000|100%| O|  |TAMS 0x000000072b000000| PB 0x000000072b800000| Untracked 
|1623|0x000000072b800000, 0x000000072c000000, 0x000000072c000000|100%| O|  |TAMS 0x000000072b800000| PB 0x000000072c000000| Untracked 
|1624|0x000000072c000000, 0x000000072c800000, 0x000000072c800000|100%| O|  |TAMS 0x000000072c000000| PB 0x000000072c800000| Untracked 
|1625|0x000000072c800000, 0x000000072d000000, 0x000000072d000000|100%| O|  |TAMS 0x000000072c800000| PB 0x000000072d000000| Untracked 
|1626|0x000000072d000000, 0x000000072d800000, 0x000000072d800000|100%| O|  |TAMS 0x000000072d000000| PB 0x000000072d800000| Untracked 
|1627|0x000000072d800000, 0x000000072e000000, 0x000000072e000000|100%| O|  |TAMS 0x000000072d800000| PB 0x000000072e000000| Untracked 
|1628|0x000000072e000000, 0x000000072e800000, 0x000000072e800000|100%| O|  |TAMS 0x000000072e000000| PB 0x000000072e800000| Untracked 
|1629|0x000000072e800000, 0x000000072f000000, 0x000000072f000000|100%| O|  |TAMS 0x000000072e800000| PB 0x000000072f000000| Untracked 
|1630|0x000000072f000000, 0x000000072f800000, 0x000000072f800000|100%| O|  |TAMS 0x000000072f000000| PB 0x000000072f800000| Untracked 
|1631|0x000000072f800000, 0x0000000730000000, 0x0000000730000000|100%| O|  |TAMS 0x000000072f800000| PB 0x0000000730000000| Untracked 
|1632|0x0000000730000000, 0x0000000730800000, 0x0000000730800000|100%| O|  |TAMS 0x0000000730000000| PB 0x0000000730800000| Untracked 
|1633|0x0000000730800000, 0x0000000731000000, 0x0000000731000000|100%| O|  |TAMS 0x0000000730800000| PB 0x0000000731000000| Untracked 
|1634|0x0000000731000000, 0x0000000731800000, 0x0000000731800000|100%| O|  |TAMS 0x0000000731000000| PB 0x0000000731800000| Untracked 
|1635|0x0000000731800000, 0x0000000732000000, 0x0000000732000000|100%| O|  |TAMS 0x0000000731800000| PB 0x0000000732000000| Untracked 
|1636|0x0000000732000000, 0x0000000732800000, 0x0000000732800000|100%| O|  |TAMS 0x0000000732000000| PB 0x0000000732800000| Untracked 
|1637|0x0000000732800000, 0x0000000733000000, 0x0000000733000000|100%| O|  |TAMS 0x0000000732800000| PB 0x0000000733000000| Untracked 
|1638|0x0000000733000000, 0x0000000733800000, 0x0000000733800000|100%| O|  |TAMS 0x0000000733000000| PB 0x0000000733800000| Untracked 
|1639|0x0000000733800000, 0x0000000734000000, 0x0000000734000000|100%| O|  |TAMS 0x0000000733800000| PB 0x0000000734000000| Untracked 
|1640|0x0000000734000000, 0x0000000734800000, 0x0000000734800000|100%| O|  |TAMS 0x0000000734000000| PB 0x0000000734800000| Untracked 
|1641|0x0000000734800000, 0x0000000735000000, 0x0000000735000000|100%| O|  |TAMS 0x0000000734800000| PB 0x0000000735000000| Untracked 
|1642|0x0000000735000000, 0x0000000735800000, 0x0000000735800000|100%| O|  |TAMS 0x0000000735000000| PB 0x0000000735800000| Untracked 
|1643|0x0000000735800000, 0x0000000736000000, 0x0000000736000000|100%| O|  |TAMS 0x0000000735800000| PB 0x0000000736000000| Untracked 
|1644|0x0000000736000000, 0x0000000736800000, 0x0000000736800000|100%| O|  |TAMS 0x0000000736000000| PB 0x0000000736800000| Untracked 
|1645|0x0000000736800000, 0x0000000737000000, 0x0000000737000000|100%| O|  |TAMS 0x0000000736800000| PB 0x0000000737000000| Untracked 
|1646|0x0000000737000000, 0x0000000737800000, 0x0000000737800000|100%| O|  |TAMS 0x0000000737000000| PB 0x0000000737800000| Untracked 
|1647|0x0000000737800000, 0x0000000738000000, 0x0000000738000000|100%| O|  |TAMS 0x0000000737800000| PB 0x0000000738000000| Untracked 
|1648|0x0000000738000000, 0x0000000738800000, 0x0000000738800000|100%| O|  |TAMS 0x0000000738000000| PB 0x0000000738800000| Untracked 
|1649|0x0000000738800000, 0x0000000739000000, 0x0000000739000000|100%| O|  |TAMS 0x0000000738800000| PB 0x0000000739000000| Untracked 
|1650|0x0000000739000000, 0x0000000739800000, 0x0000000739800000|100%| O|  |TAMS 0x0000000739000000| PB 0x0000000739800000| Untracked 
|1651|0x0000000739800000, 0x000000073a000000, 0x000000073a000000|100%| O|  |TAMS 0x0000000739800000| PB 0x000000073a000000| Untracked 
|1652|0x000000073a000000, 0x000000073a800000, 0x000000073a800000|100%| O|  |TAMS 0x000000073a000000| PB 0x000000073a800000| Untracked 
|1653|0x000000073a800000, 0x000000073b000000, 0x000000073b000000|100%| O|  |TAMS 0x000000073a800000| PB 0x000000073b000000| Untracked 
|1654|0x000000073b000000, 0x000000073b800000, 0x000000073b800000|100%| O|  |TAMS 0x000000073b000000| PB 0x000000073b800000| Untracked 
|1655|0x000000073b800000, 0x000000073c000000, 0x000000073c000000|100%| O|  |TAMS 0x000000073b800000| PB 0x000000073c000000| Untracked 
|1656|0x000000073c000000, 0x000000073c800000, 0x000000073c800000|100%| O|  |TAMS 0x000000073c000000| PB 0x000000073c800000| Untracked 
|1657|0x000000073c800000, 0x000000073d000000, 0x000000073d000000|100%| O|  |TAMS 0x000000073c800000| PB 0x000000073d000000| Untracked 
|1658|0x000000073d000000, 0x000000073d800000, 0x000000073d800000|100%| O|  |TAMS 0x000000073d000000| PB 0x000000073d800000| Untracked 
|1659|0x000000073d800000, 0x000000073e000000, 0x000000073e000000|100%| O|  |TAMS 0x000000073d800000| PB 0x000000073e000000| Untracked 
|1660|0x000000073e000000, 0x000000073e800000, 0x000000073e800000|100%| O|  |TAMS 0x000000073e000000| PB 0x000000073e800000| Untracked 
|1661|0x000000073e800000, 0x000000073f000000, 0x000000073f000000|100%| O|  |TAMS 0x000000073e800000| PB 0x000000073f000000| Untracked 
|1662|0x000000073f000000, 0x000000073f800000, 0x000000073f800000|100%| O|  |TAMS 0x000000073f000000| PB 0x000000073f800000| Untracked 
|1663|0x000000073f800000, 0x0000000740000000, 0x0000000740000000|100%| O|  |TAMS 0x000000073f800000| PB 0x0000000740000000| Untracked 
|1664|0x0000000740000000, 0x0000000740800000, 0x0000000740800000|100%| O|  |TAMS 0x0000000740000000| PB 0x0000000740800000| Untracked 
|1665|0x0000000740800000, 0x0000000741000000, 0x0000000741000000|100%| O|  |TAMS 0x0000000740800000| PB 0x0000000741000000| Untracked 
|1666|0x0000000741000000, 0x0000000741800000, 0x0000000741800000|100%| O|  |TAMS 0x0000000741000000| PB 0x0000000741800000| Untracked 
|1667|0x0000000741800000, 0x0000000742000000, 0x0000000742000000|100%| O|  |TAMS 0x0000000741800000| PB 0x0000000742000000| Untracked 
|1668|0x0000000742000000, 0x0000000742800000, 0x0000000742800000|100%| O|  |TAMS 0x0000000742000000| PB 0x0000000742800000| Untracked 
|1669|0x0000000742800000, 0x0000000743000000, 0x0000000743000000|100%| O|  |TAMS 0x0000000742800000| PB 0x0000000743000000| Untracked 
|1670|0x0000000743000000, 0x0000000743800000, 0x0000000743800000|100%| O|  |TAMS 0x0000000743000000| PB 0x0000000743800000| Untracked 
|1671|0x0000000743800000, 0x0000000744000000, 0x0000000744000000|100%| O|  |TAMS 0x0000000743800000| PB 0x0000000744000000| Untracked 
|1672|0x0000000744000000, 0x0000000744800000, 0x0000000744800000|100%| O|  |TAMS 0x0000000744000000| PB 0x0000000744800000| Untracked 
|1673|0x0000000744800000, 0x0000000745000000, 0x0000000745000000|100%| O|  |TAMS 0x0000000744800000| PB 0x0000000745000000| Untracked 
|1674|0x0000000745000000, 0x0000000745800000, 0x0000000745800000|100%| O|  |TAMS 0x0000000745000000| PB 0x0000000745800000| Untracked 
|1675|0x0000000745800000, 0x0000000746000000, 0x0000000746000000|100%| O|  |TAMS 0x0000000745800000| PB 0x0000000746000000| Untracked 
|1676|0x0000000746000000, 0x0000000746800000, 0x0000000746800000|100%| O|  |TAMS 0x0000000746000000| PB 0x0000000746800000| Untracked 
|1677|0x0000000746800000, 0x0000000747000000, 0x0000000747000000|100%| O|  |TAMS 0x0000000746800000| PB 0x0000000747000000| Untracked 
|1678|0x0000000747000000, 0x0000000747800000, 0x0000000747800000|100%| O|  |TAMS 0x0000000747000000| PB 0x0000000747800000| Untracked 
|1679|0x0000000747800000, 0x0000000748000000, 0x0000000748000000|100%| O|  |TAMS 0x0000000747800000| PB 0x0000000748000000| Untracked 
|1680|0x0000000748000000, 0x0000000748800000, 0x0000000748800000|100%| O|  |TAMS 0x0000000748000000| PB 0x0000000748800000| Untracked 
|1681|0x0000000748800000, 0x0000000749000000, 0x0000000749000000|100%| O|  |TAMS 0x0000000748800000| PB 0x0000000749000000| Untracked 
|1682|0x0000000749000000, 0x0000000749800000, 0x0000000749800000|100%| O|  |TAMS 0x0000000749000000| PB 0x0000000749800000| Untracked 
|1683|0x0000000749800000, 0x000000074a000000, 0x000000074a000000|100%| O|  |TAMS 0x0000000749800000| PB 0x000000074a000000| Untracked 
|1684|0x000000074a000000, 0x000000074a800000, 0x000000074a800000|100%| O|  |TAMS 0x000000074a000000| PB 0x000000074a800000| Untracked 
|1685|0x000000074a800000, 0x000000074b000000, 0x000000074b000000|100%| O|  |TAMS 0x000000074a800000| PB 0x000000074b000000| Untracked 
|1686|0x000000074b000000, 0x000000074b800000, 0x000000074b800000|100%| O|  |TAMS 0x000000074b000000| PB 0x000000074b800000| Untracked 
|1687|0x000000074b800000, 0x000000074c000000, 0x000000074c000000|100%| O|  |TAMS 0x000000074b800000| PB 0x000000074c000000| Untracked 
|1688|0x000000074c000000, 0x000000074c800000, 0x000000074c800000|100%| O|  |TAMS 0x000000074c000000| PB 0x000000074c800000| Untracked 
|1689|0x000000074c800000, 0x000000074d000000, 0x000000074d000000|100%| O|  |TAMS 0x000000074c800000| PB 0x000000074d000000| Untracked 
|1690|0x000000074d000000, 0x000000074d800000, 0x000000074d800000|100%| O|  |TAMS 0x000000074d000000| PB 0x000000074d800000| Untracked 
|1691|0x000000074d800000, 0x000000074e000000, 0x000000074e000000|100%| O|  |TAMS 0x000000074d800000| PB 0x000000074e000000| Untracked 
|1692|0x000000074e000000, 0x000000074e800000, 0x000000074e800000|100%| O|  |TAMS 0x000000074e000000| PB 0x000000074e800000| Untracked 
|1693|0x000000074e800000, 0x000000074f000000, 0x000000074f000000|100%| O|  |TAMS 0x000000074e800000| PB 0x000000074f000000| Untracked 
|1694|0x000000074f000000, 0x000000074f800000, 0x000000074f800000|100%| O|  |TAMS 0x000000074f000000| PB 0x000000074f800000| Untracked 
|1695|0x000000074f800000, 0x0000000750000000, 0x0000000750000000|100%| O|  |TAMS 0x000000074f800000| PB 0x0000000750000000| Untracked 
|1696|0x0000000750000000, 0x0000000750800000, 0x0000000750800000|100%| O|  |TAMS 0x0000000750000000| PB 0x0000000750800000| Untracked 
|1697|0x0000000750800000, 0x0000000751000000, 0x0000000751000000|100%| O|  |TAMS 0x0000000750800000| PB 0x0000000751000000| Untracked 
|1698|0x0000000751000000, 0x0000000751800000, 0x0000000751800000|100%| O|  |TAMS 0x0000000751000000| PB 0x0000000751800000| Untracked 
|1699|0x0000000751800000, 0x0000000752000000, 0x0000000752000000|100%| O|  |TAMS 0x0000000751800000| PB 0x0000000752000000| Untracked 
|1700|0x0000000752000000, 0x0000000752800000, 0x0000000752800000|100%| O|  |TAMS 0x0000000752000000| PB 0x0000000752800000| Untracked 
|1701|0x0000000752800000, 0x0000000753000000, 0x0000000753000000|100%| O|  |TAMS 0x0000000752800000| PB 0x0000000753000000| Untracked 
|1702|0x0000000753000000, 0x0000000753800000, 0x0000000753800000|100%| O|  |TAMS 0x0000000753000000| PB 0x0000000753800000| Untracked 
|1703|0x0000000753800000, 0x0000000754000000, 0x0000000754000000|100%| O|  |TAMS 0x0000000753800000| PB 0x0000000754000000| Untracked 
|1704|0x0000000754000000, 0x0000000754800000, 0x0000000754800000|100%| O|  |TAMS 0x0000000754000000| PB 0x0000000754800000| Untracked 
|1705|0x0000000754800000, 0x0000000755000000, 0x0000000755000000|100%| O|  |TAMS 0x0000000754800000| PB 0x0000000755000000| Untracked 
|1706|0x0000000755000000, 0x0000000755800000, 0x0000000755800000|100%| O|  |TAMS 0x0000000755000000| PB 0x0000000755800000| Untracked 
|1707|0x0000000755800000, 0x0000000756000000, 0x0000000756000000|100%| O|  |TAMS 0x0000000755800000| PB 0x0000000756000000| Untracked 
|1708|0x0000000756000000, 0x0000000756800000, 0x0000000756800000|100%| O|  |TAMS 0x0000000756000000| PB 0x0000000756800000| Untracked 
|1709|0x0000000756800000, 0x0000000757000000, 0x0000000757000000|100%| O|  |TAMS 0x0000000756800000| PB 0x0000000757000000| Untracked 
|1710|0x0000000757000000, 0x0000000757800000, 0x0000000757800000|100%| O|  |TAMS 0x0000000757000000| PB 0x0000000757800000| Untracked 
|1711|0x0000000757800000, 0x0000000758000000, 0x0000000758000000|100%| O|  |TAMS 0x0000000757800000| PB 0x0000000758000000| Untracked 
|1712|0x0000000758000000, 0x0000000758800000, 0x0000000758800000|100%| O|  |TAMS 0x0000000758000000| PB 0x0000000758800000| Untracked 
|1713|0x0000000758800000, 0x0000000759000000, 0x0000000759000000|100%| O|  |TAMS 0x0000000758800000| PB 0x0000000759000000| Untracked 
|1714|0x0000000759000000, 0x0000000759800000, 0x0000000759800000|100%| O|  |TAMS 0x0000000759000000| PB 0x0000000759800000| Untracked 
|1715|0x0000000759800000, 0x000000075a000000, 0x000000075a000000|100%| O|  |TAMS 0x0000000759800000| PB 0x000000075a000000| Untracked 
|1716|0x000000075a000000, 0x000000075a800000, 0x000000075a800000|100%| O|  |TAMS 0x000000075a000000| PB 0x000000075a800000| Untracked 
|1717|0x000000075a800000, 0x000000075b000000, 0x000000075b000000|100%| O|  |TAMS 0x000000075a800000| PB 0x000000075b000000| Untracked 
|1718|0x000000075b000000, 0x000000075b800000, 0x000000075b800000|100%| O|  |TAMS 0x000000075b000000| PB 0x000000075b800000| Untracked 
|1719|0x000000075b800000, 0x000000075c000000, 0x000000075c000000|100%| O|  |TAMS 0x000000075b800000| PB 0x000000075c000000| Untracked 
|1720|0x000000075c000000, 0x000000075c800000, 0x000000075c800000|100%| O|  |TAMS 0x000000075c000000| PB 0x000000075c800000| Untracked 
|1721|0x000000075c800000, 0x000000075d000000, 0x000000075d000000|100%| O|  |TAMS 0x000000075c800000| PB 0x000000075d000000| Untracked 
|1722|0x000000075d000000, 0x000000075d800000, 0x000000075d800000|100%| O|  |TAMS 0x000000075d000000| PB 0x000000075d800000| Untracked 
|1723|0x000000075d800000, 0x000000075e000000, 0x000000075e000000|100%| O|  |TAMS 0x000000075d800000| PB 0x000000075e000000| Untracked 
|1724|0x000000075e000000, 0x000000075e800000, 0x000000075e800000|100%| O|  |TAMS 0x000000075e000000| PB 0x000000075e800000| Untracked 
|1725|0x000000075e800000, 0x000000075f000000, 0x000000075f000000|100%| O|  |TAMS 0x000000075e800000| PB 0x000000075f000000| Untracked 
|1726|0x000000075f000000, 0x000000075f800000, 0x000000075f800000|100%| O|  |TAMS 0x000000075f000000| PB 0x000000075f800000| Untracked 
|1727|0x000000075f800000, 0x0000000760000000, 0x0000000760000000|100%| O|  |TAMS 0x000000075f800000| PB 0x0000000760000000| Untracked 
|1728|0x0000000760000000, 0x0000000760800000, 0x0000000760800000|100%| O|  |TAMS 0x0000000760000000| PB 0x0000000760800000| Untracked 
|1729|0x0000000760800000, 0x0000000761000000, 0x0000000761000000|100%| O|  |TAMS 0x0000000760800000| PB 0x0000000761000000| Untracked 
|1730|0x0000000761000000, 0x0000000761800000, 0x0000000761800000|100%| O|  |TAMS 0x0000000761000000| PB 0x0000000761800000| Untracked 
|1731|0x0000000761800000, 0x0000000762000000, 0x0000000762000000|100%| O|  |TAMS 0x0000000761800000| PB 0x0000000762000000| Untracked 
|1732|0x0000000762000000, 0x0000000762800000, 0x0000000762800000|100%| O|  |TAMS 0x0000000762000000| PB 0x0000000762800000| Untracked 
|1733|0x0000000762800000, 0x0000000763000000, 0x0000000763000000|100%| O|  |TAMS 0x0000000762800000| PB 0x0000000763000000| Untracked 
|1734|0x0000000763000000, 0x0000000763800000, 0x0000000763800000|100%| O|  |TAMS 0x0000000763000000| PB 0x0000000763800000| Untracked 
|1735|0x0000000763800000, 0x0000000764000000, 0x0000000764000000|100%| O|  |TAMS 0x0000000763800000| PB 0x0000000764000000| Untracked 
|1736|0x0000000764000000, 0x0000000764800000, 0x0000000764800000|100%| O|  |TAMS 0x0000000764000000| PB 0x0000000764800000| Untracked 
|1737|0x0000000764800000, 0x0000000765000000, 0x0000000765000000|100%| O|  |TAMS 0x0000000764800000| PB 0x0000000765000000| Untracked 
|1738|0x0000000765000000, 0x0000000765800000, 0x0000000765800000|100%| O|  |TAMS 0x0000000765000000| PB 0x0000000765800000| Untracked 
|1739|0x0000000765800000, 0x0000000766000000, 0x0000000766000000|100%| O|  |TAMS 0x0000000765800000| PB 0x0000000766000000| Untracked 
|1740|0x0000000766000000, 0x0000000766800000, 0x0000000766800000|100%| O|  |TAMS 0x0000000766000000| PB 0x0000000766800000| Untracked 
|1741|0x0000000766800000, 0x0000000767000000, 0x0000000767000000|100%| O|  |TAMS 0x0000000766800000| PB 0x0000000767000000| Untracked 
|1742|0x0000000767000000, 0x0000000767800000, 0x0000000767800000|100%| O|  |TAMS 0x0000000767000000| PB 0x0000000767800000| Untracked 
|1743|0x0000000767800000, 0x0000000768000000, 0x0000000768000000|100%| O|  |TAMS 0x0000000767800000| PB 0x0000000768000000| Untracked 
|1744|0x0000000768000000, 0x0000000768800000, 0x0000000768800000|100%| O|  |TAMS 0x0000000768000000| PB 0x0000000768800000| Untracked 
|1745|0x0000000768800000, 0x0000000769000000, 0x0000000769000000|100%| O|  |TAMS 0x0000000768800000| PB 0x0000000769000000| Untracked 
|1746|0x0000000769000000, 0x0000000769800000, 0x0000000769800000|100%| O|  |TAMS 0x0000000769000000| PB 0x0000000769800000| Untracked 
|1747|0x0000000769800000, 0x000000076a000000, 0x000000076a000000|100%| O|  |TAMS 0x0000000769800000| PB 0x000000076a000000| Untracked 
|1748|0x000000076a000000, 0x000000076a800000, 0x000000076a800000|100%| O|  |TAMS 0x000000076a000000| PB 0x000000076a800000| Untracked 
|1749|0x000000076a800000, 0x000000076b000000, 0x000000076b000000|100%| O|  |TAMS 0x000000076a800000| PB 0x000000076b000000| Untracked 
|1750|0x000000076b000000, 0x000000076b800000, 0x000000076b800000|100%| O|  |TAMS 0x000000076b000000| PB 0x000000076b800000| Untracked 
|1751|0x000000076b800000, 0x000000076c000000, 0x000000076c000000|100%| O|  |TAMS 0x000000076b800000| PB 0x000000076c000000| Untracked 
|1752|0x000000076c000000, 0x000000076c800000, 0x000000076c800000|100%| O|  |TAMS 0x000000076c000000| PB 0x000000076c800000| Untracked 
|1753|0x000000076c800000, 0x000000076d000000, 0x000000076d000000|100%| O|  |TAMS 0x000000076c800000| PB 0x000000076d000000| Untracked 
|1754|0x000000076d000000, 0x000000076d800000, 0x000000076d800000|100%| O|  |TAMS 0x000000076d000000| PB 0x000000076d800000| Untracked 
|1755|0x000000076d800000, 0x000000076e000000, 0x000000076e000000|100%| O|  |TAMS 0x000000076d800000| PB 0x000000076e000000| Untracked 
|1756|0x000000076e000000, 0x000000076e800000, 0x000000076e800000|100%| O|  |TAMS 0x000000076e000000| PB 0x000000076e800000| Untracked 
|1757|0x000000076e800000, 0x000000076f000000, 0x000000076f000000|100%| O|  |TAMS 0x000000076e800000| PB 0x000000076f000000| Untracked 
|1758|0x000000076f000000, 0x000000076f800000, 0x000000076f800000|100%| O|  |TAMS 0x000000076f000000| PB 0x000000076f800000| Untracked 
|1759|0x000000076f800000, 0x0000000770000000, 0x0000000770000000|100%| O|  |TAMS 0x000000076f800000| PB 0x0000000770000000| Untracked 
|1760|0x0000000770000000, 0x0000000770800000, 0x0000000770800000|100%| O|  |TAMS 0x0000000770000000| PB 0x0000000770800000| Untracked 
|1761|0x0000000770800000, 0x0000000771000000, 0x0000000771000000|100%| O|  |TAMS 0x0000000770800000| PB 0x0000000771000000| Untracked 
|1762|0x0000000771000000, 0x0000000771800000, 0x0000000771800000|100%| O|  |TAMS 0x0000000771000000| PB 0x0000000771800000| Untracked 
|1763|0x0000000771800000, 0x0000000772000000, 0x0000000772000000|100%| O|  |TAMS 0x0000000771800000| PB 0x0000000772000000| Untracked 
|1764|0x0000000772000000, 0x0000000772800000, 0x0000000772800000|100%| O|  |TAMS 0x0000000772000000| PB 0x0000000772800000| Untracked 
|1765|0x0000000772800000, 0x0000000773000000, 0x0000000773000000|100%| O|  |TAMS 0x0000000772800000| PB 0x0000000773000000| Untracked 
|1766|0x0000000773000000, 0x0000000773800000, 0x0000000773800000|100%| O|  |TAMS 0x0000000773000000| PB 0x0000000773800000| Untracked 
|1767|0x0000000773800000, 0x0000000774000000, 0x0000000774000000|100%| O|  |TAMS 0x0000000773800000| PB 0x0000000774000000| Untracked 
|1768|0x0000000774000000, 0x0000000774800000, 0x0000000774800000|100%| O|  |TAMS 0x0000000774000000| PB 0x0000000774800000| Untracked 
|1769|0x0000000774800000, 0x0000000775000000, 0x0000000775000000|100%| O|  |TAMS 0x0000000774800000| PB 0x0000000775000000| Untracked 
|1770|0x0000000775000000, 0x0000000775800000, 0x0000000775800000|100%| O|  |TAMS 0x0000000775000000| PB 0x0000000775800000| Untracked 
|1771|0x0000000775800000, 0x0000000776000000, 0x0000000776000000|100%| O|  |TAMS 0x0000000775800000| PB 0x0000000776000000| Untracked 
|1772|0x0000000776000000, 0x0000000776800000, 0x0000000776800000|100%| O|  |TAMS 0x0000000776000000| PB 0x0000000776800000| Untracked 
|1773|0x0000000776800000, 0x0000000777000000, 0x0000000777000000|100%| O|  |TAMS 0x0000000776800000| PB 0x0000000777000000| Untracked 
|1774|0x0000000777000000, 0x0000000777800000, 0x0000000777800000|100%| O|  |TAMS 0x0000000777000000| PB 0x0000000777800000| Untracked 
|1775|0x0000000777800000, 0x0000000778000000, 0x0000000778000000|100%| O|  |TAMS 0x0000000777800000| PB 0x0000000778000000| Untracked 
|1776|0x0000000778000000, 0x0000000778800000, 0x0000000778800000|100%| O|  |TAMS 0x0000000778000000| PB 0x0000000778800000| Untracked 
|1777|0x0000000778800000, 0x0000000779000000, 0x0000000779000000|100%| O|  |TAMS 0x0000000778800000| PB 0x0000000779000000| Untracked 
|1778|0x0000000779000000, 0x0000000779800000, 0x0000000779800000|100%| O|  |TAMS 0x0000000779000000| PB 0x0000000779800000| Untracked 
|1779|0x0000000779800000, 0x000000077a000000, 0x000000077a000000|100%| O|  |TAMS 0x0000000779800000| PB 0x000000077a000000| Untracked 
|1780|0x000000077a000000, 0x000000077a800000, 0x000000077a800000|100%| O|  |TAMS 0x000000077a000000| PB 0x000000077a800000| Untracked 
|1781|0x000000077a800000, 0x000000077b000000, 0x000000077b000000|100%| O|  |TAMS 0x000000077a800000| PB 0x000000077b000000| Untracked 
|1782|0x000000077b000000, 0x000000077b800000, 0x000000077b800000|100%| O|  |TAMS 0x000000077b000000| PB 0x000000077b800000| Untracked 
|1783|0x000000077b800000, 0x000000077c000000, 0x000000077c000000|100%| O|  |TAMS 0x000000077b800000| PB 0x000000077c000000| Untracked 
|1784|0x000000077c000000, 0x000000077c800000, 0x000000077c800000|100%| O|  |TAMS 0x000000077c000000| PB 0x000000077c800000| Untracked 
|1785|0x000000077c800000, 0x000000077d000000, 0x000000077d000000|100%| O|  |TAMS 0x000000077c800000| PB 0x000000077d000000| Untracked 
|1786|0x000000077d000000, 0x000000077d800000, 0x000000077d800000|100%| O|  |TAMS 0x000000077d000000| PB 0x000000077d800000| Untracked 
|1787|0x000000077d800000, 0x000000077e000000, 0x000000077e000000|100%| O|  |TAMS 0x000000077d800000| PB 0x000000077e000000| Untracked 
|1788|0x000000077e000000, 0x000000077e800000, 0x000000077e800000|100%| O|  |TAMS 0x000000077e000000| PB 0x000000077e800000| Untracked 
|1789|0x000000077e800000, 0x000000077f000000, 0x000000077f000000|100%| O|  |TAMS 0x000000077e800000| PB 0x000000077f000000| Untracked 
|1790|0x000000077f000000, 0x000000077f800000, 0x000000077f800000|100%| O|  |TAMS 0x000000077f000000| PB 0x000000077f800000| Untracked 
|1791|0x000000077f800000, 0x0000000780000000, 0x0000000780000000|100%| O|  |TAMS 0x000000077f800000| PB 0x0000000780000000| Untracked 
|1792|0x0000000780000000, 0x0000000780800000, 0x0000000780800000|100%| O|  |TAMS 0x0000000780000000| PB 0x0000000780800000| Untracked 
|1793|0x0000000780800000, 0x0000000781000000, 0x0000000781000000|100%| O|  |TAMS 0x0000000780800000| PB 0x0000000781000000| Untracked 
|1794|0x0000000781000000, 0x0000000781800000, 0x0000000781800000|100%| O|  |TAMS 0x0000000781000000| PB 0x0000000781800000| Untracked 
|1795|0x0000000781800000, 0x0000000782000000, 0x0000000782000000|100%| O|  |TAMS 0x0000000781800000| PB 0x0000000782000000| Untracked 
|1796|0x0000000782000000, 0x0000000782800000, 0x0000000782800000|100%| O|  |TAMS 0x0000000782000000| PB 0x0000000782800000| Untracked 
|1797|0x0000000782800000, 0x0000000783000000, 0x0000000783000000|100%| O|  |TAMS 0x0000000782800000| PB 0x0000000783000000| Untracked 
|1798|0x0000000783000000, 0x0000000783800000, 0x0000000783800000|100%| O|  |TAMS 0x0000000783000000| PB 0x0000000783800000| Untracked 
|1799|0x0000000783800000, 0x0000000784000000, 0x0000000784000000|100%| O|  |TAMS 0x0000000783800000| PB 0x0000000784000000| Untracked 
|1800|0x0000000784000000, 0x0000000784800000, 0x0000000784800000|100%| O|  |TAMS 0x0000000784000000| PB 0x0000000784800000| Untracked 
|1801|0x0000000784800000, 0x0000000785000000, 0x0000000785000000|100%| O|  |TAMS 0x0000000784800000| PB 0x0000000785000000| Untracked 
|1802|0x0000000785000000, 0x0000000785800000, 0x0000000785800000|100%| O|  |TAMS 0x0000000785000000| PB 0x0000000785800000| Untracked 
|1803|0x0000000785800000, 0x0000000786000000, 0x0000000786000000|100%| O|  |TAMS 0x0000000785800000| PB 0x0000000786000000| Untracked 
|1804|0x0000000786000000, 0x0000000786800000, 0x0000000786800000|100%| O|  |TAMS 0x0000000786000000| PB 0x0000000786800000| Untracked 
|1805|0x0000000786800000, 0x0000000787000000, 0x0000000787000000|100%| O|  |TAMS 0x0000000786800000| PB 0x0000000787000000| Untracked 
|1806|0x0000000787000000, 0x0000000787800000, 0x0000000787800000|100%| O|  |TAMS 0x0000000787000000| PB 0x0000000787800000| Untracked 
|1807|0x0000000787800000, 0x0000000788000000, 0x0000000788000000|100%| O|  |TAMS 0x0000000787800000| PB 0x0000000788000000| Untracked 
|1808|0x0000000788000000, 0x0000000788800000, 0x0000000788800000|100%| O|  |TAMS 0x0000000788000000| PB 0x0000000788800000| Untracked 
|1809|0x0000000788800000, 0x0000000789000000, 0x0000000789000000|100%| O|  |TAMS 0x0000000788800000| PB 0x0000000789000000| Untracked 
|1810|0x0000000789000000, 0x0000000789800000, 0x0000000789800000|100%| O|  |TAMS 0x0000000789000000| PB 0x0000000789800000| Untracked 
|1811|0x0000000789800000, 0x000000078a000000, 0x000000078a000000|100%| O|  |TAMS 0x0000000789800000| PB 0x000000078a000000| Untracked 
|1812|0x000000078a000000, 0x000000078a800000, 0x000000078a800000|100%| O|  |TAMS 0x000000078a000000| PB 0x000000078a800000| Untracked 
|1813|0x000000078a800000, 0x000000078b000000, 0x000000078b000000|100%| O|  |TAMS 0x000000078a800000| PB 0x000000078b000000| Untracked 
|1814|0x000000078b000000, 0x000000078b800000, 0x000000078b800000|100%| O|  |TAMS 0x000000078b000000| PB 0x000000078b800000| Untracked 
|1815|0x000000078b800000, 0x000000078c000000, 0x000000078c000000|100%| O|  |TAMS 0x000000078b800000| PB 0x000000078c000000| Untracked 
|1816|0x000000078c000000, 0x000000078c800000, 0x000000078c800000|100%| O|  |TAMS 0x000000078c000000| PB 0x000000078c800000| Untracked 
|1817|0x000000078c800000, 0x000000078d000000, 0x000000078d000000|100%| O|  |TAMS 0x000000078c800000| PB 0x000000078d000000| Untracked 
|1818|0x000000078d000000, 0x000000078d800000, 0x000000078d800000|100%| O|  |TAMS 0x000000078d000000| PB 0x000000078d800000| Untracked 
|1819|0x000000078d800000, 0x000000078e000000, 0x000000078e000000|100%| O|  |TAMS 0x000000078d800000| PB 0x000000078e000000| Untracked 
|1820|0x000000078e000000, 0x000000078e800000, 0x000000078e800000|100%| O|  |TAMS 0x000000078e000000| PB 0x000000078e800000| Untracked 
|1821|0x000000078e800000, 0x000000078f000000, 0x000000078f000000|100%| O|  |TAMS 0x000000078e800000| PB 0x000000078f000000| Untracked 
|1822|0x000000078f000000, 0x000000078f800000, 0x000000078f800000|100%| O|  |TAMS 0x000000078f000000| PB 0x000000078f800000| Untracked 
|1823|0x000000078f800000, 0x0000000790000000, 0x0000000790000000|100%| O|  |TAMS 0x000000078f800000| PB 0x0000000790000000| Untracked 
|1824|0x0000000790000000, 0x0000000790800000, 0x0000000790800000|100%| O|  |TAMS 0x0000000790000000| PB 0x0000000790800000| Untracked 
|1825|0x0000000790800000, 0x0000000791000000, 0x0000000791000000|100%| O|  |TAMS 0x0000000790800000| PB 0x0000000791000000| Untracked 
|1826|0x0000000791000000, 0x0000000791800000, 0x0000000791800000|100%| O|  |TAMS 0x0000000791000000| PB 0x0000000791800000| Untracked 
|1827|0x0000000791800000, 0x0000000792000000, 0x0000000792000000|100%| O|  |TAMS 0x0000000791800000| PB 0x0000000792000000| Untracked 
|1828|0x0000000792000000, 0x0000000792800000, 0x0000000792800000|100%| O|  |TAMS 0x0000000792000000| PB 0x0000000792800000| Untracked 
|1829|0x0000000792800000, 0x0000000793000000, 0x0000000793000000|100%| O|  |TAMS 0x0000000792800000| PB 0x0000000793000000| Untracked 
|1830|0x0000000793000000, 0x0000000793800000, 0x0000000793800000|100%| O|  |TAMS 0x0000000793000000| PB 0x0000000793800000| Untracked 
|1831|0x0000000793800000, 0x0000000794000000, 0x0000000794000000|100%| O|  |TAMS 0x0000000793800000| PB 0x0000000794000000| Untracked 
|1832|0x0000000794000000, 0x0000000794800000, 0x0000000794800000|100%| O|  |TAMS 0x0000000794000000| PB 0x0000000794800000| Untracked 
|1833|0x0000000794800000, 0x0000000795000000, 0x0000000795000000|100%| O|  |TAMS 0x0000000794800000| PB 0x0000000795000000| Untracked 
|1834|0x0000000795000000, 0x0000000795800000, 0x0000000795800000|100%| O|  |TAMS 0x0000000795000000| PB 0x0000000795800000| Untracked 
|1835|0x0000000795800000, 0x0000000796000000, 0x0000000796000000|100%| O|  |TAMS 0x0000000795800000| PB 0x0000000796000000| Untracked 
|1836|0x0000000796000000, 0x0000000796800000, 0x0000000796800000|100%| O|  |TAMS 0x0000000796000000| PB 0x0000000796800000| Untracked 
|1837|0x0000000796800000, 0x0000000797000000, 0x0000000797000000|100%| O|  |TAMS 0x0000000796800000| PB 0x0000000797000000| Untracked 
|1838|0x0000000797000000, 0x0000000797800000, 0x0000000797800000|100%| O|  |TAMS 0x0000000797000000| PB 0x0000000797800000| Untracked 
|1839|0x0000000797800000, 0x0000000798000000, 0x0000000798000000|100%| O|  |TAMS 0x0000000797800000| PB 0x0000000798000000| Untracked 
|1840|0x0000000798000000, 0x0000000798800000, 0x0000000798800000|100%| O|  |TAMS 0x0000000798000000| PB 0x0000000798800000| Untracked 
|1841|0x0000000798800000, 0x0000000799000000, 0x0000000799000000|100%| O|  |TAMS 0x0000000798800000| PB 0x0000000799000000| Untracked 
|1842|0x0000000799000000, 0x0000000799800000, 0x0000000799800000|100%| O|  |TAMS 0x0000000799000000| PB 0x0000000799800000| Untracked 
|1843|0x0000000799800000, 0x000000079a000000, 0x000000079a000000|100%| O|  |TAMS 0x0000000799800000| PB 0x000000079a000000| Untracked 
|1844|0x000000079a000000, 0x000000079a800000, 0x000000079a800000|100%| O|  |TAMS 0x000000079a000000| PB 0x000000079a800000| Untracked 
|1845|0x000000079a800000, 0x000000079b000000, 0x000000079b000000|100%| O|  |TAMS 0x000000079a800000| PB 0x000000079b000000| Untracked 
|1846|0x000000079b000000, 0x000000079b800000, 0x000000079b800000|100%| O|  |TAMS 0x000000079b000000| PB 0x000000079b800000| Untracked 
|1847|0x000000079b800000, 0x000000079c000000, 0x000000079c000000|100%| O|  |TAMS 0x000000079b800000| PB 0x000000079c000000| Untracked 
|1848|0x000000079c000000, 0x000000079c800000, 0x000000079c800000|100%| O|  |TAMS 0x000000079c000000| PB 0x000000079c800000| Untracked 
|1849|0x000000079c800000, 0x000000079d000000, 0x000000079d000000|100%| O|  |TAMS 0x000000079c800000| PB 0x000000079d000000| Untracked 
|1850|0x000000079d000000, 0x000000079d800000, 0x000000079d800000|100%| O|  |TAMS 0x000000079d000000| PB 0x000000079d800000| Untracked 
|1851|0x000000079d800000, 0x000000079e000000, 0x000000079e000000|100%| O|  |TAMS 0x000000079d800000| PB 0x000000079e000000| Untracked 
|1852|0x000000079e000000, 0x000000079e800000, 0x000000079e800000|100%| O|  |TAMS 0x000000079e000000| PB 0x000000079e800000| Untracked 
|1853|0x000000079e800000, 0x000000079f000000, 0x000000079f000000|100%| O|  |TAMS 0x000000079e800000| PB 0x000000079f000000| Untracked 
|1854|0x000000079f000000, 0x000000079f800000, 0x000000079f800000|100%| O|  |TAMS 0x000000079f000000| PB 0x000000079f800000| Untracked 
|1855|0x000000079f800000, 0x00000007a0000000, 0x00000007a0000000|100%| O|  |TAMS 0x000000079f800000| PB 0x00000007a0000000| Untracked 
|1856|0x00000007a0000000, 0x00000007a0800000, 0x00000007a0800000|100%| O|  |TAMS 0x00000007a0000000| PB 0x00000007a0800000| Untracked 
|1857|0x00000007a0800000, 0x00000007a1000000, 0x00000007a1000000|100%| O|  |TAMS 0x00000007a0800000| PB 0x00000007a1000000| Untracked 
|1858|0x00000007a1000000, 0x00000007a1800000, 0x00000007a1800000|100%| O|  |TAMS 0x00000007a1000000| PB 0x00000007a1800000| Untracked 
|1859|0x00000007a1800000, 0x00000007a2000000, 0x00000007a2000000|100%| O|  |TAMS 0x00000007a1800000| PB 0x00000007a2000000| Untracked 
|1860|0x00000007a2000000, 0x00000007a2800000, 0x00000007a2800000|100%| O|  |TAMS 0x00000007a2000000| PB 0x00000007a2800000| Untracked 
|1861|0x00000007a2800000, 0x00000007a3000000, 0x00000007a3000000|100%| O|  |TAMS 0x00000007a2800000| PB 0x00000007a3000000| Untracked 
|1862|0x00000007a3000000, 0x00000007a3800000, 0x00000007a3800000|100%| O|  |TAMS 0x00000007a3000000| PB 0x00000007a3800000| Untracked 
|1863|0x00000007a3800000, 0x00000007a4000000, 0x00000007a4000000|100%| O|  |TAMS 0x00000007a3800000| PB 0x00000007a4000000| Untracked 
|1864|0x00000007a4000000, 0x00000007a4800000, 0x00000007a4800000|100%| O|  |TAMS 0x00000007a4000000| PB 0x00000007a4800000| Untracked 
|1865|0x00000007a4800000, 0x00000007a5000000, 0x00000007a5000000|100%| O|  |TAMS 0x00000007a4800000| PB 0x00000007a5000000| Untracked 
|1866|0x00000007a5000000, 0x00000007a5800000, 0x00000007a5800000|100%| O|  |TAMS 0x00000007a5000000| PB 0x00000007a5800000| Untracked 
|1867|0x00000007a5800000, 0x00000007a6000000, 0x00000007a6000000|100%| O|  |TAMS 0x00000007a5800000| PB 0x00000007a6000000| Untracked 
|1868|0x00000007a6000000, 0x00000007a6800000, 0x00000007a6800000|100%| O|  |TAMS 0x00000007a6000000| PB 0x00000007a6800000| Untracked 
|1869|0x00000007a6800000, 0x00000007a7000000, 0x00000007a7000000|100%| O|  |TAMS 0x00000007a6800000| PB 0x00000007a7000000| Untracked 
|1870|0x00000007a7000000, 0x00000007a7800000, 0x00000007a7800000|100%| O|  |TAMS 0x00000007a7000000| PB 0x00000007a7800000| Untracked 
|1871|0x00000007a7800000, 0x00000007a8000000, 0x00000007a8000000|100%| O|  |TAMS 0x00000007a7800000| PB 0x00000007a8000000| Untracked 
|1872|0x00000007a8000000, 0x00000007a8800000, 0x00000007a8800000|100%| O|  |TAMS 0x00000007a8000000| PB 0x00000007a8800000| Untracked 
|1873|0x00000007a8800000, 0x00000007a9000000, 0x00000007a9000000|100%| O|  |TAMS 0x00000007a8800000| PB 0x00000007a9000000| Untracked 
|1874|0x00000007a9000000, 0x00000007a9800000, 0x00000007a9800000|100%| O|  |TAMS 0x00000007a9000000| PB 0x00000007a9800000| Untracked 
|1875|0x00000007a9800000, 0x00000007aa000000, 0x00000007aa000000|100%| O|  |TAMS 0x00000007a9800000| PB 0x00000007aa000000| Untracked 
|1876|0x00000007aa000000, 0x00000007aa800000, 0x00000007aa800000|100%| O|  |TAMS 0x00000007aa000000| PB 0x00000007aa800000| Untracked 
|1877|0x00000007aa800000, 0x00000007ab000000, 0x00000007ab000000|100%| O|  |TAMS 0x00000007aa800000| PB 0x00000007ab000000| Untracked 
|1878|0x00000007ab000000, 0x00000007ab800000, 0x00000007ab800000|100%| O|  |TAMS 0x00000007ab000000| PB 0x00000007ab800000| Untracked 
|1879|0x00000007ab800000, 0x00000007ac000000, 0x00000007ac000000|100%| O|  |TAMS 0x00000007ab800000| PB 0x00000007ac000000| Untracked 
|1880|0x00000007ac000000, 0x00000007ac800000, 0x00000007ac800000|100%| O|  |TAMS 0x00000007ac000000| PB 0x00000007ac800000| Untracked 
|1881|0x00000007ac800000, 0x00000007ad000000, 0x00000007ad000000|100%| O|  |TAMS 0x00000007ac800000| PB 0x00000007ad000000| Untracked 
|1882|0x00000007ad000000, 0x00000007ad800000, 0x00000007ad800000|100%| O|  |TAMS 0x00000007ad000000| PB 0x00000007ad800000| Untracked 
|1883|0x00000007ad800000, 0x00000007ae000000, 0x00000007ae000000|100%| O|  |TAMS 0x00000007ad800000| PB 0x00000007ae000000| Untracked 
|1884|0x00000007ae000000, 0x00000007ae800000, 0x00000007ae800000|100%| O|  |TAMS 0x00000007ae000000| PB 0x00000007ae800000| Untracked 
|1885|0x00000007ae800000, 0x00000007af000000, 0x00000007af000000|100%| O|  |TAMS 0x00000007ae800000| PB 0x00000007af000000| Untracked 
|1886|0x00000007af000000, 0x00000007af800000, 0x00000007af800000|100%| O|  |TAMS 0x00000007af000000| PB 0x00000007af800000| Untracked 
|1887|0x00000007af800000, 0x00000007b0000000, 0x00000007b0000000|100%| O|  |TAMS 0x00000007af800000| PB 0x00000007b0000000| Untracked 
|1888|0x00000007b0000000, 0x00000007b0800000, 0x00000007b0800000|100%| O|  |TAMS 0x00000007b0000000| PB 0x00000007b0800000| Untracked 
|1889|0x00000007b0800000, 0x00000007b1000000, 0x00000007b1000000|100%| O|  |TAMS 0x00000007b0800000| PB 0x00000007b1000000| Untracked 
|1890|0x00000007b1000000, 0x00000007b1800000, 0x00000007b1800000|100%| O|  |TAMS 0x00000007b1000000| PB 0x00000007b1800000| Untracked 
|1891|0x00000007b1800000, 0x00000007b2000000, 0x00000007b2000000|100%| O|  |TAMS 0x00000007b1800000| PB 0x00000007b2000000| Untracked 
|1892|0x00000007b2000000, 0x00000007b2800000, 0x00000007b2800000|100%| O|  |TAMS 0x00000007b2000000| PB 0x00000007b2800000| Untracked 
|1893|0x00000007b2800000, 0x00000007b3000000, 0x00000007b3000000|100%| O|  |TAMS 0x00000007b2800000| PB 0x00000007b3000000| Untracked 
|1894|0x00000007b3000000, 0x00000007b3800000, 0x00000007b3800000|100%| O|  |TAMS 0x00000007b3000000| PB 0x00000007b3800000| Untracked 
|1895|0x00000007b3800000, 0x00000007b4000000, 0x00000007b4000000|100%| O|  |TAMS 0x00000007b3800000| PB 0x00000007b4000000| Untracked 
|1896|0x00000007b4000000, 0x00000007b4800000, 0x00000007b4800000|100%| O|  |TAMS 0x00000007b4000000| PB 0x00000007b4800000| Untracked 
|1897|0x00000007b4800000, 0x00000007b5000000, 0x00000007b5000000|100%| O|  |TAMS 0x00000007b4800000| PB 0x00000007b5000000| Untracked 
|1898|0x00000007b5000000, 0x00000007b5800000, 0x00000007b5800000|100%| O|  |TAMS 0x00000007b5000000| PB 0x00000007b5800000| Untracked 
|1899|0x00000007b5800000, 0x00000007b6000000, 0x00000007b6000000|100%| O|  |TAMS 0x00000007b5800000| PB 0x00000007b6000000| Untracked 
|1900|0x00000007b6000000, 0x00000007b6800000, 0x00000007b6800000|100%| O|  |TAMS 0x00000007b6000000| PB 0x00000007b6800000| Untracked 
|1901|0x00000007b6800000, 0x00000007b7000000, 0x00000007b7000000|100%| O|  |TAMS 0x00000007b6800000| PB 0x00000007b7000000| Untracked 
|1902|0x00000007b7000000, 0x00000007b7800000, 0x00000007b7800000|100%| O|  |TAMS 0x00000007b7000000| PB 0x00000007b7800000| Untracked 
|1903|0x00000007b7800000, 0x00000007b8000000, 0x00000007b8000000|100%| O|  |TAMS 0x00000007b7800000| PB 0x00000007b8000000| Untracked 
|1904|0x00000007b8000000, 0x00000007b8800000, 0x00000007b8800000|100%| O|  |TAMS 0x00000007b8000000| PB 0x00000007b8800000| Untracked 
|1905|0x00000007b8800000, 0x00000007b9000000, 0x00000007b9000000|100%| O|  |TAMS 0x00000007b8800000| PB 0x00000007b9000000| Untracked 
|1906|0x00000007b9000000, 0x00000007b9800000, 0x00000007b9800000|100%| O|  |TAMS 0x00000007b9000000| PB 0x00000007b9800000| Untracked 
|1907|0x00000007b9800000, 0x00000007ba000000, 0x00000007ba000000|100%| O|  |TAMS 0x00000007b9800000| PB 0x00000007ba000000| Untracked 
|1908|0x00000007ba000000, 0x00000007ba800000, 0x00000007ba800000|100%| O|  |TAMS 0x00000007ba000000| PB 0x00000007ba800000| Untracked 
|1909|0x00000007ba800000, 0x00000007bb000000, 0x00000007bb000000|100%| O|  |TAMS 0x00000007ba800000| PB 0x00000007bb000000| Untracked 
|1910|0x00000007bb000000, 0x00000007bb800000, 0x00000007bb800000|100%| O|  |TAMS 0x00000007bb000000| PB 0x00000007bb800000| Untracked 
|1911|0x00000007bb800000, 0x00000007bc000000, 0x00000007bc000000|100%| O|  |TAMS 0x00000007bb800000| PB 0x00000007bc000000| Untracked 
|1912|0x00000007bc000000, 0x00000007bc800000, 0x00000007bc800000|100%| O|  |TAMS 0x00000007bc000000| PB 0x00000007bc800000| Untracked 
|1913|0x00000007bc800000, 0x00000007bd000000, 0x00000007bd000000|100%| O|  |TAMS 0x00000007bc800000| PB 0x00000007bd000000| Untracked 
|1914|0x00000007bd000000, 0x00000007bd800000, 0x00000007bd800000|100%| O|  |TAMS 0x00000007bd000000| PB 0x00000007bd800000| Untracked 
|1915|0x00000007bd800000, 0x00000007be000000, 0x00000007be000000|100%| O|  |TAMS 0x00000007bd800000| PB 0x00000007be000000| Untracked 
|1916|0x00000007be000000, 0x00000007be800000, 0x00000007be800000|100%| O|  |TAMS 0x00000007be000000| PB 0x00000007be800000| Untracked 
|1917|0x00000007be800000, 0x00000007bf000000, 0x00000007bf000000|100%| O|  |TAMS 0x00000007be800000| PB 0x00000007bf000000| Untracked 
|1918|0x00000007bf000000, 0x00000007bf800000, 0x00000007bf800000|100%| O|  |TAMS 0x00000007bf000000| PB 0x00000007bf800000| Untracked 
|1919|0x00000007bf800000, 0x00000007c0000000, 0x00000007c0000000|100%| O|  |TAMS 0x00000007bf800000| PB 0x00000007c0000000| Untracked 
|1920|0x00000007c0000000, 0x00000007c0800000, 0x00000007c0800000|100%| O|  |TAMS 0x00000007c0000000| PB 0x00000007c0800000| Untracked 
|1921|0x00000007c0800000, 0x00000007c1000000, 0x00000007c1000000|100%| O|  |TAMS 0x00000007c0800000| PB 0x00000007c1000000| Untracked 
|1922|0x00000007c1000000, 0x00000007c1800000, 0x00000007c1800000|100%| O|  |TAMS 0x00000007c1000000| PB 0x00000007c1800000| Untracked 
|1923|0x00000007c1800000, 0x00000007c2000000, 0x00000007c2000000|100%| O|  |TAMS 0x00000007c1800000| PB 0x00000007c2000000| Untracked 
|1924|0x00000007c2000000, 0x00000007c2800000, 0x00000007c2800000|100%| O|  |TAMS 0x00000007c2000000| PB 0x00000007c2800000| Untracked 
|1925|0x00000007c2800000, 0x00000007c3000000, 0x00000007c3000000|100%| O|  |TAMS 0x00000007c2800000| PB 0x00000007c3000000| Untracked 
|1926|0x00000007c3000000, 0x00000007c3800000, 0x00000007c3800000|100%| O|  |TAMS 0x00000007c3000000| PB 0x00000007c3800000| Untracked 
|1927|0x00000007c3800000, 0x00000007c4000000, 0x00000007c4000000|100%| O|  |TAMS 0x00000007c3800000| PB 0x00000007c4000000| Untracked 
|1928|0x00000007c4000000, 0x00000007c4800000, 0x00000007c4800000|100%| O|  |TAMS 0x00000007c4000000| PB 0x00000007c4800000| Untracked 
|1929|0x00000007c4800000, 0x00000007c5000000, 0x00000007c5000000|100%| O|  |TAMS 0x00000007c4800000| PB 0x00000007c5000000| Untracked 
|1930|0x00000007c5000000, 0x00000007c5800000, 0x00000007c5800000|100%| O|  |TAMS 0x00000007c5000000| PB 0x00000007c5800000| Untracked 
|1931|0x00000007c5800000, 0x00000007c6000000, 0x00000007c6000000|100%| O|  |TAMS 0x00000007c5800000| PB 0x00000007c6000000| Untracked 
|1932|0x00000007c6000000, 0x00000007c6800000, 0x00000007c6800000|100%| O|  |TAMS 0x00000007c6000000| PB 0x00000007c6800000| Untracked 
|1933|0x00000007c6800000, 0x00000007c7000000, 0x00000007c7000000|100%| O|  |TAMS 0x00000007c6800000| PB 0x00000007c7000000| Untracked 
|1934|0x00000007c7000000, 0x00000007c7800000, 0x00000007c7800000|100%| O|  |TAMS 0x00000007c7000000| PB 0x00000007c7800000| Untracked 
|1935|0x00000007c7800000, 0x00000007c8000000, 0x00000007c8000000|100%| O|  |TAMS 0x00000007c7800000| PB 0x00000007c8000000| Untracked 
|1936|0x00000007c8000000, 0x00000007c8800000, 0x00000007c8800000|100%| O|  |TAMS 0x00000007c8000000| PB 0x00000007c8800000| Untracked 
|1937|0x00000007c8800000, 0x00000007c9000000, 0x00000007c9000000|100%| O|  |TAMS 0x00000007c8800000| PB 0x00000007c9000000| Untracked 
|1938|0x00000007c9000000, 0x00000007c9800000, 0x00000007c9800000|100%| O|  |TAMS 0x00000007c9000000| PB 0x00000007c9800000| Untracked 
|1939|0x00000007c9800000, 0x00000007ca000000, 0x00000007ca000000|100%| O|  |TAMS 0x00000007c9800000| PB 0x00000007ca000000| Untracked 
|1940|0x00000007ca000000, 0x00000007ca800000, 0x00000007ca800000|100%| O|  |TAMS 0x00000007ca000000| PB 0x00000007ca800000| Untracked 
|1941|0x00000007ca800000, 0x00000007cb000000, 0x00000007cb000000|100%| O|  |TAMS 0x00000007ca800000| PB 0x00000007cb000000| Untracked 
|1942|0x00000007cb000000, 0x00000007cb800000, 0x00000007cb800000|100%| O|  |TAMS 0x00000007cb000000| PB 0x00000007cb800000| Untracked 
|1943|0x00000007cb800000, 0x00000007cc000000, 0x00000007cc000000|100%| O|  |TAMS 0x00000007cb800000| PB 0x00000007cc000000| Untracked 
|1944|0x00000007cc000000, 0x00000007cc800000, 0x00000007cc800000|100%| O|  |TAMS 0x00000007cc000000| PB 0x00000007cc800000| Untracked 
|1945|0x00000007cc800000, 0x00000007cd000000, 0x00000007cd000000|100%| O|  |TAMS 0x00000007cc800000| PB 0x00000007cd000000| Untracked 
|1946|0x00000007cd000000, 0x00000007cd800000, 0x00000007cd800000|100%| O|  |TAMS 0x00000007cd000000| PB 0x00000007cd800000| Untracked 
|1947|0x00000007cd800000, 0x00000007ce000000, 0x00000007ce000000|100%| O|  |TAMS 0x00000007cd800000| PB 0x00000007ce000000| Untracked 
|1948|0x00000007ce000000, 0x00000007ce800000, 0x00000007ce800000|100%| O|  |TAMS 0x00000007ce000000| PB 0x00000007ce800000| Untracked 
|1949|0x00000007ce800000, 0x00000007cf000000, 0x00000007cf000000|100%| O|  |TAMS 0x00000007ce800000| PB 0x00000007cf000000| Untracked 
|1950|0x00000007cf000000, 0x00000007cf800000, 0x00000007cf800000|100%| O|  |TAMS 0x00000007cf000000| PB 0x00000007cf800000| Untracked 
|1951|0x00000007cf800000, 0x00000007d0000000, 0x00000007d0000000|100%| O|  |TAMS 0x00000007cf800000| PB 0x00000007d0000000| Untracked 
|1952|0x00000007d0000000, 0x00000007d0800000, 0x00000007d0800000|100%| O|  |TAMS 0x00000007d0000000| PB 0x00000007d0800000| Untracked 
|1953|0x00000007d0800000, 0x00000007d1000000, 0x00000007d1000000|100%| O|  |TAMS 0x00000007d0800000| PB 0x00000007d1000000| Untracked 
|1954|0x00000007d1000000, 0x00000007d1800000, 0x00000007d1800000|100%| O|  |TAMS 0x00000007d1000000| PB 0x00000007d1800000| Untracked 
|1955|0x00000007d1800000, 0x00000007d2000000, 0x00000007d2000000|100%| O|  |TAMS 0x00000007d1800000| PB 0x00000007d2000000| Untracked 
|1956|0x00000007d2000000, 0x00000007d2800000, 0x00000007d2800000|100%| O|  |TAMS 0x00000007d2000000| PB 0x00000007d2800000| Untracked 
|1957|0x00000007d2800000, 0x00000007d3000000, 0x00000007d3000000|100%| O|  |TAMS 0x00000007d2800000| PB 0x00000007d3000000| Untracked 
|1958|0x00000007d3000000, 0x00000007d3800000, 0x00000007d3800000|100%| O|  |TAMS 0x00000007d3000000| PB 0x00000007d3800000| Untracked 
|1959|0x00000007d3800000, 0x00000007d4000000, 0x00000007d4000000|100%| O|  |TAMS 0x00000007d3800000| PB 0x00000007d4000000| Untracked 
|1960|0x00000007d4000000, 0x00000007d4800000, 0x00000007d4800000|100%| O|  |TAMS 0x00000007d4000000| PB 0x00000007d4800000| Untracked 
|1961|0x00000007d4800000, 0x00000007d5000000, 0x00000007d5000000|100%| O|  |TAMS 0x00000007d4800000| PB 0x00000007d5000000| Untracked 
|1962|0x00000007d5000000, 0x00000007d5800000, 0x00000007d5800000|100%| O|  |TAMS 0x00000007d5000000| PB 0x00000007d5800000| Untracked 
|1963|0x00000007d5800000, 0x00000007d6000000, 0x00000007d6000000|100%| O|  |TAMS 0x00000007d5800000| PB 0x00000007d6000000| Untracked 
|1964|0x00000007d6000000, 0x00000007d6800000, 0x00000007d6800000|100%| O|  |TAMS 0x00000007d6000000| PB 0x00000007d6800000| Untracked 
|1965|0x00000007d6800000, 0x00000007d7000000, 0x00000007d7000000|100%| O|  |TAMS 0x00000007d6800000| PB 0x00000007d7000000| Untracked 
|1966|0x00000007d7000000, 0x00000007d7800000, 0x00000007d7800000|100%| O|  |TAMS 0x00000007d7000000| PB 0x00000007d7800000| Untracked 
|1967|0x00000007d7800000, 0x00000007d8000000, 0x00000007d8000000|100%| O|  |TAMS 0x00000007d7800000| PB 0x00000007d8000000| Untracked 
|1968|0x00000007d8000000, 0x00000007d8800000, 0x00000007d8800000|100%| O|  |TAMS 0x00000007d8000000| PB 0x00000007d8800000| Untracked 
|1969|0x00000007d8800000, 0x00000007d9000000, 0x00000007d9000000|100%| O|  |TAMS 0x00000007d8800000| PB 0x00000007d9000000| Untracked 
|1970|0x00000007d9000000, 0x00000007d9800000, 0x00000007d9800000|100%| O|  |TAMS 0x00000007d9000000| PB 0x00000007d9800000| Untracked 
|1971|0x00000007d9800000, 0x00000007da000000, 0x00000007da000000|100%| O|  |TAMS 0x00000007d9800000| PB 0x00000007da000000| Untracked 
|1972|0x00000007da000000, 0x00000007da800000, 0x00000007da800000|100%| O|  |TAMS 0x00000007da000000| PB 0x00000007da800000| Untracked 
|1973|0x00000007da800000, 0x00000007db000000, 0x00000007db000000|100%| O|  |TAMS 0x00000007da800000| PB 0x00000007db000000| Untracked 
|1974|0x00000007db000000, 0x00000007db800000, 0x00000007db800000|100%| O|  |TAMS 0x00000007db000000| PB 0x00000007db800000| Untracked 
|1975|0x00000007db800000, 0x00000007dc000000, 0x00000007dc000000|100%| O|  |TAMS 0x00000007db800000| PB 0x00000007dc000000| Untracked 
|1976|0x00000007dc000000, 0x00000007dc800000, 0x00000007dc800000|100%| O|  |TAMS 0x00000007dc000000| PB 0x00000007dc800000| Untracked 
|1977|0x00000007dc800000, 0x00000007dd000000, 0x00000007dd000000|100%| O|  |TAMS 0x00000007dc800000| PB 0x00000007dd000000| Untracked 
|1978|0x00000007dd000000, 0x00000007dd800000, 0x00000007dd800000|100%| O|  |TAMS 0x00000007dd000000| PB 0x00000007dd800000| Untracked 
|1979|0x00000007dd800000, 0x00000007de000000, 0x00000007de000000|100%| O|  |TAMS 0x00000007dd800000| PB 0x00000007de000000| Untracked 
|1980|0x00000007de000000, 0x00000007de800000, 0x00000007de800000|100%| O|  |TAMS 0x00000007de000000| PB 0x00000007de800000| Untracked 
|1981|0x00000007de800000, 0x00000007df000000, 0x00000007df000000|100%| O|  |TAMS 0x00000007de800000| PB 0x00000007df000000| Untracked 
|1982|0x00000007df000000, 0x00000007df800000, 0x00000007df800000|100%| O|  |TAMS 0x00000007df000000| PB 0x00000007df800000| Untracked 
|1983|0x00000007df800000, 0x00000007e0000000, 0x00000007e0000000|100%| O|  |TAMS 0x00000007df800000| PB 0x00000007e0000000| Untracked 
|1984|0x00000007e0000000, 0x00000007e0800000, 0x00000007e0800000|100%| O|  |TAMS 0x00000007e0000000| PB 0x00000007e0800000| Untracked 
|1985|0x00000007e0800000, 0x00000007e1000000, 0x00000007e1000000|100%| O|  |TAMS 0x00000007e0800000| PB 0x00000007e1000000| Untracked 
|1986|0x00000007e1000000, 0x00000007e1800000, 0x00000007e1800000|100%| O|  |TAMS 0x00000007e1000000| PB 0x00000007e1800000| Untracked 
|1987|0x00000007e1800000, 0x00000007e2000000, 0x00000007e2000000|100%| O|  |TAMS 0x00000007e1800000| PB 0x00000007e2000000| Untracked 
|1988|0x00000007e2000000, 0x00000007e2800000, 0x00000007e2800000|100%| O|  |TAMS 0x00000007e2000000| PB 0x00000007e2800000| Untracked 
|1989|0x00000007e2800000, 0x00000007e3000000, 0x00000007e3000000|100%| O|  |TAMS 0x00000007e2800000| PB 0x00000007e3000000| Untracked 
|1990|0x00000007e3000000, 0x00000007e3800000, 0x00000007e3800000|100%| O|  |TAMS 0x00000007e3000000| PB 0x00000007e3800000| Untracked 
|1991|0x00000007e3800000, 0x00000007e4000000, 0x00000007e4000000|100%| O|  |TAMS 0x00000007e3800000| PB 0x00000007e4000000| Untracked 
|1992|0x00000007e4000000, 0x00000007e4800000, 0x00000007e4800000|100%| O|  |TAMS 0x00000007e4000000| PB 0x00000007e4800000| Untracked 
|1993|0x00000007e4800000, 0x00000007e5000000, 0x00000007e5000000|100%| O|  |TAMS 0x00000007e4800000| PB 0x00000007e5000000| Untracked 
|1994|0x00000007e5000000, 0x00000007e5800000, 0x00000007e5800000|100%| O|  |TAMS 0x00000007e5000000| PB 0x00000007e5800000| Untracked 
|1995|0x00000007e5800000, 0x00000007e6000000, 0x00000007e6000000|100%| O|  |TAMS 0x00000007e5800000| PB 0x00000007e6000000| Untracked 
|1996|0x00000007e6000000, 0x00000007e6800000, 0x00000007e6800000|100%| O|  |TAMS 0x00000007e6000000| PB 0x00000007e6800000| Untracked 
|1997|0x00000007e6800000, 0x00000007e7000000, 0x00000007e7000000|100%| O|  |TAMS 0x00000007e6800000| PB 0x00000007e7000000| Untracked 
|1998|0x00000007e7000000, 0x00000007e7800000, 0x00000007e7800000|100%| O|  |TAMS 0x00000007e7000000| PB 0x00000007e7800000| Untracked 
|1999|0x00000007e7800000, 0x00000007e8000000, 0x00000007e8000000|100%| O|  |TAMS 0x00000007e7800000| PB 0x00000007e8000000| Untracked 
|2000|0x00000007e8000000, 0x00000007e8800000, 0x00000007e8800000|100%| O|  |TAMS 0x00000007e8000000| PB 0x00000007e8800000| Untracked 
|2001|0x00000007e8800000, 0x00000007e9000000, 0x00000007e9000000|100%| O|  |TAMS 0x00000007e8800000| PB 0x00000007e9000000| Untracked 
|2002|0x00000007e9000000, 0x00000007e9800000, 0x00000007e9800000|100%| O|  |TAMS 0x00000007e9000000| PB 0x00000007e9800000| Untracked 
|2003|0x00000007e9800000, 0x00000007ea000000, 0x00000007ea000000|100%| O|  |TAMS 0x00000007e9800000| PB 0x00000007ea000000| Untracked 
|2004|0x00000007ea000000, 0x00000007ea800000, 0x00000007ea800000|100%| O|  |TAMS 0x00000007ea000000| PB 0x00000007ea800000| Untracked 
|2005|0x00000007ea800000, 0x00000007eb000000, 0x00000007eb000000|100%| O|  |TAMS 0x00000007ea800000| PB 0x00000007eb000000| Untracked 
|2006|0x00000007eb000000, 0x00000007eb800000, 0x00000007eb800000|100%| O|  |TAMS 0x00000007eb000000| PB 0x00000007eb800000| Untracked 
|2007|0x00000007eb800000, 0x00000007ec000000, 0x00000007ec000000|100%| O|  |TAMS 0x00000007eb800000| PB 0x00000007ec000000| Untracked 
|2008|0x00000007ec000000, 0x00000007ec800000, 0x00000007ec800000|100%| O|  |TAMS 0x00000007ec000000| PB 0x00000007ec800000| Untracked 
|2009|0x00000007ec800000, 0x00000007ed000000, 0x00000007ed000000|100%| O|  |TAMS 0x00000007ec800000| PB 0x00000007ed000000| Untracked 
|2010|0x00000007ed000000, 0x00000007ed800000, 0x00000007ed800000|100%| O|  |TAMS 0x00000007ed000000| PB 0x00000007ed800000| Untracked 
|2011|0x00000007ed800000, 0x00000007ee000000, 0x00000007ee000000|100%| O|  |TAMS 0x00000007ed800000| PB 0x00000007ee000000| Untracked 
|2012|0x00000007ee000000, 0x00000007ee800000, 0x00000007ee800000|100%| O|  |TAMS 0x00000007ee000000| PB 0x00000007ee800000| Untracked 
|2013|0x00000007ee800000, 0x00000007ef000000, 0x00000007ef000000|100%| O|  |TAMS 0x00000007ee800000| PB 0x00000007ef000000| Untracked 
|2014|0x00000007ef000000, 0x00000007ef800000, 0x00000007ef800000|100%| O|  |TAMS 0x00000007ef000000| PB 0x00000007ef800000| Untracked 
|2015|0x00000007ef800000, 0x00000007f0000000, 0x00000007f0000000|100%| O|  |TAMS 0x00000007ef800000| PB 0x00000007f0000000| Untracked 
|2016|0x00000007f0000000, 0x00000007f0800000, 0x00000007f0800000|100%| O|  |TAMS 0x00000007f0000000| PB 0x00000007f0800000| Untracked 
|2017|0x00000007f0800000, 0x00000007f1000000, 0x00000007f1000000|100%| O|  |TAMS 0x00000007f0800000| PB 0x00000007f1000000| Untracked 
|2018|0x00000007f1000000, 0x00000007f1800000, 0x00000007f1800000|100%| O|  |TAMS 0x00000007f1000000| PB 0x00000007f1800000| Untracked 
|2019|0x00000007f1800000, 0x00000007f2000000, 0x00000007f2000000|100%| O|  |TAMS 0x00000007f1800000| PB 0x00000007f2000000| Untracked 
|2020|0x00000007f2000000, 0x00000007f2800000, 0x00000007f2800000|100%| O|  |TAMS 0x00000007f2000000| PB 0x00000007f2800000| Untracked 
|2021|0x00000007f2800000, 0x00000007f3000000, 0x00000007f3000000|100%| O|  |TAMS 0x00000007f2800000| PB 0x00000007f3000000| Untracked 
|2022|0x00000007f3000000, 0x00000007f3800000, 0x00000007f3800000|100%| O|  |TAMS 0x00000007f3000000| PB 0x00000007f3800000| Untracked 
|2023|0x00000007f3800000, 0x00000007f4000000, 0x00000007f4000000|100%| O|  |TAMS 0x00000007f3800000| PB 0x00000007f4000000| Untracked 
|2024|0x00000007f4000000, 0x00000007f4800000, 0x00000007f4800000|100%| O|  |TAMS 0x00000007f4000000| PB 0x00000007f4800000| Untracked 
|2025|0x00000007f4800000, 0x00000007f5000000, 0x00000007f5000000|100%| O|  |TAMS 0x00000007f4800000| PB 0x00000007f5000000| Untracked 
|2026|0x00000007f5000000, 0x00000007f5800000, 0x00000007f5800000|100%| O|  |TAMS 0x00000007f5000000| PB 0x00000007f5800000| Untracked 
|2027|0x00000007f5800000, 0x00000007f6000000, 0x00000007f6000000|100%| O|  |TAMS 0x00000007f5800000| PB 0x00000007f6000000| Untracked 
|2028|0x00000007f6000000, 0x00000007f6800000, 0x00000007f6800000|100%| O|  |TAMS 0x00000007f6000000| PB 0x00000007f6800000| Untracked 
|2029|0x00000007f6800000, 0x00000007f7000000, 0x00000007f7000000|100%| O|  |TAMS 0x00000007f6800000| PB 0x00000007f7000000| Untracked 
|2030|0x00000007f7000000, 0x00000007f7800000, 0x00000007f7800000|100%| O|  |TAMS 0x00000007f7000000| PB 0x00000007f7800000| Untracked 
|2031|0x00000007f7800000, 0x00000007f8000000, 0x00000007f8000000|100%| O|  |TAMS 0x00000007f7800000| PB 0x00000007f8000000| Untracked 
|2032|0x00000007f8000000, 0x00000007f8800000, 0x00000007f8800000|100%| O|  |TAMS 0x00000007f8000000| PB 0x00000007f8800000| Untracked 
|2033|0x00000007f8800000, 0x00000007f9000000, 0x00000007f9000000|100%| O|  |TAMS 0x00000007f8800000| PB 0x00000007f9000000| Untracked 
|2034|0x00000007f9000000, 0x00000007f9800000, 0x00000007f9800000|100%| O|  |TAMS 0x00000007f9000000| PB 0x00000007f9800000| Untracked 
|2035|0x00000007f9800000, 0x00000007fa000000, 0x00000007fa000000|100%| O|  |TAMS 0x00000007f9800000| PB 0x00000007fa000000| Untracked 
|2036|0x00000007fa000000, 0x00000007fa800000, 0x00000007fa800000|100%| O|  |TAMS 0x00000007fa000000| PB 0x00000007fa800000| Untracked 
|2037|0x00000007fa800000, 0x00000007fb000000, 0x00000007fb000000|100%| O|  |TAMS 0x00000007fa800000| PB 0x00000007fb000000| Untracked 
|2038|0x00000007fb000000, 0x00000007fb800000, 0x00000007fb800000|100%| O|  |TAMS 0x00000007fb000000| PB 0x00000007fb800000| Untracked 
|2039|0x00000007fb800000, 0x00000007fc000000, 0x00000007fc000000|100%| O|  |TAMS 0x00000007fb800000| PB 0x00000007fc000000| Untracked 
|2040|0x00000007fc000000, 0x00000007fc800000, 0x00000007fc800000|100%| O|  |TAMS 0x00000007fc000000| PB 0x00000007fc800000| Untracked 
|2041|0x00000007fc800000, 0x00000007fd000000, 0x00000007fd000000|100%| O|  |TAMS 0x00000007fc800000| PB 0x00000007fd000000| Untracked 
|2042|0x00000007fd000000, 0x00000007fd800000, 0x00000007fd800000|100%| O|  |TAMS 0x00000007fd000000| PB 0x00000007fd800000| Untracked 
|2043|0x00000007fd800000, 0x00000007fe000000, 0x00000007fe000000|100%| O|  |TAMS 0x00000007fd800000| PB 0x00000007fe000000| Untracked 
|2044|0x00000007fe000000, 0x00000007fe800000, 0x00000007fe800000|100%| O|  |TAMS 0x00000007fe000000| PB 0x00000007fe800000| Untracked 
|2045|0x00000007fe800000, 0x00000007ff000000, 0x00000007ff000000|100%| O|  |TAMS 0x00000007fe800000| PB 0x00000007ff000000| Untracked 
|2046|0x00000007ff000000, 0x00000007ff800000, 0x00000007ff800000|100%| O|  |TAMS 0x00000007ff000000| PB 0x00000007ff800000| Untracked 
|2047|0x00000007ff800000, 0x0000000800000000, 0x0000000800000000|100%| O|  |TAMS 0x00000007ff800000| PB 0x0000000800000000| Untracked 

Card table byte_map: [0x000002d9ed530000,0x000002d9ef530000] _byte_map_base: 0x000002d9eb530000

Marking Bits: (CMBitMap*) 0x000002d9ff6806b0
 Bits: [0x000002d9ef530000, 0x000002d9ff530000)

Polling page: 0x000002d9d0b90000

Metaspace:

Usage:
  Non-class:    491.22 MB used.
      Class:    147.07 MB used.
       Both:    638.28 MB used.

Virtual space:
  Non-class space:      512.00 MB reserved,     493.00 MB ( 96%) committed,  8 nodes.
      Class space:        1.00 GB reserved,     148.38 MB ( 14%) committed,  1 nodes.
             Both:        1.50 GB reserved,     641.38 MB ( 42%) committed. 

Chunk freelists:
   Non-Class:  2.42 MB
       Class:  11.53 MB
        Both:  13.95 MB

MaxMetaspaceSize: unlimited
CompressedClassSpaceSize: 1.00 GB
Initial GC threshold: 21.00 MB
Current GC threshold: 1.03 GB
CDS: on
 - commit_granule_bytes: 65536.
 - commit_granule_words: 8192.
 - virtual_space_node_default_size: 8388608.
 - enlarge_chunks_in_place: 1.
 - use_allocation_guard: 0.


Internal statistics:

num_allocs_failed_limit: 830.
num_arena_births: 6770.
num_arena_deaths: 1926.
num_vsnodes_births: 9.
num_vsnodes_deaths: 0.
num_space_committed: 10257.
num_space_uncommitted: 4.
num_chunks_returned_to_freelist: 3221.
num_chunks_taken_from_freelist: 33951.
num_chunk_merges: 1549.
num_chunk_splits: 24731.
num_chunks_enlarged: 18522.
num_inconsistent_stats: 0.

CodeHeap 'non-profiled nmethods': size=119168Kb used=27117Kb max_used=31012Kb free=92050Kb
 bounds [0x000002d9e3300000, 0x000002d9e5150000, 0x000002d9ea760000]
CodeHeap 'profiled nmethods': size=119104Kb used=36216Kb max_used=47295Kb free=82887Kb
 bounds [0x000002d9db760000, 0x000002d9de590000, 0x000002d9e2bb0000]
CodeHeap 'non-nmethods': size=7488Kb used=6456Kb max_used=6511Kb free=1031Kb
 bounds [0x000002d9e2bb0000, 0x000002d9e3220000, 0x000002d9e3300000]
CodeCache: size=245760Kb, used=69789Kb, max_used=84818Kb, free=175968Kb
 total_blobs=23842, nmethods=20072, adapters=3667, full_count=0
Compilation: enabled, stopped_count=0, restarted_count=0

Compilation events (20 events):
Event: 441.140 Thread 0x000002da4aae4a70 45283       4       dev.shadowsoffire.placebo.json.JsonUtil::checkConditions (49 bytes)
Event: 441.140 Thread 0x000002d9cd9eecb0 nmethod 45302 0x000002d9dbfc0410 code [0x000002d9dbfc0ba0, 0x000002d9dbfc50d8]
Event: 441.141 Thread 0x000002da4aae4a70 nmethod 45283 0x000002d9e40d8190 code [0x000002d9e40d8380, 0x000002d9e40d8628]
Event: 441.142 Thread 0x000002da4aae4a70 45284       4       dev.xkmc.twilightdelight.events.GeneralEventHandlers::skipLootTable (50 bytes)
Event: 441.142 Thread 0x000002d9833ab930 45309       3       com.google.gson.internal.bind.JsonTreeReader::nextString (99 bytes)
Event: 441.142 Thread 0x000002d9cd9ecaa0 45310       3       net.minecraft.world.level.storage.loot.functions.LootingEnchantFunction$Serializer::m_6821_ (8 bytes)
Event: 441.142 Thread 0x000002d9cd9ed170 45311       3       net.minecraft.world.level.storage.loot.functions.LootingEnchantFunction$Serializer::m_6821_ (32 bytes)
Event: 441.142 Thread 0x000002d9cd9eecb0 45312       3       net.minecraft.world.level.storage.loot.functions.LootingEnchantFunction::<init> (16 bytes)
Event: 441.142 Thread 0x000002d9833ab930 nmethod 45309 0x000002d9dc2d6c10 code [0x000002d9dc2d6fa0, 0x000002d9dc2d8248]
Event: 441.142 Thread 0x000002d9cd9ecaa0 nmethod 45310 0x000002d9dce94b10 code [0x000002d9dce94cc0, 0x000002d9dce94e18]
Event: 441.143 Thread 0x000002d9cd9eecb0 nmethod 45312 0x000002d9dce95410 code [0x000002d9dce955e0, 0x000002d9dce95920]
Event: 441.143 Thread 0x000002da4aae4a70 nmethod 45284 0x000002d9e35dc590 code [0x000002d9e35dc760, 0x000002d9e35dc9e0]
Event: 441.143 Thread 0x000002d9cd9ed170 nmethod 45311 0x000002d9dbe68690 code [0x000002d9dbe68a00, 0x000002d9dbe69eb8]
Event: 441.143 Thread 0x000002da4aae4a70 45308       4       net.minecraft.util.GsonHelper::m_13836_ (34 bytes)
Event: 441.143 Thread 0x000002d9833ab930 45314       3       dev.latvian.mods.kubejs.script.data.GeneratedResourcePack::m_214146_ (39 bytes)
Event: 441.143 Thread 0x000002d9833ab930 nmethod 45314 0x000002d9dc035e10 code [0x000002d9dc035fe0, 0x000002d9dc036548]
Event: 441.144 Thread 0x000002da4aae4a70 nmethod 45308 0x000002d9e3bff590 code [0x000002d9e3bff760, 0x000002d9e3bff9f0]
Event: 441.144 Thread 0x000002da4aae4a70 45299       4       net.minecraftforge.common.ForgeHooks$LootTableContext::<init> (36 bytes)
Event: 441.145 Thread 0x000002da4aae4a70 nmethod 45299 0x000002d9e43a4890 code [0x000002d9e43a4a20, 0x000002d9e43a4d10]
Event: 441.146 Thread 0x000002da4aae4a70 45300       4       net.minecraft.world.level.storage.loot.LootTable$Serializer::deserialize (145 bytes)

GC Heap History (20 events):
Event: 93.052 GC heap after
{Heap after GC invocations=51 (full 1):
 garbage-first heap   total 16777216K, used 6248864K [0x0000000400000000, 0x0000000800000000)
  region size 8192K, 0 young (0K), 0 survivors (0K)
 Metaspace       used 615515K, committed 620544K, reserved 1572864K
  class space    used 144256K, committed 146176K, reserved 1048576K
}
Event: 95.091 GC heap before
{Heap before GC invocations=51 (full 1):
 garbage-first heap   total 16777216K, used 7993760K [0x0000000400000000, 0x0000000800000000)
  region size 8192K, 214 young (1753088K), 0 survivors (0K)
 Metaspace       used 615523K, committed 620544K, reserved 1572864K
  class space    used 144258K, committed 146176K, reserved 1048576K
}
Event: 95.130 GC heap after
{Heap after GC invocations=52 (full 1):
 garbage-first heap   total 16777216K, used 6473244K [0x0000000400000000, 0x0000000800000000)
  region size 8192K, 28 young (229376K), 28 survivors (229376K)
 Metaspace       used 615523K, committed 620544K, reserved 1572864K
  class space    used 144258K, committed 146176K, reserved 1048576K
}
Event: 104.818 GC heap before
{Heap before GC invocations=53 (full 1):
 garbage-first heap   total 16777216K, used 14763548K [0x0000000400000000, 0x0000000800000000)
  region size 8192K, 1032 young (8454144K), 28 survivors (229376K)
 Metaspace       used 616284K, committed 620608K, reserved 1572864K
  class space    used 144380K, committed 146176K, reserved 1048576K
}
Event: 105.003 GC heap after
{Heap after GC invocations=54 (full 1):
 garbage-first heap   total 16777216K, used 7487287K [0x0000000400000000, 0x0000000800000000)
  region size 8192K, 129 young (1056768K), 129 survivors (1056768K)
 Metaspace       used 616284K, committed 620608K, reserved 1572864K
  class space    used 144380K, committed 146176K, reserved 1048576K
}
Event: 109.961 GC heap before
{Heap before GC invocations=54 (full 1):
 garbage-first heap   total 16777216K, used 14917431K [0x0000000400000000, 0x0000000800000000)
  region size 8192K, 1022 young (8372224K), 129 survivors (1056768K)
 Metaspace       used 616638K, committed 620608K, reserved 1572864K
  class space    used 144447K, committed 146176K, reserved 1048576K
}
Event: 110.109 GC heap after
{Heap after GC invocations=55 (full 1):
 garbage-first heap   total 16777216K, used 7865545K [0x0000000400000000, 0x0000000800000000)
  region size 8192K, 28 young (229376K), 28 survivors (229376K)
 Metaspace       used 616638K, committed 620608K, reserved 1572864K
  class space    used 144447K, committed 146176K, reserved 1048576K
}
Event: 111.347 GC heap before
{Heap before GC invocations=55 (full 1):
 garbage-first heap   total 16777216K, used 14763209K [0x0000000400000000, 0x0000000800000000)
  region size 8192K, 871 young (7135232K), 28 survivors (229376K)
 Metaspace       used 616670K, committed 620608K, reserved 1572864K
  class space    used 144454K, committed 146176K, reserved 1048576K
}
Event: 111.383 GC heap after
{Heap after GC invocations=56 (full 1):
 garbage-first heap   total 16777216K, used 7869641K [0x0000000400000000, 0x0000000800000000)
  region size 8192K, 29 young (237568K), 29 survivors (237568K)
 Metaspace       used 616670K, committed 620608K, reserved 1572864K
  class space    used 144454K, committed 146176K, reserved 1048576K
}
Event: 408.185 GC heap before
{Heap before GC invocations=57 (full 1):
 garbage-first heap   total 16777216K, used 15668425K [0x0000000400000000, 0x0000000800000000)
  region size 8192K, 945 young (7741440K), 29 survivors (237568K)
 Metaspace       used 634995K, committed 637952K, reserved 1572864K
  class space    used 147006K, committed 148288K, reserved 1048576K
}
Event: 408.300 GC heap after
{Heap after GC invocations=58 (full 1):
 garbage-first heap   total 16777216K, used 8484041K [0x0000000400000000, 0x0000000800000000)
  region size 8192K, 73 young (598016K), 73 survivors (598016K)
 Metaspace       used 634995K, committed 637952K, reserved 1572864K
  class space    used 147006K, committed 148288K, reserved 1048576K
}
Event: 438.205 GC heap before
{Heap before GC invocations=58 (full 1):
 garbage-first heap   total 16777216K, used 13366473K [0x0000000400000000, 0x0000000800000000)
  region size 8192K, 670 young (5488640K), 73 survivors (598016K)
 Metaspace       used 640535K, committed 643520K, reserved 1572864K
  class space    used 148099K, committed 149376K, reserved 1048576K
}
Event: 438.287 GC heap after
{Heap after GC invocations=59 (full 1):
 garbage-first heap   total 16777216K, used 8603283K [0x0000000400000000, 0x0000000800000000)
  region size 8192K, 61 young (499712K), 61 survivors (499712K)
 Metaspace       used 640535K, committed 643520K, reserved 1572864K
  class space    used 148099K, committed 149376K, reserved 1048576K
}
Event: 440.462 GC heap before
{Heap before GC invocations=60 (full 1):
 garbage-first heap   total 16777216K, used 15369875K [0x0000000400000000, 0x0000000800000000)
  region size 8192K, 918 young (7520256K), 61 survivors (499712K)
 Metaspace       used 652770K, committed 655936K, reserved 1572864K
  class space    used 150478K, committed 151808K, reserved 1048576K
}
Event: 440.534 GC heap after
{Heap after GC invocations=61 (full 1):
 garbage-first heap   total 16777216K, used 8590995K [0x0000000400000000, 0x0000000800000000)
  region size 8192K, 90 young (737280K), 90 survivors (737280K)
 Metaspace       used 652770K, committed 655936K, reserved 1572864K
  class space    used 150478K, committed 151808K, reserved 1048576K
}
Event: 440.979 GC heap before
{Heap before GC invocations=61 (full 1):
 garbage-first heap   total 16777216K, used 15693459K [0x0000000400000000, 0x0000000800000000)
  region size 8192K, 958 young (7847936K), 90 survivors (737280K)
 Metaspace       used 653573K, committed 656704K, reserved 1572864K
  class space    used 150595K, committed 151936K, reserved 1048576K
}
Event: 441.108 GC heap after
{Heap after GC invocations=62 (full 1):
 garbage-first heap   total 16777216K, used 16245961K [0x0000000400000000, 0x0000000800000000)
  region size 8192K, 79 young (647168K), 79 survivors (647168K)
 Metaspace       used 653573K, committed 656704K, reserved 1572864K
  class space    used 150595K, committed 151936K, reserved 1048576K
}
Event: 441.148 GC heap before
{Heap before GC invocations=62 (full 1):
 garbage-first heap   total 16777216K, used 16663753K [0x0000000400000000, 0x0000000800000000)
  region size 8192K, 130 young (1064960K), 79 survivors (647168K)
 Metaspace       used 653603K, committed 656768K, reserved 1572864K
  class space    used 150596K, committed 151936K, reserved 1048576K
}
Event: 441.216 GC heap after
{Heap after GC invocations=63 (full 1):
 garbage-first heap   total 16777216K, used 16721097K [0x0000000400000000, 0x0000000800000000)
  region size 8192K, 2 young (16384K), 2 survivors (16384K)
 Metaspace       used 653603K, committed 656768K, reserved 1572864K
  class space    used 150596K, committed 151936K, reserved 1048576K
}
Event: 441.216 GC heap before
{Heap before GC invocations=63 (full 1):
 garbage-first heap   total 16777216K, used 16721097K [0x0000000400000000, 0x0000000800000000)
  region size 8192K, 2 young (16384K), 2 survivors (16384K)
 Metaspace       used 653603K, committed 656768K, reserved 1572864K
  class space    used 150596K, committed 151936K, reserved 1048576K
}

Dll operation events (18 events):
Event: 0.004 Loaded shared library C:\Program Files\Microsoft\jdk-21.0.11.10-hotspot\bin\java.dll
Event: 0.036 Loaded shared library C:\Program Files\Microsoft\jdk-21.0.11.10-hotspot\bin\jsvml.dll
Event: 0.071 Loaded shared library C:\Program Files\Microsoft\jdk-21.0.11.10-hotspot\bin\net.dll
Event: 0.072 Loaded shared library C:\Program Files\Microsoft\jdk-21.0.11.10-hotspot\bin\nio.dll
Event: 0.074 Loaded shared library C:\Program Files\Microsoft\jdk-21.0.11.10-hotspot\bin\zip.dll
Event: 0.114 Loaded shared library C:\Program Files\Microsoft\jdk-21.0.11.10-hotspot\bin\jimage.dll
Event: 0.531 Loaded shared library C:\Program Files\Microsoft\jdk-21.0.11.10-hotspot\bin\verify.dll
Event: 1.485 Loaded shared library C:\Program Files\Microsoft\jdk-21.0.11.10-hotspot\bin\management.dll
Event: 1.486 Loaded shared library C:\Program Files\Microsoft\jdk-21.0.11.10-hotspot\bin\management_ext.dll
Event: 3.237 Loaded shared library C:\Users\lazer\AppData\Local\Temp\lwjgllazer\3.3.1-build-7\lwjgl.dll
Event: 3.442 Loaded shared library C:\Users\lazer\AppData\Local\Temp\lwjgllazer\3.3.1-build-7\lwjgl_opengl.dll
Event: 3.548 Loaded shared library C:\Users\lazer\AppData\Local\Temp\lwjgllazer\3.3.1-build-7\lwjgl_stb.dll
Event: 9.018 Loaded shared library C:\Users\lazer\AppData\Local\Temp\jna-102750482\jna9220529864903327448.dll
Event: 12.368 Loaded shared library C:\Program Files\Microsoft\jdk-21.0.11.10-hotspot\bin\sunmscapi.dll
Event: 12.388 Loaded shared library C:\Program Files\Microsoft\jdk-21.0.11.10-hotspot\bin\extnet.dll
Event: 19.274 Loaded shared library C:\Users\lazer\AppData\Local\Temp\native-9167046782604471355.dll
Event: 19.303 Loading shared library C:\Users\lazer\AppData\Local\Temp\native-12018712680561410957.dll failed, error code 126
Event: 51.188 Loaded shared library C:\Program Files\Microsoft\jdk-21.0.11.10-hotspot\bin\awt.dll

Deoptimization events (20 events):
Event: 440.961 Thread 0x000002da49c28720 Uncommon trap: trap_request=0xffffffc6 fr.pc=0x000002d9e4751a6c relative=0x00000000000001ac
Event: 440.961 Thread 0x000002da49c28720 Uncommon trap: reason=bimorphic_or_optimized_type_check action=maybe_recompile pc=0x000002d9e4751a6c method=com.google.common.collect.RegularImmutableMap.get(Ljava/lang/Object;[Lcom/google/common/collect/ImmutableMapEntry;I)Ljava/lang/Object; @ 54 c2
Event: 440.961 Thread 0x000002da49c28720 DEOPT PACKING pc=0x000002d9e4751a6c sp=0x000000e49c7fd820
Event: 440.961 Thread 0x000002da49c28720 DEOPT UNPACKING pc=0x000002d9e2c04422 sp=0x000000e49c7fd7a0 mode 2
Event: 440.961 Thread 0x000002da49c28720 Uncommon trap: trap_request=0xffffffde fr.pc=0x000002d9e3c84534 relative=0x0000000000000094
Event: 440.961 Thread 0x000002da49c28720 Uncommon trap: reason=class_check action=maybe_recompile pc=0x000002d9e3c84534 method=com.mojang.serialization.Decoder.decode(Lcom/mojang/serialization/Dynamic;)Lcom/mojang/serialization/DataResult; @ 9 c2
Event: 440.961 Thread 0x000002da49c28720 DEOPT PACKING pc=0x000002d9e3c84534 sp=0x000000e49c7fd780
Event: 440.961 Thread 0x000002da49c28720 DEOPT UNPACKING pc=0x000002d9e2c04422 sp=0x000000e49c7fd710 mode 2
Event: 441.114 Thread 0x000002da49c28720 Uncommon trap: trap_request=0xffffff45 fr.pc=0x000002d9e3e9b934 relative=0x0000000000000114
Event: 441.114 Thread 0x000002da49c28720 Uncommon trap: reason=unstable_if action=reinterpret pc=0x000002d9e3e9b934 method=it.unimi.dsi.fastutil.objects.Object2IntArrayMap.getInt(Ljava/lang/Object;)I @ 24 c2
Event: 441.114 Thread 0x000002da49c28720 DEOPT PACKING pc=0x000002d9e3e9b934 sp=0x000000e49c7fe3f0
Event: 441.114 Thread 0x000002da49c28720 DEOPT UNPACKING pc=0x000002d9e2c04422 sp=0x000000e49c7fe380 mode 2
Event: 441.126 Thread 0x000002da49c28720 Uncommon trap: trap_request=0xffffffc6 fr.pc=0x000002d9e4751a6c relative=0x00000000000001ac
Event: 441.126 Thread 0x000002da49c28720 Uncommon trap: reason=bimorphic_or_optimized_type_check action=maybe_recompile pc=0x000002d9e4751a6c method=com.google.common.collect.RegularImmutableMap.get(Ljava/lang/Object;[Lcom/google/common/collect/ImmutableMapEntry;I)Ljava/lang/Object; @ 54 c2
Event: 441.126 Thread 0x000002da49c28720 DEOPT PACKING pc=0x000002d9e4751a6c sp=0x000000e49c7fd820
Event: 441.126 Thread 0x000002da49c28720 DEOPT UNPACKING pc=0x000002d9e2c04422 sp=0x000000e49c7fd7a0 mode 2
Event: 441.126 Thread 0x000002da49c28720 Uncommon trap: trap_request=0xffffffde fr.pc=0x000002d9e3c84534 relative=0x0000000000000094
Event: 441.126 Thread 0x000002da49c28720 Uncommon trap: reason=class_check action=maybe_recompile pc=0x000002d9e3c84534 method=com.mojang.serialization.Decoder.decode(Lcom/mojang/serialization/Dynamic;)Lcom/mojang/serialization/DataResult; @ 9 c2
Event: 441.126 Thread 0x000002da49c28720 DEOPT PACKING pc=0x000002d9e3c84534 sp=0x000000e49c7fd780
Event: 441.126 Thread 0x000002da49c28720 DEOPT UNPACKING pc=0x000002d9e2c04422 sp=0x000000e49c7fd710 mode 2

Classes loaded (20 events):
Event: 439.997 Loading class jdk/jfr/internal/EventControl$NamedControl
Event: 439.997 Loading class jdk/jfr/internal/EventControl$NamedControl done
Event: 439.997 Loading class jdk/jfr/internal/settings/BooleanValue
Event: 439.997 Loading class jdk/jfr/internal/settings/BooleanValue done
Event: 439.998 Loading class jdk/jfr/internal/periodic/JVMEventTask
Event: 439.998 Loading class jdk/jfr/internal/periodic/EventTask
Event: 439.998 Loading class jdk/jfr/internal/periodic/EventTask done
Event: 439.998 Loading class jdk/jfr/internal/periodic/JVMEventTask done
Event: 440.000 Loading class jdk/jfr/internal/MirrorEvent
Event: 440.000 Loading class jdk/jfr/internal/MirrorEvent done
Event: 440.001 Loading class jdk/jfr/internal/event/EventConfiguration
Event: 440.001 Loading class jdk/jfr/internal/event/EventConfiguration done
Event: 440.002 Loading class jdk/jfr/SettingDefinition
Event: 440.002 Loading class jdk/jfr/SettingDefinition done
Event: 440.003 Loading class jdk/jfr/internal/periodic/UserEventTask
Event: 440.004 Loading class jdk/jfr/internal/periodic/JavaEventTask
Event: 440.004 Loading class jdk/jfr/internal/periodic/JavaEventTask done
Event: 440.004 Loading class jdk/jfr/internal/periodic/UserEventTask done
Event: 440.024 Loading class java/util/function/ToIntBiFunction
Event: 440.024 Loading class java/util/function/ToIntBiFunction done

Classes unloaded (20 events):
Event: 92.627 Thread 0x000002d9833592d0 Unloading class 0x000002d985033400 'java/lang/invoke/LambdaForm$MH+0x000002d985033400'
Event: 92.627 Thread 0x000002d9833592d0 Unloading class 0x000002d985033000 'java/lang/invoke/LambdaForm$MH+0x000002d985033000'
Event: 92.627 Thread 0x000002d9833592d0 Unloading class 0x000002d985032000 'java/lang/invoke/LambdaForm$MH+0x000002d985032000'
Event: 92.627 Thread 0x000002d9833592d0 Unloading class 0x000002d985031c00 'java/lang/invoke/LambdaForm$MH+0x000002d985031c00'
Event: 92.627 Thread 0x000002d9833592d0 Unloading class 0x000002d985031400 'java/lang/invoke/LambdaForm$BMH+0x000002d985031400'
Event: 92.627 Thread 0x000002d9833592d0 Unloading class 0x000002d985030000 'java/lang/invoke/LambdaForm$MH+0x000002d985030000'
Event: 92.627 Thread 0x000002d9833592d0 Unloading class 0x000002d98502f400 'java/lang/invoke/LambdaForm$MH+0x000002d98502f400'
Event: 92.627 Thread 0x000002d9833592d0 Unloading class 0x000002d98502ec00 'java/lang/invoke/LambdaForm$MH+0x000002d98502ec00'
Event: 92.627 Thread 0x000002d9833592d0 Unloading class 0x000002d98502e400 'java/lang/invoke/LambdaForm$MH+0x000002d98502e400'
Event: 92.627 Thread 0x000002d9833592d0 Unloading class 0x000002d98502dc00 'java/lang/invoke/LambdaForm$MH+0x000002d98502dc00'
Event: 92.627 Thread 0x000002d9833592d0 Unloading class 0x000002d98502d400 'java/lang/invoke/LambdaForm$MH+0x000002d98502d400'
Event: 92.627 Thread 0x000002d9833592d0 Unloading class 0x000002d98502d000 'java/lang/invoke/LambdaForm$MH+0x000002d98502d000'
Event: 92.627 Thread 0x000002d9833592d0 Unloading class 0x000002d98502c000 'java/lang/invoke/LambdaForm$MH+0x000002d98502c000'
Event: 92.627 Thread 0x000002d9833592d0 Unloading class 0x000002d98502bc00 'java/lang/invoke/LambdaForm$MH+0x000002d98502bc00'
Event: 92.627 Thread 0x000002d9833592d0 Unloading class 0x000002d98502b800 'java/lang/invoke/LambdaForm$MH+0x000002d98502b800'
Event: 92.627 Thread 0x000002d9833592d0 Unloading class 0x000002d98502ac00 'java/lang/invoke/LambdaForm$MH+0x000002d98502ac00'
Event: 92.627 Thread 0x000002d9833592d0 Unloading class 0x000002d985029400 'java/lang/invoke/LambdaForm$MH+0x000002d985029400'
Event: 92.627 Thread 0x000002d9833592d0 Unloading class 0x000002d985023000 'java/lang/invoke/LambdaForm$MH+0x000002d985023000'
Event: 92.627 Thread 0x000002d9833592d0 Unloading class 0x000002d985022000 'java/lang/invoke/LambdaForm$MH+0x000002d985022000'
Event: 92.627 Thread 0x000002d9833592d0 Unloading class 0x000002d985021000 'java/lang/invoke/LambdaForm$BMH+0x000002d985021000'

Classes redefined (0 events):
No events

Internal exceptions (20 events):
Event: 438.327 Thread 0x000002d9d303b930 Exception <a 'java/lang/NoSuchMethodError'{0x00000007fefa3490}: 'java.lang.Object java.lang.invoke.DirectMethodHandle$Holder.newInvokeSpecial(java.lang.Object, java.lang.Object, java.lang.Object, int, int, int, int)'> (0x00000007fefa3490) 
thrown [s\src\hotspot\share\interpreter\linkResolver.cpp, line 773]
Event: 438.574 Thread 0x000002d9d303b930 Exception <a 'java/lang/NoSuchMethodError'{0x00000007e399a198}: 'java.lang.Object java.lang.invoke.Invokers$Holder.linkToTargetMethod(java.lang.Object, java.lang.Object, int, int, int, int, int, int, java.lang.Object)'> (0x00000007e399a198) 
thrown [s\src\hotspot\share\interpreter\linkResolver.cpp, line 773]
Event: 438.579 Thread 0x000002d9d303b930 Exception <a 'java/lang/NoSuchMethodError'{0x00000007e3aa99b0}: 'java.lang.Object java.lang.invoke.Invokers$Holder.linkToTargetMethod(java.lang.Object, int, int, int, int, java.lang.Object)'> (0x00000007e3aa99b0) 
thrown [s\src\hotspot\share\interpreter\linkResolver.cpp, line 773]
Event: 438.584 Thread 0x000002d9d303b930 Exception <a 'java/lang/NoSuchMethodError'{0x00000007e3be1b70}: 'java.lang.Object java.lang.invoke.DirectMethodHandle$Holder.invokeSpecial(java.lang.Object, java.lang.Object, long, java.lang.Object, int)'> (0x00000007e3be1b70) 
thrown [s\src\hotspot\share\interpreter\linkResolver.cpp, line 773]
Event: 438.599 Thread 0x000002d9d303b930 Exception <a 'java/lang/IncompatibleClassChangeError'{0x00000007e2766250}: Found class java.lang.Object, but interface was expected> (0x00000007e2766250) 
thrown [s\src\hotspot\share\interpreter\linkResolver.cpp, line 840]
Event: 438.601 Thread 0x000002d9d303b930 Exception <a 'java/lang/NoSuchMethodError'{0x00000007e27e0ed8}: 'long java.lang.invoke.DirectMethodHandle$Holder.invokeStatic(java.lang.Object, int, java.lang.Object)'> (0x00000007e27e0ed8) 
thrown [s\src\hotspot\share\interpreter\linkResolver.cpp, line 773]
Event: 438.605 Thread 0x000002d9d303b930 Exception <a 'java/lang/NoSuchMethodError'{0x00000007e1ac6e40}: 'long java.lang.invoke.DirectMethodHandle$Holder.invokeStatic(java.lang.Object, int, int, java.lang.Object)'> (0x00000007e1ac6e40) 
thrown [s\src\hotspot\share\interpreter\linkResolver.cpp, line 773]
Event: 438.713 Thread 0x000002d9d303b930 Exception <a 'java/lang/NoSuchMethodError'{0x00000007daec2488}: 'java.lang.Object java.lang.invoke.DirectMethodHandle$Holder.newInvokeSpecial(java.lang.Object, long, java.lang.Object, java.lang.Object, java.lang.Object)'> (0x00000007daec2488) 
thrown [s\src\hotspot\share\interpreter\linkResolver.cpp, line 773]
Event: 438.717 Thread 0x000002d9d303b930 Exception <a 'java/lang/NoSuchMethodError'{0x00000007da073c30}: 'java.lang.Object java.lang.invoke.DirectMethodHandle$Holder.newInvokeSpecial(java.lang.Object, long, java.lang.Object, java.lang.Object)'> (0x00000007da073c30) 
thrown [s\src\hotspot\share\interpreter\linkResolver.cpp, line 773]
Event: 439.692 Thread 0x000002d9d303b930 Exception <a 'java/lang/IncompatibleClassChangeError'{0x000000074d3919a0}: Found class java.lang.Object, but interface was expected> (0x000000074d3919a0) 
thrown [s\src\hotspot\share\interpreter\linkResolver.cpp, line 840]
Event: 439.830 Thread 0x000002d9d303b930 Exception <a 'java/lang/NoSuchMethodError'{0x000000073c7cd6e8}: 'double java.lang.invoke.DirectMethodHandle$Holder.invokeStaticInit(java.lang.Object, double, int, int, int)'> (0x000000073c7cd6e8) 
thrown [s\src\hotspot\share\interpreter\linkResolver.cpp, line 773]
Event: 439.876 Thread 0x000002d9d303b930 Implicit null exception at 0x000002d9e34c0fae to 0x000002d9e34c197c
Event: 440.005 Thread 0x000002d9d303b930 Exception <a 'java/lang/NoSuchMethodError'{0x000000073771d4a0}: 'void java.lang.invoke.DirectMethodHandle$Holder.invokeInterface(java.lang.Object, java.lang.Object, java.lang.Object, java.lang.Object, java.lang.Object)'> (0x000000073771d4a0) 
thrown [s\src\hotspot\share\interpreter\linkResolver.cpp, line 773]
Event: 440.203 Thread 0x000002da7f224740 Implicit null exception at 0x000002d9e50f0841 to 0x000002d9e50f0a9c
Event: 440.211 Thread 0x000002da49c2a7f0 Implicit null exception at 0x000002d9e33319bf to 0x000002d9e3331bd8
Event: 440.277 Thread 0x000002d9d303b930 Exception <a 'java/lang/NoSuchMethodError'{0x00000007157537d0}: 'java.lang.Object java.lang.invoke.DirectMethodHandle$Holder.newInvokeSpecial(java.lang.Object, java.lang.Object, java.lang.Object, double, java.lang.Object)'> (0x00000007157537d0) 
thrown [s\src\hotspot\share\interpreter\linkResolver.cpp, line 773]
Event: 440.462 Thread 0x000002da49c2ae80 Exception <a 'sun/nio/fs/WindowsException'{0x000000063793d8a8}> (0x000000063793d8a8) 
thrown [s\src\hotspot\share\prims\jni.cpp, line 520]
Event: 440.538 Thread 0x000002da49c2ae80 Exception <a 'sun/nio/fs/WindowsException'{0x00000007ff8adc78}> (0x00000007ff8adc78) 
thrown [s\src\hotspot\share\prims\jni.cpp, line 520]
Event: 440.541 Thread 0x000002da49c2ae80 Exception <a 'sun/nio/fs/WindowsException'{0x00000007ff92f790}> (0x00000007ff92f790) 
thrown [s\src\hotspot\share\prims\jni.cpp, line 520]
Event: 440.947 Thread 0x000002da7f226180 Implicit null exception at 0x000002d9e4822ea6 to 0x000002d9e4823c70

ZGC Phase Switch (0 events):
No events

VM Operations (20 events):
Event: 438.678 Executing safepoint VM operation: ICBufferFull done
Event: 439.564 Executing safepoint VM operation: G1PauseRemark
Event: 439.573 Executing safepoint VM operation: G1PauseRemark done
Event: 439.848 Executing non-safepoint VM operation: HandshakeAllThreads (Deoptimize)
Event: 439.848 Executing non-safepoint VM operation: HandshakeAllThreads (Deoptimize) done
Event: 439.850 Executing non-safepoint VM operation: HandshakeAllThreads (Deoptimize)
Event: 439.850 Executing non-safepoint VM operation: HandshakeAllThreads (Deoptimize) done
Event: 439.923 Executing safepoint VM operation: G1PauseCleanup
Event: 439.923 Executing safepoint VM operation: G1PauseCleanup done
Event: 440.172 Executing non-safepoint VM operation: HandshakeAllThreads (Deoptimize)
Event: 440.172 Executing non-safepoint VM operation: HandshakeAllThreads (Deoptimize) done
Event: 440.462 Executing safepoint VM operation: G1CollectForAllocation (G1 Evacuation Pause)
Event: 440.462 Executing safepoint VM operation: G1CollectForAllocation (G1 Evacuation Pause) done
Event: 440.462 Executing safepoint VM operation: G1CollectForAllocation (GCLocker Initiated GC)
Event: 440.534 Executing safepoint VM operation: G1CollectForAllocation (GCLocker Initiated GC) done
Event: 440.978 Executing safepoint VM operation: G1CollectForAllocation (G1 Evacuation Pause)
Event: 440.979 Executing safepoint VM operation: G1CollectForAllocation (G1 Evacuation Pause) done
Event: 440.979 Executing safepoint VM operation: G1CollectForAllocation (GCLocker Initiated GC)
Event: 441.108 Executing safepoint VM operation: G1CollectForAllocation (GCLocker Initiated GC) done
Event: 441.148 Executing safepoint VM operation: G1CollectForAllocation (G1 Evacuation Pause)

Memory protections (0 events):
No events

Nmethod flushes (20 events):
Event: 439.572 Thread 0x000002d9833592d0 flushing  nmethod 0x000002d9de4b1a10
Event: 439.572 Thread 0x000002d9833592d0 flushing  nmethod 0x000002d9de4e1710
Event: 439.572 Thread 0x000002d9833592d0 flushing  nmethod 0x000002d9de4e1a90
Event: 439.572 Thread 0x000002d9833592d0 flushing  nmethod 0x000002d9de4e3010
Event: 439.572 Thread 0x000002d9833592d0 flushing  nmethod 0x000002d9de4e5890
Event: 439.572 Thread 0x000002d9833592d0 flushing  nmethod 0x000002d9de4e5c10
Event: 439.572 Thread 0x000002d9833592d0 flushing  nmethod 0x000002d9de50f710
Event: 439.572 Thread 0x000002d9833592d0 flushing  nmethod 0x000002d9de50ff10
Event: 439.572 Thread 0x000002d9833592d0 flushing  nmethod 0x000002d9de510310
Event: 439.572 Thread 0x000002d9833592d0 flushing  nmethod 0x000002d9de510710
Event: 439.572 Thread 0x000002d9833592d0 flushing  nmethod 0x000002d9de511790
Event: 439.572 Thread 0x000002d9833592d0 flushing  nmethod 0x000002d9de514490
Event: 439.572 Thread 0x000002d9833592d0 flushing  nmethod 0x000002d9de514890
Event: 439.572 Thread 0x000002d9833592d0 flushing  nmethod 0x000002d9de516910
Event: 439.572 Thread 0x000002d9833592d0 flushing  nmethod 0x000002d9de518b90
Event: 439.572 Thread 0x000002d9833592d0 flushing  nmethod 0x000002d9de56fc90
Event: 439.572 Thread 0x000002d9833592d0 flushing  nmethod 0x000002d9de572e10
Event: 439.572 Thread 0x000002d9833592d0 flushing  nmethod 0x000002d9de573290
Event: 439.572 Thread 0x000002d9833592d0 flushing  nmethod 0x000002d9de574c10
Event: 439.572 Thread 0x000002d9833592d0 flushing  nmethod 0x000002d9de575f10

Events (20 events):
Event: 439.278 Thread 0x000002da4aae4a70 Thread exited: 0x000002da4aae4a70
Event: 439.361 Thread 0x000002da4aae65b0 Thread exited: 0x000002da4aae65b0
Event: 439.361 Thread 0x000002d9cd9e9af0 Thread exited: 0x000002d9cd9e9af0
Event: 439.741 Thread 0x000002d98338a6e0 Thread added: 0x000002da4aae7a20
Event: 439.741 Thread 0x000002d98338a6e0 Thread added: 0x000002da4aae4a70
Event: 439.877 Thread 0x000002da4aae7a20 Thread added: 0x000002da4aae9c30
Event: 439.877 Thread 0x000002da4aae4a70 Thread added: 0x000002da4aae9560
Event: 439.877 Thread 0x000002d9cd9eecb0 Thread added: 0x000002d9c983af00
Event: 439.877 Thread 0x000002d9cd9eecb0 Thread added: 0x000002d9c9838620
Event: 439.877 Thread 0x000002d9cd9eecb0 Thread added: 0x000002d9c9838cf0
Event: 440.182 Thread 0x000002da49c28720 Thread added: 0x000002da7f224dd0
Event: 440.183 Thread 0x000002d9cd64f0a0 Thread added: 0x000002da7f224740
Event: 440.184 Thread 0x000002da7f224dd0 Thread added: 0x000002da7f228250
Event: 440.184 Thread 0x000002da7f224740 Thread added: 0x000002da7f225af0
Event: 440.185 Thread 0x000002da7f228250 Thread added: 0x000002da7f226180
Event: 440.643 Thread 0x000002d9c9838cf0 Thread exited: 0x000002d9c9838cf0
Event: 440.649 Thread 0x000002d9c9838620 Thread exited: 0x000002d9c9838620
Event: 440.694 Thread 0x000002d9c983af00 Thread exited: 0x000002d9c983af00
Event: 440.699 Thread 0x000002da4aae9560 Thread exited: 0x000002da4aae9560
Event: 441.117 Thread 0x000002d98338a6e0 Thread added: 0x000002d9c983af00


Dynamic libraries:
0x00007ff75ba00000 - 0x00007ff75ba0e000 	C:\Program Files\Microsoft\jdk-21.0.11.10-hotspot\bin\javaw.exe
0x00007ffef4980000 - 0x00007ffef4be6000 	C:\WINDOWS\SYSTEM32\ntdll.dll
0x00007ffef35a0000 - 0x00007ffef3669000 	C:\WINDOWS\System32\KERNEL32.DLL
0x00007ffef21a0000 - 0x00007ffef259a000 	C:\WINDOWS\System32\KERNELBASE.dll
0x00007ffef25a0000 - 0x00007ffef26ec000 	C:\WINDOWS\System32\ucrtbase.dll
0x00007ffebcaa0000 - 0x00007ffebcab8000 	C:\Program Files\Microsoft\jdk-21.0.11.10-hotspot\bin\jli.dll
0x00007ffeb39e0000 - 0x00007ffeb39fe000 	C:\Program Files\Microsoft\jdk-21.0.11.10-hotspot\bin\VCRUNTIME140.dll
0x00007ffef3380000 - 0x00007ffef3547000 	C:\WINDOWS\System32\USER32.dll
0x00007ffef0e10000 - 0x00007ffef10a2000 	C:\WINDOWS\WinSxS\amd64_microsoft.windows.common-controls_6595b64144ccf1df_6.0.26100.8521_none_3e08b75ce33403b3\COMCTL32.dll
0x00007ffef3100000 - 0x00007ffef31a9000 	C:\WINDOWS\System32\msvcrt.dll
0x00007ffef2170000 - 0x00007ffef2197000 	C:\WINDOWS\System32\win32u.dll
0x00007ffef32d0000 - 0x00007ffef32fb000 	C:\WINDOWS\System32\GDI32.dll
0x00007ffef1e40000 - 0x00007ffef1f6b000 	C:\WINDOWS\System32\gdi32full.dll
0x00007ffef1f70000 - 0x00007ffef2013000 	C:\WINDOWS\System32\msvcp_win.dll
0x00007ffef30b0000 - 0x00007ffef30e2000 	C:\WINDOWS\System32\IMM32.DLL
0x00007ffee9f10000 - 0x00007ffee9f1c000 	C:\Program Files\Microsoft\jdk-21.0.11.10-hotspot\bin\vcruntime140_1.dll
0x00007ffe70e20000 - 0x00007ffe70ea9000 	C:\Program Files\Microsoft\jdk-21.0.11.10-hotspot\bin\msvcp140.dll
0x00007ffe445e0000 - 0x00007ffe4538e000 	C:\Program Files\Microsoft\jdk-21.0.11.10-hotspot\bin\server\jvm.dll
0x00007ffef26f0000 - 0x00007ffef27a6000 	C:\WINDOWS\System32\ADVAPI32.dll
0x00007ffef45d0000 - 0x00007ffef467a000 	C:\WINDOWS\System32\sechost.dll
0x00007ffef28b0000 - 0x00007ffef29c8000 	C:\WINDOWS\System32\RPCRT4.dll
0x00007ffef3740000 - 0x00007ffef37c0000 	C:\WINDOWS\System32\WS2_32.dll
0x00007ffee0200000 - 0x00007ffee0236000 	C:\WINDOWS\SYSTEM32\WINMM.dll
0x00007ffee9520000 - 0x00007ffee952b000 	C:\WINDOWS\SYSTEM32\VERSION.dll
0x00007ffef1a70000 - 0x00007ffef1ace000 	C:\WINDOWS\SYSTEM32\POWRPROF.dll
0x00007ffef1a50000 - 0x00007ffef1a64000 	C:\WINDOWS\SYSTEM32\UMPDC.dll
0x00007ffef0030000 - 0x00007ffef004b000 	C:\WINDOWS\SYSTEM32\kernel.appcore.dll
0x00007ffee9ed0000 - 0x00007ffee9eda000 	C:\Program Files\Microsoft\jdk-21.0.11.10-hotspot\bin\jimage.dll
0x00007ffef13c0000 - 0x00007ffef1602000 	C:\WINDOWS\SYSTEM32\DBGHELP.DLL
0x00007ffef4240000 - 0x00007ffef45c3000 	C:\WINDOWS\System32\combase.dll
0x00007ffef2fd0000 - 0x00007ffef30a9000 	C:\WINDOWS\System32\OLEAUT32.dll
0x00007ffef12b0000 - 0x00007ffef12eb000 	C:\WINDOWS\SYSTEM32\dbgcore.DLL
0x00007ffef1d90000 - 0x00007ffef1e38000 	C:\WINDOWS\System32\bcryptPrimitives.dll
0x00007ffe74860000 - 0x00007ffe74881000 	C:\Program Files\Microsoft\jdk-21.0.11.10-hotspot\bin\java.dll
0x00007ffef37d0000 - 0x00007ffef3f54000 	C:\WINDOWS\System32\SHELL32.dll
0x00007ffeeed40000 - 0x00007ffeef5c0000 	C:\WINDOWS\SYSTEM32\windows.storage.dll
0x00007ffef3f60000 - 0x00007ffef4056000 	C:\WINDOWS\System32\SHCORE.dll
0x00007ffef31b0000 - 0x00007ffef3217000 	C:\WINDOWS\System32\shlwapi.dll
0x00007ffef1b30000 - 0x00007ffef1b59000 	C:\WINDOWS\SYSTEM32\profapi.dll
0x00007ffe70950000 - 0x00007ffe70a26000 	C:\Program Files\Microsoft\jdk-21.0.11.10-hotspot\bin\jsvml.dll
0x00007ffe7ded0000 - 0x00007ffe7dee1000 	C:\Program Files\Microsoft\jdk-21.0.11.10-hotspot\bin\net.dll
0x00007ffee8f00000 - 0x00007ffee9029000 	C:\WINDOWS\SYSTEM32\WINHTTP.dll
0x00007ffef0540000 - 0x00007ffef05ac000 	C:\WINDOWS\system32\mswsock.dll
0x00007ffe78890000 - 0x00007ffe788a6000 	C:\Program Files\Microsoft\jdk-21.0.11.10-hotspot\bin\nio.dll
0x00007ffe70f50000 - 0x00007ffe70f68000 	C:\Program Files\Microsoft\jdk-21.0.11.10-hotspot\bin\zip.dll
0x00007ffef1730000 - 0x00007ffef174b000 	C:\WINDOWS\SYSTEM32\CRYPTSP.dll
0x00007ffef09e0000 - 0x00007ffef0a19000 	C:\WINDOWS\system32\rsaenh.dll
0x00007ffef05b0000 - 0x00007ffef05e3000 	C:\WINDOWS\SYSTEM32\USERENV.dll
0x00007ffef1b00000 - 0x00007ffef1b2a000 	C:\WINDOWS\SYSTEM32\bcrypt.dll
0x00007ffef0c10000 - 0x00007ffef0c1c000 	C:\WINDOWS\SYSTEM32\CRYPTBASE.dll
0x00007ffeefa50000 - 0x00007ffeefa83000 	C:\WINDOWS\SYSTEM32\IPHLPAPI.DLL
0x00007ffef46a0000 - 0x00007ffef46aa000 	C:\WINDOWS\System32\NSI.dll
0x00007ffed6a70000 - 0x00007ffed6a80000 	C:\Program Files\Microsoft\jdk-21.0.11.10-hotspot\bin\verify.dll
0x00007ffed6860000 - 0x00007ffed686a000 	C:\Program Files\Microsoft\jdk-21.0.11.10-hotspot\bin\management.dll
0x00007ffecd0a0000 - 0x00007ffecd0ac000 	C:\Program Files\Microsoft\jdk-21.0.11.10-hotspot\bin\management_ext.dll
0x00007ffef30f0000 - 0x00007ffef30f8000 	C:\WINDOWS\System32\PSAPI.DLL
0x00007ffe961d0000 - 0x00007ffe961e8000 	C:\WINDOWS\system32\napinsp.dll
0x00007ffeefa90000 - 0x00007ffeefbda000 	C:\WINDOWS\SYSTEM32\DNSAPI.dll
0x00007ffef0380000 - 0x00007ffef038d000 	C:\WINDOWS\SYSTEM32\DSPARSE.dll
0x00007ffe961a0000 - 0x00007ffe961b3000 	C:\WINDOWS\System32\winrnr.dll
0x00007ffe96170000 - 0x00007ffe96192000 	C:\WINDOWS\system32\nlansp_c.dll
0x00007ffee8850000 - 0x00007ffee8866000 	C:\WINDOWS\system32\wshbth.dll
0x00007ffee8400000 - 0x00007ffee8486000 	C:\WINDOWS\System32\fwpuclnt.dll
0x00007ffee8c60000 - 0x00007ffee8c6b000 	C:\Windows\System32\rasadhlp.dll
0x00007ffe708d0000 - 0x00007ffe70945000 	C:\Users\lazer\AppData\Local\Temp\lwjgllazer\3.3.1-build-7\lwjgl.dll
0x00007ffe58420000 - 0x00007ffe58481000 	C:\Users\lazer\AppData\Local\Temp\lwjgllazer\3.3.1-build-7\glfw.dll
0x00007ffe74aa0000 - 0x00007ffe74aeb000 	C:\WINDOWS\SYSTEM32\dinput8.dll
0x00007ffebf600000 - 0x00007ffebf61c000 	C:\WINDOWS\SYSTEM32\xinput1_4.dll
0x00007ffef1780000 - 0x00007ffef17d1000 	C:\WINDOWS\SYSTEM32\cfgmgr32.dll
0x00007ffef1750000 - 0x00007ffef177d000 	C:\WINDOWS\SYSTEM32\DEVOBJ.dll
0x00007ffeee680000 - 0x00007ffeee6af000 	C:\WINDOWS\SYSTEM32\dwmapi.dll
0x00007ffec4cb0000 - 0x00007ffec4e95000 	C:\WINDOWS\SYSTEM32\inputhost.dll
0x00007ffeed950000 - 0x00007ffeeda75000 	C:\WINDOWS\SYSTEM32\CoreMessaging.dll
0x00007ffeedfc0000 - 0x00007ffeee06a000 	C:\WINDOWS\system32\uxtheme.dll
0x00007ffef2e60000 - 0x00007ffef2fbd000 	C:\WINDOWS\System32\MSCTF.dll
0x00007ffe43430000 - 0x00007ffe4353c000 	C:\WINDOWS\SYSTEM32\opengl32.dll
0x00007ffe43400000 - 0x00007ffe4342d000 	C:\WINDOWS\SYSTEM32\GLU32.dll
0x00007ffeee0a0000 - 0x00007ffeee0e4000 	C:\WINDOWS\SYSTEM32\dxcore.dll
0x00007ffecd610000 - 0x00007ffecd62d000 	C:\WINDOWS\SYSTEM32\windows.staterepositorycore.dll
0x00007ffe40570000 - 0x00007ffe433f5000 	C:\WINDOWS\System32\DriverStore\FileRepository\nv_dispi.inf_amd64_c8bc842500fab35b\nvoglv64.dll
0x00007ffef29d0000 - 0x00007ffef2e57000 	C:\WINDOWS\System32\SETUPAPI.dll
0x00007ffef4740000 - 0x00007ffef48d8000 	C:\WINDOWS\System32\ole32.dll
0x00007ffeeded0000 - 0x00007ffeedefa000 	C:\WINDOWS\SYSTEM32\WTSAPI32.dll
0x00007ffef1c10000 - 0x00007ffef1d88000 	C:\WINDOWS\System32\CRYPT32.dll
0x00007ffef0290000 - 0x00007ffef02d9000 	C:\WINDOWS\SYSTEM32\SspiCli.dll
0x00007ffef0c20000 - 0x00007ffef0c33000 	C:\WINDOWS\SYSTEM32\msasn1.dll
0x00007ffee8ec0000 - 0x00007ffee8efb000 	C:\WINDOWS\SYSTEM32\cryptnet.dll
0x00007ffef07f0000 - 0x00007ffef085a000 	C:\WINDOWS\SYSTEM32\wldp.dll
0x00007ffef0a40000 - 0x00007ffef0bb8000 	C:\WINDOWS\SYSTEM32\drvstore.dll
0x00007ffef1380000 - 0x00007ffef13b6000 	C:\WINDOWS\SYSTEM32\ntmarta.dll
0x00007ffef20e0000 - 0x00007ffef2163000 	C:\WINDOWS\System32\WINTRUST.dll
0x00007ffef3220000 - 0x00007ffef3240000 	C:\WINDOWS\System32\imagehlp.dll
0x00007ffee25f0000 - 0x00007ffee83fd000 	C:\WINDOWS\System32\DriverStore\FileRepository\nv_dispi.inf_amd64_c8bc842500fab35b\nvgpucomp64.dll
0x00007ffdefe30000 - 0x00007ffdeff77000 	C:\WINDOWS\system32\nvspcap64.dll
0x00007ffef1810000 - 0x00007ffef1871000 	C:\WINDOWS\SYSTEM32\WINSTA.dll
0x00007ffe4a330000 - 0x00007ffe4a589000 	C:\Users\lazer\AppData\Local\Temp\lwjgllazer\3.3.1-build-7\jemalloc.dll
0x00007ffec7910000 - 0x00007ffec7a58000 	C:\WINDOWS\SYSTEM32\textinputframework.dll
0x00007ffeea4c0000 - 0x00007ffeea7a4000 	C:\WINDOWS\SYSTEM32\CoreUIComponents.dll
0x00007ffeeb1e0000 - 0x00007ffeeb34a000 	C:\WINDOWS\SYSTEM32\wintypes.dll
0x00007ffe593a0000 - 0x00007ffe593fd000 	C:\Users\lazer\AppData\Local\Temp\lwjgllazer\3.3.1-build-7\lwjgl_opengl.dll
0x00007ffe52c50000 - 0x00007ffe52cd1000 	C:\Users\lazer\AppData\Local\Temp\lwjgllazer\3.3.1-build-7\lwjgl_stb.dll
0x00007ffe6f780000 - 0x00007ffe6f7c0000 	C:\Users\lazer\AppData\Local\Temp\jna-102750482\jna9220529864903327448.dll
0x00007ffef3670000 - 0x00007ffef371e000 	C:\WINDOWS\System32\clbcatq.dll
0x00007ffed6cd0000 - 0x00007ffed6ce2000 	C:\WINDOWS\system32\wbem\wbemprox.dll
0x00007ffed60c0000 - 0x00007ffed613a000 	C:\WINDOWS\SYSTEM32\wbemcomn.dll
0x00007ffee1ee0000 - 0x00007ffee1ef5000 	C:\WINDOWS\system32\wbem\wbemsvc.dll
0x00007ffed12c0000 - 0x00007ffed13b3000 	C:\WINDOWS\system32\wbem\fastprox.dll
0x00007ffec77f0000 - 0x00007ffec780d000 	C:\WINDOWS\SYSTEM32\amsi.dll
0x00007ffec5a90000 - 0x00007ffec5b35000 	C:\ProgramData\Microsoft\Windows Defender\Platform\4.18.26050.15-0\MpOav.dll
0x00007ffecce20000 - 0x00007ffecce2e000 	C:\Program Files\Microsoft\jdk-21.0.11.10-hotspot\bin\sunmscapi.dll
0x00007ffef0cd0000 - 0x00007ffef0d00000 	C:\WINDOWS\SYSTEM32\ncrypt.dll
0x00007ffef0bc0000 - 0x00007ffef0bff000 	C:\WINDOWS\SYSTEM32\NTASN1.dll
0x00007ffe7e9a0000 - 0x00007ffe7e9a8000 	C:\WINDOWS\system32\wshunix.dll
0x00007ffeca500000 - 0x00007ffeca509000 	C:\Program Files\Microsoft\jdk-21.0.11.10-hotspot\bin\extnet.dll
0x00007ffed69a0000 - 0x00007ffed69f8000 	C:\WINDOWS\SYSTEM32\Pdh.dll
0x00007ffed6ac0000 - 0x00007ffed6ad1000 	C:\WINDOWS\System32\perfos.dll
0x00007ffeedf80000 - 0x00007ffeedf92000 	C:\WINDOWS\SYSTEM32\pfclient.dll
0x00007ffecda60000 - 0x00007ffecdb1f000 	C:\WINDOWS\SYSTEM32\mscms.dll
0x00007ffdea920000 - 0x00007ffdea969000 	C:\WINDOWS\SYSTEM32\icm32.dll
0x00007ffe6f0c0000 - 0x00007ffe6f0ed000 	C:\Users\lazer\AppData\Local\Temp\native-9167046782604471355.dll
0x00007ffe48250000 - 0x00007ffe483e7000 	C:\Users\lazer\AppData\Local\Temp\lwjgllazer\3.3.1-build-7\OpenAL.dll
0x00007ffee9470000 - 0x00007ffee9513000 	C:\WINDOWS\System32\MMDevApi.dll
0x00007ffebac00000 - 0x00007ffebad73000 	C:\WINDOWS\System32\Speech\Common\sapi.dll
0x00007ffe59550000 - 0x00007ffe596e3000 	C:\Program Files\Microsoft\jdk-21.0.11.10-hotspot\bin\awt.dll
0x00007ffeedd70000 - 0x00007ffeede10000 	C:\WINDOWS\SYSTEM32\apphelp.dll
0x00007ffedfb40000 - 0x00007ffedfcf4000 	C:\WINDOWS\SYSTEM32\AUDIOSES.DLL
0x00007ffeeeb90000 - 0x00007ffeeeba4000 	C:\WINDOWS\SYSTEM32\resourcepolicyclient.dll

JVMTI agents: none

dbghelp: loaded successfully - version: 4.0.5 - missing functions: none
symbol engine: initialized successfully - sym options: 0x614 - pdb path: .;C:\Program Files\Microsoft\jdk-21.0.11.10-hotspot\bin;C:\WINDOWS\SYSTEM32;C:\WINDOWS\WinSxS\amd64_microsoft.windows.common-controls_6595b64144ccf1df_6.0.26100.8521_none_3e08b75ce33403b3;C:\Program Files\Microsoft\jdk-21.0.11.10-hotspot\bin\server;C:\Users\lazer\AppData\Local\Temp\lwjgllazer\3.3.1-build-7;C:\WINDOWS\System32\DriverStore\FileRepository\nv_dispi.inf_amd64_c8bc842500fab35b;C:\Users\lazer\AppData\Local\Temp\jna-102750482;C:\WINDOWS\system32\wbem;C:\ProgramData\Microsoft\Windows Defender\Platform\4.18.26050.15-0;C:\Users\lazer\AppData\Local\Temp;C:\WINDOWS\System32\Speech\Common

VM Arguments:
jvm_args: -Duser.language=en -XX:HeapDumpPath=MojangTricksIntelDriversForPerformance_javaw.exe_minecraft.exe.heapdump -Xms16384m -Xmx16384m -Djava.library.path=C:/Users/lazer/AppData/Roaming/PrismLauncher/instances/Ascension of the Technomancer 3/natives 
java_command: org.prismlauncher.EntryPoint
java_class_path (initial): C:/tools/Prism Launcher/jars/NewLaunch.jar;C:/Users/lazer/AppData/Roaming/PrismLauncher/libraries/org/lwjgl/lwjgl-glfw-natives-windows-arm64/3.3.1/lwjgl-glfw-natives-windows-arm64-3.3.1.jar;C:/Users/lazer/AppData/Roaming/PrismLauncher/libraries/org/lwjgl/lwjgl-glfw-natives-windows-x86/3.3.1/lwjgl-glfw-natives-windows-x86-3.3.1.jar;C:/Users/lazer/AppData/Roaming/PrismLauncher/libraries/org/lwjgl/lwjgl-glfw-natives-windows/3.3.1/lwjgl-glfw-natives-windows-3.3.1.jar;C:/Users/lazer/AppData/Roaming/PrismLauncher/libraries/org/lwjgl/lwjgl-glfw/3.3.1/lwjgl-glfw-3.3.1.jar;C:/Users/lazer/AppData/Roaming/PrismLauncher/libraries/org/lwjgl/lwjgl-jemalloc-natives-windows-arm64/3.3.1/lwjgl-jemalloc-natives-windows-arm64-3.3.1.jar;C:/Users/lazer/AppData/Roaming/PrismLauncher/libraries/org/lwjgl/lwjgl-jemalloc-natives-windows-x86/3.3.1/lwjgl-jemalloc-natives-windows-x86-3.3.1.jar;C:/Users/lazer/AppData/Roaming/PrismLauncher/libraries/org/lwjgl/lwjgl-jemalloc-natives-windows/3.3.1/lwjgl-jemalloc-natives-windows-3.3.1.jar;C:/Users/lazer/AppData/Roaming/PrismLauncher/libraries/org/lwjgl/lwjgl-jemalloc/3.3.1/lwjgl-jemalloc-3.3.1.jar;C:/Users/lazer/AppData/Roaming/PrismLauncher/libraries/org/lwjgl/lwjgl-natives-windows-arm64/3.3.1/lwjgl-natives-windows-arm64-3.3.1.jar;C:/Users/lazer/AppData/Roaming/PrismLauncher/libraries/org/lwjgl/lwjgl-natives-windows-x86/3.3.1/lwjgl-natives-windows-x86-3.3.1.jar;C:/Users/lazer/AppData/Roaming/PrismLauncher/libraries/org/lwjgl/lwjgl-natives-windows/3.3.1/lwjgl-natives-windows-3.3.1.jar;C:/Users/lazer/AppData/Roaming/PrismLauncher/libraries/org/lwjgl/lwjgl-openal-natives-windows-arm64/3.3.1/lwjgl-openal-natives-windows-arm64-3.3.1.jar;C:/Users/lazer/AppData/Roaming/PrismLauncher/libraries/org/lwjgl/lwjgl-openal-natives-windows-x86/3.3.1/lwjgl-openal-natives-windows-x86-3.3.1.jar;C:/Users/lazer/AppData/Roaming/PrismLauncher/libraries/org/lwjgl/lwjgl-openal-natives-windows/3.3.1/lwjgl-openal-natives-windows-3.3.1.jar;C:/Users/lazer/AppData/Roaming/PrismLauncher/libraries/org/lwjgl/lwjgl-openal/3.3.1/lwjgl-openal-3.3.1.jar;C:/Users/lazer/AppData/Roaming/PrismLauncher/libraries/org/lwjgl/lwjgl-opengl-natives-windows-arm64/3.3.1/lwjgl-opengl-natives-windows-arm64-3.3.1.jar;C:/Users/lazer/AppData/Roaming/PrismLauncher/libraries/org/lwjgl/lwjgl-opengl-natives-windows-x86/3.3.1/lwjgl-opengl-natives-windows-x86-3.3.1.jar;C:/Users/lazer/AppData/Roaming/PrismLauncher/libraries/org/lwjgl/lwjgl-opengl-natives-windows/3.3.1/lwjgl-opengl-natives-windows-3.3.1.jar;C:/Users/lazer/AppData/Roaming/PrismLauncher/libraries/org/lwjgl/lwjgl-opengl/3.3.1/lwjgl-opengl-3.3.1.jar;C:/Users/lazer/AppData/Roaming/PrismLauncher/libraries/org/lwjgl/lwjgl-stb-natives-windows-arm64/3.3.1/lwjgl-stb-natives-windows-arm64-3.3.1.jar;C:/Users/lazer/AppData/Roaming/PrismLauncher/libraries/org/lwjgl/lwjgl-stb-natives-windows-x86/3.3.1/lwjgl-stb-natives-windows-x86-3.3.1.jar;C:/Users/lazer/AppData/Roaming/PrismLauncher/libraries/org/lwjgl/lwjgl-stb-natives-windows/3.3.1/lwjgl-stb-natives-windows-3.3.1.jar;C:/Users/lazer/AppData/Roaming/PrismLauncher/libraries/org/lwjgl/lwjgl-stb/3.3.1/lwjgl-stb-3.3.1.jar;C:/Users/lazer/AppData/Roaming/PrismLauncher/libraries/org/lwjgl/lwjgl-tinyfd-natives-windows-arm64/3.3.1/lwjgl-tinyfd-natives-windows-arm64-3.3.1.jar;C:/Users/lazer/AppData/Roaming/PrismLauncher/libraries/org/lwjgl/lwjgl-tinyfd-natives-windows-x86/3.3.1/lwjgl-tinyfd-natives-windows-x86-3.3.1.jar;C:/Users/lazer/AppData/Roaming/PrismLauncher/libraries/org/lwjgl/lwjgl-tinyfd-natives-windows/3.3.1/lwjgl-tinyfd-natives-windows-3.3.1.jar;C:/Users/lazer/AppData/Roaming/PrismLauncher/libraries/org/lwjgl/lwjgl-tinyfd/3.3.1/lwjgl-tinyfd-3.3.1.jar;C:/Users/lazer/AppData/Roaming/PrismLauncher/libraries/org/lwjgl/lwjgl/3.3.1/lwjgl-3.3.1.jar;C:/Users/lazer/AppData/Roaming/PrismLauncher/libraries/com/github/oshi/oshi-core/6.2.2/oshi-core-6.2.2.jar;C:/Users/lazer/AppData/Roaming/PrismLauncher/libraries/com/google/code/gson/gson/2.10/gson-2.10.jar;C:/Users/lazer/AppData/Roaming/PrismLauncher/libraries/com/google/guava/failureaccess/1.0.1/failureaccess-1.0.1.jar;C:/Users/lazer/AppData/Roaming/PrismLauncher/libraries/com/google/guava/guava/31.1-jre/guava-31.1-jre.jar;C:/Users/lazer/AppData/Roaming/PrismLauncher/libraries/com/ibm/icu/icu4j/71.1/icu4j-71.1.jar;C:/Users/lazer/AppData/Roaming/PrismLauncher/libraries/com/mojang/authlib/4.0.43/authlib-4.0.43.jar;C:/Users/lazer/AppData/Roaming/PrismLauncher/libraries/com/mojang/blocklist/1.0.10/blocklist-1.0.10.jar;C:/Users/lazer/AppData/Roaming/PrismLauncher/libraries/com/mojang/brigadier/1.1.8/brigadier-1.1.8.jar;C:/Users/lazer/AppData/Roaming/PrismLauncher/libraries/com/mojang/datafixerupper/6.0.8/datafixerupper-6.0.8.jar;C:/Users/lazer/AppData/Roaming/PrismLauncher/libraries/com/mojang/logging/1.1.1/logging-1.1.1.jar;C:/Users/lazer/AppData/Roaming/PrismLauncher/libraries/com/mojang/patchy/2.2.10/patchy-2.2.10.jar;C:/Users/lazer/AppData/Roaming/PrismLauncher/libraries/com/mojang/text2speech/1.17.9/text2speech-1.17.9.jar;C:/Users/lazer/AppData/Roaming/PrismLauncher/libraries/commons-codec/commons-codec/1.15/commons-codec-1.15.jar;C:/Users/lazer/AppData/Roaming/PrismLauncher/libraries/commons-io/commons-io/2.11.0/commons-io-2.11.0.jar;C:/Users/lazer/AppData/Roaming/PrismLauncher/libraries/commons-logging/commons-logging/1.2/commons-logging-1.2.jar;C:/Users/lazer/AppData/Roaming/PrismLauncher/libraries/io/netty/netty-buffer/4.1.82.Final/netty-buffer-4.1.82.Final.jar;C:/Users/lazer/AppData/Roaming/PrismLauncher/libraries/io/netty/netty-codec/4.1.82.Final/netty-codec-4.1.82.Final.jar;C:/Users/lazer/AppData/Roaming/PrismLauncher/libraries/io/netty/netty-common/4.1.82.Final/netty-common-4.1.82.Final.jar;C:/Users/lazer/AppData/Roaming/PrismLauncher/libraries/io/netty/netty-handler/4.1.82.Final/netty-handler-4.1.82.Final.jar;C:/Users/lazer/AppData/Roaming/PrismLauncher/libraries/io/netty/netty-resolver/4.1.82.Final/netty-resolver-4.1.82.Final.jar;C:/Users/lazer/AppData/Roaming/PrismLauncher/libraries/io/netty/netty-transport-classes-epoll/4.1.82.Final/netty-transport-classes-epoll-4.1.82.Final.jar;C:/Users/lazer/AppData/Roaming/PrismLauncher/libraries/io/netty/netty-transport-native-unix-common/4.1.82.Final/netty-transport-native-unix-common-4.1.82.Final.jar;C:/Users/lazer/AppData/Roaming/PrismLauncher/libraries/io/netty/netty-transport/4.1.82.Final/netty-transport-4.1.82.Final.jar;C:/Users/lazer/AppData/Roaming/PrismLauncher/libraries/it/unimi/dsi/fastutil/8.5.9/fastutil-8.5.9.jar;C:/Users/lazer/AppData/Roaming/PrismLauncher/libraries/net/java/dev/jna/jna-platform/5.12.1/jna-platform-5.12.1.jar;C:/Users/lazer/AppData/Roaming/PrismLauncher/libraries/net/java/dev/jna/jna/5.12.1/jna-5.12.1.jar;C:/Users/lazer/AppData/Roaming/PrismLauncher/libraries/net/sf/jopt-simple/jopt-simple/5.0.4/jopt-simple-5.0.4.jar;C:/Users/lazer/AppData/Roaming/PrismLauncher/libraries/org/apache/commons/commons-compress/1.21/commons-compress-1.21.jar;C:/Users/lazer/AppData/Roaming/PrismLauncher/libraries/org/apache/commons/commons-lang3/3.12.0/commons-lang3-3.12.0.jar;C:/Users/lazer/AppData/Roaming/PrismLauncher/libraries/org/apache/httpcomponents/httpclient/4.5.13/httpclient-4.5.13.jar;C:/Users/lazer/AppData/Roaming/PrismLauncher/libraries/org/apache/httpcomponents/httpcore/4.4.15/httpcore-4.4.15.jar;C:/Users/lazer/AppData/Roaming/PrismLauncher/libraries/org/apache/logging/log4j/log4j-api/2.19.0/log4j-api-2.19.0.jar;C:/Users/lazer/AppData/Roaming/PrismLauncher/libraries/org/apache/logging/log4j/log4j-core/2.19.0/log4j-core-2.19.0.jar;C:/Users/lazer/AppData/Roaming/PrismLauncher/libraries/org/apache/logging/log4j/log4j-slf4j2-impl/2.19.0/log4j-slf4j2-impl-2.19.0.jar;C:/Users/lazer/AppData/Roaming/PrismLauncher/libraries/org/joml/joml/1.10.5/joml-1.10.5.jar;C:/Users/lazer/AppData/Roaming/PrismLauncher/libraries/org/slf4j/slf4j-api/2.0.1/slf4j-api-2.0.1.jar;C:/Users/lazer/AppData/Roaming/PrismLauncher/libraries/io/github/zekerzhayard/ForgeWrapper/prism-2025-12-07/ForgeWrapper-prism-2025-12-07.jar;C:/Users/lazer/AppData/Roaming/PrismLauncher/libraries/cpw/mods/securejarhandler/2.1.10/securejarhandler-2.1.10.jar;C:/Users/lazer/AppData/Roaming/PrismLauncher/libraries/org/ow2/asm/asm/9.9.1/asm-9.9.1.jar;C:/Users/lazer/AppData/Roaming/PrismLauncher/libraries/org/ow2/asm/asm-commons/9.9.1/asm-commons-9.9.1.jar;C:/Users/lazer/AppData/Roaming/PrismLauncher/libraries/org/ow2/asm/asm-tree/9.9.1/asm-tree-9.9.1.jar;C:/Users/lazer/AppData/Roaming/PrismLauncher/libraries/org/ow2/asm/asm-util/9.9.1/asm-util-9.9.1.jar;C:/Users/lazer/AppData/Roaming/PrismLauncher/libraries/org/ow2/asm/asm-analysis/9.9.1/asm-analysis-9.9.1.jar;C:/Users/lazer/AppData/Roaming/PrismLauncher/libraries/net/minecraftforge/accesstransformers/8.0.4/accesstransformers-8.0.4.jar;C:/Users/lazer/AppData/Roaming/PrismLauncher/libraries/org/antlr/antlr4-runtime/4.9.1/antlr4-runtime-4.9.1.jar;C:/Users/lazer/AppData/Roaming/PrismLauncher/libraries/net/minecraftforge/eventbus/6.2.33/eventbus-6.2.33.jar;C:/Users/lazer/AppData/Roaming/PrismLauncher/libraries/net/minecraftforge/forgespi/7.0.1/forgespi-7.0.1.jar;C:/Users/lazer/AppData/Roaming/PrismLauncher/libraries/net/minecraftforge/coremods/5.2.4/coremods-5.2.4.jar;C:/Users/lazer/AppData/Roaming/PrismLauncher/libraries/cpw/mods/modlauncher/10.0.9/modlauncher-10.0.9.jar;C:/Users/lazer/AppData/Roaming/PrismLauncher/libraries/net/minecraftforge/unsafe/0.2.0/unsafe-0.2.0.jar;C:/Users/lazer/AppData/Roaming/PrismLauncher/libraries/net/minecraftforge/mergetool/1.1.5/mergetool-1.1.5-api.jar;C:/Users/lazer/AppData/Roaming/PrismLauncher/libraries/com/electronwill/night-config/core/3.6.4/core-3.6.4.jar;C:/Users/lazer/AppData/Roaming/PrismLauncher/libraries/com/electronwill/night-config/toml/3.6.4/toml-3.6.4.jar;C:/Users/lazer/AppData/Roaming/PrismLauncher/libraries/org/apache/maven/maven-artifact/3.8.5/maven-artifact-3.8.5.jar;C:/Users/lazer/AppData/Roaming/PrismLauncher/libraries/net/jodah/typetools/0.6.3/typetools-0.6.3.jar;C:/Users/lazer/AppData/Roaming/PrismLauncher/libraries/net/minecrell/terminalconsoleappender/1.2.0/terminalconsoleappender-1.2.0.jar;C:/Users/lazer/AppData/Roaming/PrismLauncher/libraries/org/jline/jline-reader/3.12.1/jline-reader-3.12.1.jar;C:/Users/lazer/AppData/Roaming/PrismLauncher/libraries/org/jline/jline-terminal/3.12.1/jline-terminal-3.12.1.jar;C:/Users/lazer/AppData/Roaming/PrismLauncher/libraries/org/spongepowered/mixin/0.8.5/mixin-0.8.5.jar;C:/Users/lazer/AppData/Roaming/PrismLauncher/libraries/org/openjdk/nashorn/nashorn-core/15.4/nashorn-core-15.4.jar;C:/Users/lazer/AppData/Roaming/PrismLauncher/libraries/net/minecraftforge/JarJarSelector/0.3.19/JarJarSelector-0.3.19.jar;C:/Users/lazer/AppData/Roaming/PrismLauncher/libraries/net/minecraftforge/JarJarMetadata/0.3.19/JarJarMetadata-0.3.19.jar;C:/Users/lazer/AppData/Roaming/PrismLauncher/libraries/cpw/mods/bootstraplauncher/1.1.2/bootstraplauncher-1.1.2.jar;C:/Users/lazer/AppData/Roaming/PrismLauncher/libraries/net/minecraftforge/JarJarFileSystems/0.3.19/JarJarFileSystems-0.3.19.jar;C:/Users/lazer/AppData/Roaming/PrismLauncher/libraries/net/minecraftforge/fmlloader/1.20.1-47.4.20/fmlloader-1.20.1-47.4.20.jar;C:/Users/lazer/AppData/Roaming/PrismLauncher/libraries/net/minecraftforge/fmlearlydisplay/1.20.1-47.4.20/fmlearlydisplay-1.20.1-47.4.20.jar;C:/Users/lazer/AppData/Roaming/PrismLauncher/libraries/com/mojang/minecraft/1.20.1/minecraft-1.20.1-client.jar
Launcher Type: SUN_STANDARD

[Global flags]
     intx CICompilerCount                          = 12                                        {product} {ergonomic}
     uint ConcGCThreads                            = 5                                         {product} {ergonomic}
     uint G1ConcRefinementThreads                  = 18                                        {product} {ergonomic}
   size_t G1HeapRegionSize                         = 8388608                                   {product} {ergonomic}
    uintx GCDrainStackTargetSize                   = 64                                        {product} {ergonomic}
    ccstr HeapDumpPath                             = MojangTricksIntelDriversForPerformance_javaw.exe_minecraft.exe.heapdump         {manageable} {command line}
   size_t InitialHeapSize                          = 17179869184                               {product} {command line}
   size_t MarkStackSize                            = 4194304                                   {product} {ergonomic}
   size_t MaxHeapSize                              = 17179869184                               {product} {command line}
   size_t MaxNewSize                               = 10301210624                               {product} {ergonomic}
   size_t MinHeapDeltaBytes                        = 8388608                                   {product} {ergonomic}
   size_t MinHeapSize                              = 17179869184                               {product} {command line}
    uintx NonNMethodCodeHeapSize                   = 7602480                                {pd product} {ergonomic}
    uintx NonProfiledCodeHeapSize                  = 122027880                              {pd product} {ergonomic}
    uintx ProfiledCodeHeapSize                     = 122027880                              {pd product} {ergonomic}
    uintx ReservedCodeCacheSize                    = 251658240                              {pd product} {ergonomic}
     bool SegmentedCodeCache                       = true                                      {product} {ergonomic}
   size_t SoftMaxHeapSize                          = 17179869184                            {manageable} {ergonomic}
     bool UseCompressedOops                        = true                           {product lp64_product} {ergonomic}
     bool UseG1GC                                  = true                                      {product} {ergonomic}
     bool UseLargePagesIndividualAllocation        = false                                  {pd product} {ergonomic}

Logging:
Log output configuration:
 #0: stdout all=warning uptime,level,tags foldmultilines=false
 #1: stderr all=off uptime,level,tags foldmultilines=false

Release file:
IMPLEMENTOR="Microsoft" 
IMPLEMENTOR_VERSION="Microsoft-13877171" 
JAVA_RUNTIME_VERSION="21.0.11+10-LTS" 
JAVA_VERSION="21.0.11" 
JAVA_VERSION_DATE="2026-04-21" 
LIBC="default" 
MODULES="java.base java.compiler java.datatransfer java.xml java.prefs java.desktop java.instrument java.logging java.management java.security.sasl java.naming java.rmi java.management.rmi java.net.http java.scripting java.security.jgss java.transaction.xa java.sql java.sql.rowset java.xml.crypto java.se java.smartcardio jdk.accessibility jdk.internal.jvmstat jdk.attach jdk.charsets jdk.internal.opt jdk.zipfs jdk.compiler jdk.crypto.ec jdk.crypto.cryptoki jdk.crypto.mscapi jdk.dynalink jdk.internal.ed jdk.editpad jdk.hotspot.agent jdk.httpserver jdk.incubator.vector jdk.internal.le jdk.internal.vm.ci jdk.internal.vm.compiler jdk.internal.vm.compiler.management jdk.jartool jdk.javadoc jdk.jcmd jdk.management jdk.management.agent jdk.jconsole jdk.jdeps jdk.jdwp.agent jdk.jdi jdk.jfr jdk.jlink jdk.jpackage jdk.jshell jdk.jsobject jdk.jstatd jdk.localedata jdk.management.jfr jdk.naming.dns jdk.naming.rmi jdk.net jdk.nio.mapmode jdk.random jdk.sctp jdk.security.auth jdk.security.jgss jdk.unsupported jdk.unsupported.desktop jdk.xml.dom" 
OS_ARCH="x86_64" 
OS_NAME="Windows" 
SOURCE=".:git:87e312d67249" 

Environment Variables:
PATH=C:\Program Files\Amazon Corretto\jdk1.8.0_492\bin;C:\Program Files\Microsoft\jdk-25.0.3.9-hotspot\bin;C:\Program Files\Microsoft\jdk-17.0.19.10-hotspot\bin;C:\Program Files\Microsoft\jdk-21.0.11.10-hotspot\bin;C:\Python314\Scripts\;C:\Python314\;C:\Python313\Scripts\;C:\Python313\;C:\WINDOWS\system32;C:\WINDOWS;C:\WINDOWS\System32\Wbem;C:\WINDOWS\System32\WindowsPowerShell\v1.0\;C:\WINDOWS\System32\OpenSSH\;C:\Program Files (x86)\NVIDIA Corporation\PhysX\Common;C:\Program Files\NVIDIA Corporation\NVIDIA app\NvDLISR;C:\ProgramData\chocolatey\bin;C:\Program Files\Git\cmd;C:\Program Files\Microsoft VS Code\bin;C:\Program Files\dotnet\;C:\Program Files\Amazon\AWSCLIV2\;C:\Program Files\TortoiseGit\bin;C:\Program Files\Git LFS;C:\Users\lazer\AppData\Local\Microsoft\WindowsApps
USERNAME=lazer
OS=Windows_NT
PROCESSOR_IDENTIFIER=Intel64 Family 6 Model 183 Stepping 1, GenuineIntel
TMP=C:\Users\lazer\AppData\Local\Temp
TEMP=C:\Users\lazer\AppData\Local\Temp




Periodic native trim disabled

---------------  S Y S T E M  ---------------

OS:
 Windows 11 , 64 bit Build 26100 (10.0.26100.8521)
OS uptime: 5 days 2:09 hours
Hyper-V role detected

CPU: total 24 (initial active 24) (12 cores per cpu, 2 threads per core) family 6 model 183 stepping 1 microcode 0x10e, cx8, cmov, fxsr, ht, mmx, 3dnowpref, sse, sse2, sse3, ssse3, sse4.1, sse4.2, popcnt, lzcnt, tsc, tscinvbit, avx, avx2, aes, erms, clmul, bmi1, bmi2, adx, sha, fma, vzeroupper, clflush, clflushopt, clwb, hv, serialize, rdtscp, rdpid, fsrm, f16c, cet_ibt, cet_ss
Processor Information for the first 24 processors :
  Max Mhz: 3400, Current Mhz: 3400, Mhz Limit: 3400

Memory: 4k page, system-wide physical 32509M (4069M free)
TotalPageFile size 46333M (AvailPageFile size 1990M)
current process WorkingSet (physical memory assigned to process): 19235M, peak: 19369M
current process commit charge ("private bytes"): 21634M, peak: 21699M

vm_info: OpenJDK 64-Bit Server VM (21.0.11+10-LTS) for windows-amd64 JRE (21.0.11+10-LTS), built on 2026-04-18T18:13:49Z by "MicrosoftCorporation" with MS VC++ 17.14 (VS2022)

END.
